ID,resume_text,job_text,category,job_required_skills,resume_skill_list,ai_matched_skills,ai_match_score,skill_string_match_score,fuzzy_match_score,clean_resume,clean_job,tfidf_similarity,ai_match_score_normalized,skill_string_match_score_normalized,fuzzy_match_score_normalized,baseline_merit_score,baseline_merit_percentage,rank
75329822,"         PUBLIC RELATIONS/SOCIAL MEDIA MANAGEMENT       Summary    Public Relations Manager with strong communications, event planning, media relations and social media experience within consumer brands. Solid experience establishing excellent media contacts within the beauty, fashion, and technology industries. Strong project management skills with ability to execute projects effectively and efficiently. Served as brand representative for English/Spanish speaking TV segments both nationally & regionally; appeared regularly on Access Hollywood Live, E! News, NBC San Antonio Living, ABC 7 News, Better Mornings and Miami LIVE.      Accomplishments          Experience      Public Relations/Social Media Management    07/2014   to   Current     Company Name      Public Relations and Social Media Career Highlights: Responsible for pitching and securing positive press coverage for all clients through all media platforms including TV, Print, Digital Social Media and Blogs for startups Responsibilities: Managing events, lifestyle media relations, entertainment, multicultural (AA & Hispanic), beauty and fashion, B2B, parenting, sports, natural wellness and spirits.  Executing brand awareness programs through consistent marketing efforts, product campaign events and launches.  Social Media Management.          Public Relations and Social Media Manager   11/2012   to   06/2014     Company Name      Responsible for the execution & management of strategies supporting content development, influencer marketing, events, strategic partnerships, cause marketing and social media campaigns.  Managed online and print advertising budgets up to 1M  Identified customer needs through market research and analysis.Defined project and company vision, strategies and tactics.Oversaw an average of [Number] new customer inductions per month, including keeping accurate records.Coached less experienced public relations staff members on corporate communications practices.Developed corporate communications strategies and programs, including project timelines.Conferred with production, graphic design and web-design personnel to coordinate production of corporate communications materials.Estimated project costs and monitored budgets.Developed monthly public relations and social media strategies to promote the VMU brand, philanthropy and special events.  Identified and engaged with pop culture and industry influencers to help create additional brand awareness and garner press.  Managed departmental budgets to ensure we were aligned with corporate financial goals and managed external PR agency Formalized social media strategies that grew fan base and engaged followers.  Authored attention grabbing press releases, prepared information for media kits and wrote executive speeches as needed.  Spearheaded media tours during device launches.          Public Relations/Social Media Manager   01/2009   to   06/2012     Company Name      Operated as the national and international Public Relations Manager for The Children's Place; lead all public relations and communications strategy for North America from fiscal 2009 to 2012.  Developed and executed communications plans intended to build brand awareness and synergistically drive sales for the company through the use of multi-channel, multi-partner media campaigns.  Functioned as PR Manager by defining public relations/marketing communications strategy; managed media relations, celebrity partnerships, event planning and program execution for seasonal collection launches and corporate partnership initiatives; and led impactful retail PR support programs (+sales).  Oversaw PR agency team of seven.  Managed $1.5M public relations and social media spend annually, Implemented Social Media strategies generating 1.1M fans from 2009 - 2012.  Responsibilities: Managed quarterly Fashion Shows in all major media markets across US and Canada.  Led external PR agency on tracking editorial coverage and analyzing trends.  Maintained relationships with editors and stylists to enhance brand awareness and continue to keep The Children's Place as a key player in the children's fashion category.  Managed and organize all media events to introduce new products to the press.  Communicated with all cross functional teams (sales, marketing, merchandising) before seasonal roll outs to ensure that PR efforts are aligned with company initiatives in order to drive sales in-store and online.          Public Relations Assistant Manager   01/2006   to   01/2009     Company Name      Public Relations & Events Career Highlight: Responsible for development and execution of public relations campaigns and events to maximize company's branding opportunities and charitable contribution: Mapped out strategic project plans and goals, and led cross-functional teams in execution; Developed methodologies to track/analyze initiative results and effectiveness; Created and executed email, video, intranet and other communications to direct and engage 15,000+ field employees around each initiative; Scripted CEO and senior leadership, and wrote press releases.  Responsibilities Assisted SVP in development and execution planning for special events related to seasonal collections, celebrity events, trade press, and charitable causes.  Maintained all media relationships, coordinated editor appointments, and responsible for all sample trafficking Managed PR projects as directed by SVP of PR including providing direction to vendors involved in media services, special events, etc.          Education      B.A  :   Marketing   June 2005       Berkeley College    Marketing        Skills       ","Public Relations Manager
----------------------------------------
We are seeking a strategic and creative Public Relations Manager to develop and execute comprehensive PR strategies that enhance brand reputation, manage media relationships, and drive positive public perception. This role requires a communications professional who can craft compelling narratives, secure media coverage, manage crisis communications, and coordinate integrated PR campaigns. You will be responsible for media relations, press release development, event coordination, social media strategy, and reputation management while serving as primary spokesperson for organizational communications. The ideal candidate will have exceptional writing and storytelling abilities, strong media contacts, crisis management experience, and proven track record securing meaningful media placements.
----------------------------------------
* Bachelor's degree in Public Relations, Communications, Journalism, or related field; Master's degree preferred
* Minimum 6-8 years of public relations experience with proven track record securing meaningful media coverage for organizations or clients
* Exceptional writing, editing, and storytelling skills with portfolio demonstrating press releases, pitch letters, and published placements
* Established relationships with media contacts across relevant beats including business, technology, lifestyle, or industry-specific journalists
* Strong understanding of media landscape, editorial calendars, newsroom operations, and what makes stories newsworthy
* Experience developing and executing crisis communication strategies and managing sensitive communications situations
* Proven ability to develop strategic PR campaigns that achieve measurable results and support business objectives
* Excellent verbal communication and presentation skills for media interviews, executive briefings, and stakeholder presentations
* Strong relationship-building abilities with talent for establishing trust with journalists, influencers, and key stakeholders
* Experience with media monitoring and PR measurement tools such as Cision, Meltwater, or similar platforms
* Understanding of digital PR including blogger outreach, online reputation management, and earned media in digital channels
* Strategic thinking capabilities with ability to identify opportunities, anticipate challenges, and develop proactive communication strategies
* Strong project management skills with ability to manage multiple campaigns, deadlines, and priorities simultaneously
* Experience working with C-level executives, preparing messaging, and providing media coaching
* Knowledge of industry regulations, ethical standards, and best practices governing public relations activities
* Flexibility to respond to media inquiries and manage issues outside standard business hours when necessary
----------------------------------------
* Develop and implement comprehensive public relations strategies aligned with organizational objectives, brand positioning, and communication goals
* Build and maintain strong relationships with journalists, editors, bloggers, and media outlets across print, broadcast, and digital platforms
* Write, edit, and distribute press releases, media advisories, pitch letters, and other media materials that generate coverage and tell compelling stories
* Secure media placements and interviews in target publications and outlets, pitching story ideas and facilitating journalist access to organizational spokespeople
* Monitor media coverage and public sentiment, tracking mentions, analyzing coverage tone, and providing regular reports to leadership
* Develop and implement crisis communication plans, serving as primary communications contact during issues or negative situations to protect organizational reputation
* Coordinate press conferences, media briefings, and press events including logistics, materials preparation, and spokesperson coaching
* Train executives and spokespeople on media interview techniques, message development, and effective communication strategies
* Collaborate with marketing, social media, and content teams to ensure consistent messaging across all communication channels
* Create thought leadership opportunities through op-eds, bylined articles, speaking engagements, and industry panel participation
* Manage PR agency relationships if applicable, providing direction, reviewing deliverables, and ensuring alignment with organizational priorities
* Develop content for corporate communications including executive communications, employee newsletters, and stakeholder updates
* Plan and coordinate corporate events, community engagement activities, and sponsorship activations that enhance brand visibility
* Measure and report on PR performance using metrics including media impressions, share of voice, sentiment analysis, and campaign effectiveness
",PUBLIC-RELATIONS,"['public relations', 'media relations', 'crisis communication', 'press release writing', 'media monitoring', 'PR campaign development', 'social media strategy', 'media coaching', 'digital PR', 'event coordination', 'content development', 'media measurement tools', 'executive communications', 'storytelling', 'journalism', 'media pitching', 'strategic thinking', 'communication', 'relationship building', 'presentation skills', 'flexibility', 'project management', 'creativity', 'problem solving']","['public relations', 'social media management', 'event planning', 'media relations', 'project management', 'content development', 'influencer marketing', 'strategic partnerships', 'cause marketing', 'market research', 'advertising', 'budget management', 'press releases', 'media kits', 'executive speeches', 'media tours', 'brand awareness', 'digital marketing', 'campaign management', 'customer engagement', 'cross-functional collaboration', 'editorial coverage', 'trend analysis', 'charitable contributions', 'email communications', 'video communications', 'intranet communications', 'communication', 'team leadership', 'strategic thinking', 'problem solving', 'relationship building', 'creativity', 'adaptability', 'coaching', 'analytical skills', 'attention to detail', 'time management', 'negotiation', 'collaboration', 'initiative']","['public relations', 'media relations', 'press release writing', 'media monitoring', 'PR campaign development', 'social media strategy', 'media coaching', 'digital PR', 'event coordination', 'content development', 'media measurement tools', 'executive communications', 'storytelling', 'media pitching', 'strategic thinking', 'communication', 'relationship building', 'presentation skills', 'flexibility', 'project management', 'creativity', 'problem solving']",90.88,37.5,76.52,public relations social media management summary public relations manager with strong communications event planning media relations and social media experience within consumer brands solid experience establishing excellent media contacts within the beauty fashion and technology industries strong project management skills with ability to execute projects effectively and efficiently served as brand representative for english spanish speaking tv segments both nationally regionally appeared regularly on access hollywood live e news nbc san antonio living abc 7 news better mornings and miami live accomplishments experience public relations social media management 07 2014 to current company name public relations and social media career highlights responsible for pitching and securing positive press coverage for all clients through all media platforms including tv print digital social media and blogs for startups responsibilities managing events lifestyle media relations entertainment multicultural aa hispanic beauty and fashion b2b parenting sports natural wellness and spirits executing brand awareness programs through consistent marketing efforts product campaign events and launches social media management public relations and social media manager 11 2012 to 06 2014 company name responsible for the execution management of strategies supporting content development influencer marketing events strategic partnerships cause marketing and social media campaigns managed online and print advertising budgets up to 1m identified customer needs through market research and analysis defined project and company vision strategies and tactics oversaw an average of number new customer inductions per month including keeping accurate records coached less experienced public relations staff members on corporate communications practices developed corporate communications strategies and programs including project timelines conferred with production graphic design and web design personnel to coordinate production of corporate communications materials estimated project costs and monitored budgets developed monthly public relations and social media strategies to promote the vmu brand philanthropy and special events identified and engaged with pop culture and industry influencers to help create additional brand awareness and garner press managed departmental budgets to ensure we were aligned with corporate financial goals and managed external pr agency formalized social media strategies that grew fan base and engaged followers authored attention grabbing press releases prepared information for media kits and wrote executive speeches as needed spearheaded media tours during device launches public relations social media manager 01 2009 to 06 2012 company name operated as the national and international public relations manager for the children s place lead all public relations and communications strategy for north america from fiscal 2009 to 2012 developed and executed communications plans intended to build brand awareness and synergistically drive sales for the company through the use of multi channel multi partner media campaigns functioned as pr manager by defining public relations marketing communications strategy managed media relations celebrity partnerships event planning and program execution for seasonal collection launches and corporate partnership initiatives and led impactful retail pr support programs sales oversaw pr agency team of seven managed 1 5m public relations and social media spend annually implemented social media strategies generating 1 1m fans from 2009 2012 responsibilities managed quarterly fashion shows in all major media markets across us and canada led external pr agency on tracking editorial coverage and analyzing trends maintained relationships with editors and stylists to enhance brand awareness and continue to keep the children s place as a key player in the children s fashion category managed and organize all media events to introduce new products to the press communicated with all cross functional teams sales marketing merchandising before seasonal roll outs to ensure that pr efforts are aligned with company initiatives in order to drive sales in store and online public relations assistant manager 01 2006 to 01 2009 company name public relations events career highlight responsible for development and execution of public relations campaigns and events to maximize company s branding opportunities and charitable contribution mapped out strategic project plans and goals and led cross functional teams in execution developed methodologies to track analyze initiative results and effectiveness created and executed email video intranet and other communications to direct and engage 15 000 field employees around each initiative scripted ceo and senior leadership and wrote press releases responsibilities assisted svp in development and execution planning for special events related to seasonal collections celebrity events trade press and charitable causes maintained all media relationships coordinated editor appointments and responsible for all sample trafficking managed pr projects as directed by svp of pr including providing direction to vendors involved in media services special events etc education b a marketing june 2005 berkeley college marketing skills,public relations manager we are seeking a strategic and creative public relations manager to develop and execute comprehensive pr strategies that enhance brand reputation manage media relationships and drive positive public perception this role requires a communications professional who can craft compelling narratives secure media coverage manage crisis communications and coordinate integrated pr campaigns you will be responsible for media relations press release development event coordination social media strategy and reputation management while serving as primary spokesperson for organizational communications the ideal candidate will have exceptional writing and storytelling abilities strong media contacts crisis management experience and proven track record securing meaningful media placements bachelor s degree in public relations communications journalism or related field master s degree preferred minimum 6 8 years of public relations experience with proven track record securing meaningful media coverage for organizations or clients exceptional writing editing and storytelling skills with portfolio demonstrating press releases pitch letters and published placements established relationships with media contacts across relevant beats including business technology lifestyle or industry specific journalists strong understanding of media landscape editorial calendars newsroom operations and what makes stories newsworthy experience developing and executing crisis communication strategies and managing sensitive communications situations proven ability to develop strategic pr campaigns that achieve measurable results and support business objectives excellent verbal communication and presentation skills for media interviews executive briefings and stakeholder presentations strong relationship building abilities with talent for establishing trust with journalists influencers and key stakeholders experience with media monitoring and pr measurement tools such as cision meltwater or similar platforms understanding of digital pr including blogger outreach online reputation management and earned media in digital channels strategic thinking capabilities with ability to identify opportunities anticipate challenges and develop proactive communication strategies strong project management skills with ability to manage multiple campaigns deadlines and priorities simultaneously experience working with c level executives preparing messaging and providing media coaching knowledge of industry regulations ethical standards and best practices governing public relations activities flexibility to respond to media inquiries and manage issues outside standard business hours when necessary develop and implement comprehensive public relations strategies aligned with organizational objectives brand positioning and communication goals build and maintain strong relationships with journalists editors bloggers and media outlets across print broadcast and digital platforms write edit and distribute press releases media advisories pitch letters and other media materials that generate coverage and tell compelling stories secure media placements and interviews in target publications and outlets pitching story ideas and facilitating journalist access to organizational spokespeople monitor media coverage and public sentiment tracking mentions analyzing coverage tone and providing regular reports to leadership develop and implement crisis communication plans serving as primary communications contact during issues or negative situations to protect organizational reputation coordinate press conferences media briefings and press events including logistics materials preparation and spokesperson coaching train executives and spokespeople on media interview techniques message development and effective communication strategies collaborate with marketing social media and content teams to ensure consistent messaging across all communication channels create thought leadership opportunities through op eds bylined articles speaking engagements and industry panel participation manage pr agency relationships if applicable providing direction reviewing deliverables and ensuring alignment with organizational priorities develop content for corporate communications including executive communications employee newsletters and stakeholder updates plan and coordinate corporate events community engagement activities and sponsorship activations that enhance brand visibility measure and report on pr performance using metrics including media impressions share of voice sentiment analysis and campaign effectiveness,0.49973412895987007,0.9087999999999999,0.8999280057595392,0.8645726055612769,0.6927599873200522,69.27599873200522,1
27257013,"           PUBLIC RELATIONS & COMMUNICATIONS MANAGER         Professional Summary      Public Relations Manager | Strategy | Execution | Results   Strategic, results oriented and licensed PR professional with extensive experience directing communication campaigns in both agency and in-house settings. Proven creative talent with demonstrated strength in producing and implementing media strategies. Well-versed in corporate communication, promotional support and branding. Exceptional writing, editing and interpersonal skills with internal and external audiences. Deadline-driven, tenacious and successful at thriving in high-pressure environments.       Skills          Creative writing  Strategic messaging  Team Leadership  Press Releases & Press Kits  Crisis Management  Promotion & Image      Media Relations  Campaign Development  Community Relations  Social media coordination  Problem solving  Media relations training            Work History      Public Relations & Communications Manager   ,     01/2019   to   Current     Company Name   –   City  ,   State     Direct Report to the President. Lead the development, implementation and monitoring of the work strategy aligned to the operation of the station in both internal and external   Oversee public relations activities and communications including press releases, social media, company literature, announcements, programming launches and media kits    Built a favorable brand image with customers, prospects, employees and public  Serve as primary media contact directing all publicity, viewership and consumer awareness, and image campaigns for Wapa and Wapa Deportes  Plan, develop and implement media action plans to support and positively position the company  Identify and implement creative ways to actively manage and promulgate the corporate reputation  Work with the Crisis Communications Committee to develop communications plans and strategies  Serve as primarycontact for media  Build relationships with media to facilitate communication for crisis management and other activities that may draw media interest  Identify opportunities to partner with and enhance community communication efforts  Develop a variety of communications pieces, including but not limited to fact sheets, speeches, letters and press releases  Coordinate media tours to promote special projects and new programs through internal and external outlets  Maintain an effective relationship with external parties, such as community leaders, government and media  Communicate positive and negative feedback from media/community/audience to work toward a beneficial outcome and ensure positive positioning for the company  Coordinate events for external audiences, including press conferences    Results:    Established and nurtured relationships with media representatives across all major news outlets  Developed and implemented Wapa Contigo program to reinforce community relations  Developed and managed communications campaigns for programming launches with strategic messages translated in more viewers  Partnered with non profit organizations as Susan G. Komen and SER of Puerto Rico to maximize social responsibility  Relaunched corporate and organizational culture         Public Relations Coordinator  ,     06/2011   to   01/2019     Company Name   –   City  ,   State     Direct Report to President of the Programming, Promotions and Production. Lead the internal and external communication for programming launches and established cross promotions   Developed and executed public relations campaigns that integrated with clients' marketing strategies  Wrote press releases and stories, pitched ideas to media and compiled research and reports  Arranged interviews, speaking engagements and other media opportunities  Created messages, position statements and other corporate communications based on company's objectives         Account Executive  ,     01/2005   to   06/2011     Company Name   –   City  ,   State     Direct Report to the President.   Managed up to five clients simultaneously, including International companies such as: McDonald´s and Nissan  Wrote fact sheets, press releases, talking points, letters, speeches and articles  Coordinated, managed and organized events, such as press conferences, exhibitions, meetings, launches and promotions  Performed media monitoring, analysis and ROI reports for clients and their competitors  Coordinated media tours  Trained up to three employees  Supported strategies and other corrective actions employed to solve problems and issues as part of the crisis management process  Produced over 15 public relations pieces per month, getting 90% of them published in at least two media outlets  Got more than $1M ROI publicity in a year for a client  General Editor of a corporate newsletter that was read by more than 3,000 employees         Education      Master   :   Public Relations  ,   04/2011     University of Sacred Heart   -   City             Bachelor of Arts  :   Advertising & Public Relations  ,   04/2005     University of Puerto Rico   -   City                https://www.linkedin.com/in/migdaliz-ortiz-8303653b         Affiliations      Board Member of the Public Relations Professionals Association (ARPPR) - 2019  Public Relations Professionals Association (ARPPR) member  Global Alliance member        Additional Information     • Bilingual – Oral and Written Proficiency in English & Spanish 
• Computer Knowledge - Windows; MS Office Suite (Advanced: Word, Power Point and Outlook & Intermediate: Excel)       Certifications     Communications Manager Certification - Business School of Navarra, Spain - 2010  Public Relations License R-223 since 2014       Skills      Creative writing  Strategic messaging  Team Leadership  Press Releases & Press Kits  Crisis Management  Promotion & Image    Media Relations  Campaign Development  Community Relations  Social media coordination  Problem solving  Media relations training        Work History      Public Relations & Communications Manager   ,   01/2019   to   Current     Company Name   –   City  ,   State     Direct Report to the President. Lead the development, implementation and monitoring of the work strategy aligned to the operation of the station in both internal and external   Oversee public relations activities and communications including press releases, social media, company literature, announcements, programming launches and media kits    Built a favorable brand image with customers, prospects, employees and public  Serve as primary media contact directing all publicity, viewership and consumer awareness, and image campaigns for Wapa and Wapa Deportes  Plan, develop and implement media action plans to support and positively position the company  Identify and implement creative ways to actively manage and promulgate the corporate reputation  Work with the Crisis Communications Committee to develop communications plans and strategies  Serve as primarycontact for media  Build relationships with media to facilitate communication for crisis management and other activities that may draw media interest  Identify opportunities to partner with and enhance community communication efforts  Develop a variety of communications pieces, including but not limited to fact sheets, speeches, letters and press releases  Coordinate media tours to promote special projects and new programs through internal and external outlets  Maintain an effective relationship with external parties, such as community leaders, government and media  Communicate positive and negative feedback from media/community/audience to work toward a beneficial outcome and ensure positive positioning for the company  Coordinate events for external audiences, including press conferences    Results:    Established and nurtured relationships with media representatives across all major news outlets  Developed and implemented Wapa Contigo program to reinforce community relations  Developed and managed communications campaigns for programming launches with strategic messages translated in more viewers  Partnered with non profit organizations as Susan G. Komen and SER of Puerto Rico to maximize social responsibility  Relaunched corporate and organizational culture         Public Relations Coordinator  ,   06/2011   to   01/2019     Company Name   –   City  ,   State     Direct Report to President of the Programming, Promotions and Production. Lead the internal and external communication for programming launches and established cross promotions   Developed and executed public relations campaigns that integrated with clients' marketing strategies  Wrote press releases and stories, pitched ideas to media and compiled research and reports  Arranged interviews, speaking engagements and other media opportunities  Created messages, position statements and other corporate communications based on company's objectives         Account Executive  ,   01/2005   to   06/2011     Company Name   –   City  ,   State     Direct Report to the President.   Managed up to five clients simultaneously, including International companies such as: McDonald´s and Nissan  Wrote fact sheets, press releases, talking points, letters, speeches and articles  Coordinated, managed and organized events, such as press conferences, exhibitions, meetings, launches and promotions  Performed media monitoring, analysis and ROI reports for clients and their competitors  Coordinated media tours  Trained up to three employees  Supported strategies and other corrective actions employed to solve problems and issues as part of the crisis management process  Produced over 15 public relations pieces per month, getting 90% of them published in at least two media outlets  Got more than $1M ROI publicity in a year for a client  General Editor of a corporate newsletter that was read by more than 3,000 employees      ","Public Relations Manager
----------------------------------------
We are seeking a strategic and creative Public Relations Manager to develop and execute comprehensive PR strategies that enhance brand reputation, manage media relationships, and drive positive public perception. This role requires a communications professional who can craft compelling narratives, secure media coverage, manage crisis communications, and coordinate integrated PR campaigns. You will be responsible for media relations, press release development, event coordination, social media strategy, and reputation management while serving as primary spokesperson for organizational communications. The ideal candidate will have exceptional writing and storytelling abilities, strong media contacts, crisis management experience, and proven track record securing meaningful media placements.
----------------------------------------
* Bachelor's degree in Public Relations, Communications, Journalism, or related field; Master's degree preferred
* Minimum 6-8 years of public relations experience with proven track record securing meaningful media coverage for organizations or clients
* Exceptional writing, editing, and storytelling skills with portfolio demonstrating press releases, pitch letters, and published placements
* Established relationships with media contacts across relevant beats including business, technology, lifestyle, or industry-specific journalists
* Strong understanding of media landscape, editorial calendars, newsroom operations, and what makes stories newsworthy
* Experience developing and executing crisis communication strategies and managing sensitive communications situations
* Proven ability to develop strategic PR campaigns that achieve measurable results and support business objectives
* Excellent verbal communication and presentation skills for media interviews, executive briefings, and stakeholder presentations
* Strong relationship-building abilities with talent for establishing trust with journalists, influencers, and key stakeholders
* Experience with media monitoring and PR measurement tools such as Cision, Meltwater, or similar platforms
* Understanding of digital PR including blogger outreach, online reputation management, and earned media in digital channels
* Strategic thinking capabilities with ability to identify opportunities, anticipate challenges, and develop proactive communication strategies
* Strong project management skills with ability to manage multiple campaigns, deadlines, and priorities simultaneously
* Experience working with C-level executives, preparing messaging, and providing media coaching
* Knowledge of industry regulations, ethical standards, and best practices governing public relations activities
* Flexibility to respond to media inquiries and manage issues outside standard business hours when necessary
----------------------------------------
* Develop and implement comprehensive public relations strategies aligned with organizational objectives, brand positioning, and communication goals
* Build and maintain strong relationships with journalists, editors, bloggers, and media outlets across print, broadcast, and digital platforms
* Write, edit, and distribute press releases, media advisories, pitch letters, and other media materials that generate coverage and tell compelling stories
* Secure media placements and interviews in target publications and outlets, pitching story ideas and facilitating journalist access to organizational spokespeople
* Monitor media coverage and public sentiment, tracking mentions, analyzing coverage tone, and providing regular reports to leadership
* Develop and implement crisis communication plans, serving as primary communications contact during issues or negative situations to protect organizational reputation
* Coordinate press conferences, media briefings, and press events including logistics, materials preparation, and spokesperson coaching
* Train executives and spokespeople on media interview techniques, message development, and effective communication strategies
* Collaborate with marketing, social media, and content teams to ensure consistent messaging across all communication channels
* Create thought leadership opportunities through op-eds, bylined articles, speaking engagements, and industry panel participation
* Manage PR agency relationships if applicable, providing direction, reviewing deliverables, and ensuring alignment with organizational priorities
* Develop content for corporate communications including executive communications, employee newsletters, and stakeholder updates
* Plan and coordinate corporate events, community engagement activities, and sponsorship activations that enhance brand visibility
* Measure and report on PR performance using metrics including media impressions, share of voice, sentiment analysis, and campaign effectiveness
",PUBLIC-RELATIONS,"['public relations', 'media relations', 'crisis communication', 'press release writing', 'media monitoring', 'PR campaign development', 'social media strategy', 'media coaching', 'digital PR', 'event coordination', 'content development', 'media measurement tools', 'executive communications', 'storytelling', 'journalism', 'media pitching', 'strategic thinking', 'communication', 'relationship building', 'presentation skills', 'flexibility', 'project management', 'creativity', 'problem solving']","['public relations', 'media relations', 'crisis management', 'creative writing', 'strategic messaging', 'press releases', 'campaign development', 'social media coordination', 'community relations', 'media monitoring', 'event coordination', 'media training', 'branding', 'promotional support', 'interpersonal communication', 'editing', 'communication strategy', 'roi analysis', 'corporate communication', 'publicity', 'fact sheets', 'speeches', 'letters', 'talking points', 'articles', 'corporate newsletter', 'team leadership', 'problem solving', 'deadline-driven', 'tenacity', 'high-pressure environment', 'relationship building', 'communication', 'creativity', 'strategic thinking', 'adaptability', 'collaboration', 'negotiation', 'public speaking', 'feedback management', 'crisis management', 'community engagement', 'social responsibility']","['public relations', 'media relations', 'crisis communication', 'press release writing', 'media monitoring', 'PR campaign development', 'social media strategy', 'media coaching', 'event coordination', 'content development', 'media measurement tools', 'executive communications', 'storytelling', 'journalism', 'media pitching', 'strategic thinking', 'communication', 'relationship building', 'presentation skills', 'flexibility', 'project management', 'creativity', 'problem solving']",95.79,37.5,72.76,public relations communications manager professional summary public relations manager strategy execution results strategic results oriented and licensed pr professional with extensive experience directing communication campaigns in both agency and in house settings proven creative talent with demonstrated strength in producing and implementing media strategies well versed in corporate communication promotional support and branding exceptional writing editing and interpersonal skills with internal and external audiences deadline driven tenacious and successful at thriving in high pressure environments skills creative writing strategic messaging team leadership press releases press kits crisis management promotion image media relations campaign development community relations social media coordination problem solving media relations training work history public relations communications manager 01 2019 to current company name city state direct report to the president lead the development implementation and monitoring of the work strategy aligned to the operation of the station in both internal and external oversee public relations activities and communications including press releases social media company literature announcements programming launches and media kits built a favorable brand image with customers prospects employees and public serve as primary media contact directing all publicity viewership and consumer awareness and image campaigns for wapa and wapa deportes plan develop and implement media action plans to support and positively position the company identify and implement creative ways to actively manage and promulgate the corporate reputation work with the crisis communications committee to develop communications plans and strategies serve as primarycontact for media build relationships with media to facilitate communication for crisis management and other activities that may draw media interest identify opportunities to partner with and enhance community communication efforts develop a variety of communications pieces including but not limited to fact sheets speeches letters and press releases coordinate media tours to promote special projects and new programs through internal and external outlets maintain an effective relationship with external parties such as community leaders government and media communicate positive and negative feedback from media community audience to work toward a beneficial outcome and ensure positive positioning for the company coordinate events for external audiences including press conferences results established and nurtured relationships with media representatives across all major news outlets developed and implemented wapa contigo program to reinforce community relations developed and managed communications campaigns for programming launches with strategic messages translated in more viewers partnered with non profit organizations as susan g komen and ser of puerto rico to maximize social responsibility relaunched corporate and organizational culture public relations coordinator 06 2011 to 01 2019 company name city state direct report to president of the programming promotions and production lead the internal and external communication for programming launches and established cross promotions developed and executed public relations campaigns that integrated with clients marketing strategies wrote press releases and stories pitched ideas to media and compiled research and reports arranged interviews speaking engagements and other media opportunities created messages position statements and other corporate communications based on company s objectives account executive 01 2005 to 06 2011 company name city state direct report to the president managed up to five clients simultaneously including international companies such as mcdonald s and nissan wrote fact sheets press releases talking points letters speeches and articles coordinated managed and organized events such as press conferences exhibitions meetings launches and promotions performed media monitoring analysis and roi reports for clients and their competitors coordinated media tours trained up to three employees supported strategies and other corrective actions employed to solve problems and issues as part of the crisis management process produced over 15 public relations pieces per month getting 90 of them published in at least two media outlets got more than 1m roi publicity in a year for a client general editor of a corporate newsletter that was read by more than 3 000 employees education master public relations 04 2011 university of sacred heart city bachelor of arts advertising public relations 04 2005 university of puerto rico city https www linkedin com in migdaliz ortiz 8303653b affiliations board member of the public relations professionals association arppr 2019 public relations professionals association arppr member global alliance member additional information bilingual oral and written proficiency in english spanish computer knowledge windows ms office suite advanced word power point and outlook intermediate excel certifications communications manager certification business school of navarra spain 2010 public relations license r 223 since 2014 skills creative writing strategic messaging team leadership press releases press kits crisis management promotion image media relations campaign development community relations social media coordination problem solving media relations training work history public relations communications manager 01 2019 to current company name city state direct report to the president lead the development implementation and monitoring of the work strategy aligned to the operation of the station in both internal and external oversee public relations activities and communications including press releases social media company literature announcements programming launches and media kits built a favorable brand image with customers prospects employees and public serve as primary media contact directing all publicity viewership and consumer awareness and image campaigns for wapa and wapa deportes plan develop and implement media action plans to support and positively position the company identify and implement creative ways to actively manage and promulgate the corporate reputation work with the crisis communications committee to develop communications plans and strategies serve as primarycontact for media build relationships with media to facilitate communication for crisis management and other activities that may draw media interest identify opportunities to partner with and enhance community communication efforts develop a variety of communications pieces including but not limited to fact sheets speeches letters and press releases coordinate media tours to promote special projects and new programs through internal and external outlets maintain an effective relationship with external parties such as community leaders government and media communicate positive and negative feedback from media community audience to work toward a beneficial outcome and ensure positive positioning for the company coordinate events for external audiences including press conferences results established and nurtured relationships with media representatives across all major news outlets developed and implemented wapa contigo program to reinforce community relations developed and managed communications campaigns for programming launches with strategic messages translated in more viewers partnered with non profit organizations as susan g komen and ser of puerto rico to maximize social responsibility relaunched corporate and organizational culture public relations coordinator 06 2011 to 01 2019 company name city state direct report to president of the programming promotions and production lead the internal and external communication for programming launches and established cross promotions developed and executed public relations campaigns that integrated with clients marketing strategies wrote press releases and stories pitched ideas to media and compiled research and reports arranged interviews speaking engagements and other media opportunities created messages position statements and other corporate communications based on company s objectives account executive 01 2005 to 06 2011 company name city state direct report to the president managed up to five clients simultaneously including international companies such as mcdonald s and nissan wrote fact sheets press releases talking points letters speeches and articles coordinated managed and organized events such as press conferences exhibitions meetings launches and promotions performed media monitoring analysis and roi reports for clients and their competitors coordinated media tours trained up to three employees supported strategies and other corrective actions employed to solve problems and issues as part of the crisis management process produced over 15 public relations pieces per month getting 90 of them published in at least two media outlets got more than 1m roi publicity in a year for a client general editor of a corporate newsletter that was read by more than 3 000 employees,public relations manager we are seeking a strategic and creative public relations manager to develop and execute comprehensive pr strategies that enhance brand reputation manage media relationships and drive positive public perception this role requires a communications professional who can craft compelling narratives secure media coverage manage crisis communications and coordinate integrated pr campaigns you will be responsible for media relations press release development event coordination social media strategy and reputation management while serving as primary spokesperson for organizational communications the ideal candidate will have exceptional writing and storytelling abilities strong media contacts crisis management experience and proven track record securing meaningful media placements bachelor s degree in public relations communications journalism or related field master s degree preferred minimum 6 8 years of public relations experience with proven track record securing meaningful media coverage for organizations or clients exceptional writing editing and storytelling skills with portfolio demonstrating press releases pitch letters and published placements established relationships with media contacts across relevant beats including business technology lifestyle or industry specific journalists strong understanding of media landscape editorial calendars newsroom operations and what makes stories newsworthy experience developing and executing crisis communication strategies and managing sensitive communications situations proven ability to develop strategic pr campaigns that achieve measurable results and support business objectives excellent verbal communication and presentation skills for media interviews executive briefings and stakeholder presentations strong relationship building abilities with talent for establishing trust with journalists influencers and key stakeholders experience with media monitoring and pr measurement tools such as cision meltwater or similar platforms understanding of digital pr including blogger outreach online reputation management and earned media in digital channels strategic thinking capabilities with ability to identify opportunities anticipate challenges and develop proactive communication strategies strong project management skills with ability to manage multiple campaigns deadlines and priorities simultaneously experience working with c level executives preparing messaging and providing media coaching knowledge of industry regulations ethical standards and best practices governing public relations activities flexibility to respond to media inquiries and manage issues outside standard business hours when necessary develop and implement comprehensive public relations strategies aligned with organizational objectives brand positioning and communication goals build and maintain strong relationships with journalists editors bloggers and media outlets across print broadcast and digital platforms write edit and distribute press releases media advisories pitch letters and other media materials that generate coverage and tell compelling stories secure media placements and interviews in target publications and outlets pitching story ideas and facilitating journalist access to organizational spokespeople monitor media coverage and public sentiment tracking mentions analyzing coverage tone and providing regular reports to leadership develop and implement crisis communication plans serving as primary communications contact during issues or negative situations to protect organizational reputation coordinate press conferences media briefings and press events including logistics materials preparation and spokesperson coaching train executives and spokespeople on media interview techniques message development and effective communication strategies collaborate with marketing social media and content teams to ensure consistent messaging across all communication channels create thought leadership opportunities through op eds bylined articles speaking engagements and industry panel participation manage pr agency relationships if applicable providing direction reviewing deliverables and ensuring alignment with organizational priorities develop content for corporate communications including executive communications employee newsletters and stakeholder updates plan and coordinate corporate events community engagement activities and sponsorship activations that enhance brand visibility measure and report on pr performance using metrics including media impressions share of voice sentiment analysis and campaign effectiveness,0.5214532949306802,0.9579000000000001,0.8999280057595392,0.8000343288705803,0.6907119149673179,69.07119149673179,2
16226743,"         PRESIDENT       Executive Profile    Media relations pro with compelling pitching skills, delivering top tier media and publicity results for clients. Placed media stories in thousands of international venues across multiple continents, including the Wall Street Journal, Forbes, People, Sports Illustrated, USA Today, Time and Newsweek. Booked client appearances on NBC's Today show, The Tonight Show with Jay Leno, David Letterman, Good Morning America, Oprah, and many more. Excellent written, verbal and interpersonal communicator, proficient in creating quality written material, with published articles and bylines in dozens of magazines and media outlets. Large-scale international special events management, positioning and publicity expert for Future Capitals World Summit & Expo (Abu Dhabi), the World Summit on Innovation & Entrepreneurship (WSIE, Dubai), the US-Arab Economic Forum with Colin Powell (USA), and more. Bi-culturally insightful strategist,  delivering marketing communications programs  that support growth in international markets, with experience in the Middle East & North Africa (MENA) regions, and in Central America. Innovative branding executive and savvy  problem-solver for regional, national and international clients across multiple industries, including  economic development, travel & tourism, government, energy, technology, education, financial, healthcare, and sports & entertainment. SKILLED MARKETING COMMUNICATIONS STRATEGIST AND PUBLIC RELATIONS EXECUTIVE with significant and progressive experience developing, managing and executing integrated marketing and PR campaigns for a broad range of regional, international and global clients, industries and events. Proven leader in brand development, project management, international media relations, multi-cultural marketing, special events, team building, and collateral development. Partial Client List Global Organizations Sports Marketing Healthcare PPD Clinical Research Facility, Pfizer, American Institute of Healthcare & Fitness, Medical College of Ohio, Environmental Health Perspectives Financial Capital Bank, Fifth Third Bank Government, Travel, and Tourism Environmental Health Perspectives magazine, Michigan Economic Areas of Expertise Marketing Communications Strategy Corporate Communications Brand Development & Auditing Brand Message & Image Development Multi-Cultural Marketing Special Events & Launches Project & Team Management Idea Generation Public Relations Campaigns Regional, National & Global PR Publicist & Company Spokesperson Press Conferences & Media Tours Media Training & Development Collateral Writing & Development Website Content Social Media Strategy & Content         Core Accomplishments      Directed all PR efforts, including organizing press conferences, managing special promotions, serving as media spokesperson, managing celebrity appearances and writing media releases, sponsorship, and grant proposals.  Managed media relations, sponsor relations, merchandising, co-op advertising, television syndication and sponsor fulfillment.  Successfully pitched and placed a remote feature on The Today Show, and won a Gold Award for the ""Best Press Kit"" from the International Festivals and Events Association (IFEA).        Professional Experience      President     Jan 2006   to   Current      Company Name   －   City  ,   State     An independent marketing & PR practice helping SMEs meet their business needs.  Conduct brand audits and develop results-driven business strategies to help clients define, manage and reach their business goals.  Develop and execute integrated marketing communications programs, special events and PR campaigns for multiple clients in various industries.  Provide creative oversight and development of key messaging, brand image, Web site content, and marketing collateral to effectively position clients among the media and their target audiences.         Vice President     Jan 2011   to   Jan 2012      Company Name   －   City  ,   State     A Startup company formed to capitalize on a constitutional amendment in Honduras that allowed the creation of new cities with semi-independent governance systems.  Developed strategic marketing communications campaign and multi-cultural messaging for key audiences and international media to facilitate cross-national communication and ensure global awareness of the project.  Created innovative community relations program and bi-lingual presentation to engage and nurture relationships with Honduran president and government officials, business leaders, and select media in Tegucigalpa.  Managed vendors and provided creative oversight for brand development, logo, Web site development and content, and PR partners in Central America.         Director of Brand     Jan 2004   to   Jan 2007      Company Name   －   City  ,   State     A full service marketing agency, offering public relations, advertising, and design.  Developed brand strategy and award-winning PR campaigns for the agency and its clients in the fields of healthcare, financial services, sports marketing and business to business services.  Managed the PR staff and budget, and worked closely with company president to position and launch their sports marketing division.  Improved company's market position by successfully introducing and managing the market planning and RFP processes for agency clients.  Continued.         Director of Public Relations & Agency Associate     Jan 2000   to   Jan 2004      Company Name   －   City  ,   State     Worked with president and chairman of an international chamber of commerce to enhance economic exchange and cultural understanding between public and private sectors in the US and Middle East & North Africa (MENA).  Helped company expand from vertical to horizontal markets by conducting a brand audit, brand and positioning refresh, identifying and developing profit centers, standardizing event and sponsorship structures, and favorably positioning the chamber in the international media.  LINK Led worldwide media relations efforts and facilitated network media interviews and press conferences resulting in nearly 40 million media impressions globally for The US-Arab Economic Forum's flagship event.  Worked with participating foreign ministries and government officials from the Middle East, and, the US state department and homeland security, as well as dozens of c-level executives of Fortune 500 companies including HP, Boeing, Microsoft, Cisco, OPEC, ConocoPhillips, ExxonMobile and others.  LINK Developed and executed a public relations campaign and grand opening event for professional sports venue and event stadium Ford Field in Detroit.  Created and executed a Tasting Event targeted at non-sports related conference and special event planners which generated a total of 400 leads, and resulted in nearly $5 million in revenue booked within the first six weeks after opening.  LINK Page 2 of 2 Professional Experience, cont.  A full service marketing agency, offering public relations, advertising, and design.  Developed effective communications strategies and PR campaigns for multiple events and clients in the government, economic development, travel and tourism and education sectors.  Grew the PR division and staff by managing department budget and goals, leading client presentations for new PR business pitches and RFP's, and developing a media training program.  Collaborated with multiple teams within the agency to integrate marketing efforts with PR, and was appointed to an Agency Associate team to assess and raise awareness of important interdepartmental issues and development initiatives to the senior partners.         Publicist & Director of Marketing     Jan 1996   to   Jan 2000      Company Name   －   City  ,   State     A private agent and lawyer representing the careers of select professional athletes.  Served as primary media contact, publicist and image strategist to shape and protect the brand images of World Figure Skating Champion Michelle Kwan and Olympic Gold Medal Gymnast Mary Lou Retton.  Managed all details of public and media appearances including TV appearances, book tours, photo shoots, press conferences, and commercials, and developed all marketing collateral, videos, media kits, book excerpts, scripts and speeches.  Successfully pitched Michelle Kwan for People magazine's ""50 Most Beautiful"" issue, and two issues of Sports Illustrated's exclusive Father's Day Issue.         Director of Public Relations     Jan 1992   to   Jan 1996      Company Name   －   City  ,   State     A special events company of 10 full-time employees and 1400 volunteers who producing Michigan's two largest civic events: America's Thanksgiving Parade and the International Freedom Festival & Fireworks, each attracting well over a million people.         Education      Master of Science  ,   Administration Business, Marketing    Central Michigan University   －   City  ,   State     Administration Business, Marketing       Bachelor of Applied Arts  ,   Journalism & Public Relations, Broadcasting   Journalism & Public Relations, Broadcasting       Skills    photo, advertising, Agency, book, brand strategy, brand development, budget, bi, business strategies, c, Cisco, community relations, conferences, client, clients, special events, financial, Fireworks, government, HP, image, logo, managing, market planning, marketing, market, marketing collateral, marketing communications, media relations, media training, messaging, exchange, network, positioning, presentations, press, PR, processes, producing, profit, public relations, publicist, RFP, scripts, speeches, strategist, strategic marketing, TV, Web site development and content, Web site content      Professional Affiliations    National Association of Women Business Owners Public Relations Society of America Adcraft Club Michigan Festivals & Events Association International Festivals & Events Association    ","Public Relations Manager
----------------------------------------
We are seeking a strategic and creative Public Relations Manager to develop and execute comprehensive PR strategies that enhance brand reputation, manage media relationships, and drive positive public perception. This role requires a communications professional who can craft compelling narratives, secure media coverage, manage crisis communications, and coordinate integrated PR campaigns. You will be responsible for media relations, press release development, event coordination, social media strategy, and reputation management while serving as primary spokesperson for organizational communications. The ideal candidate will have exceptional writing and storytelling abilities, strong media contacts, crisis management experience, and proven track record securing meaningful media placements.
----------------------------------------
* Bachelor's degree in Public Relations, Communications, Journalism, or related field; Master's degree preferred
* Minimum 6-8 years of public relations experience with proven track record securing meaningful media coverage for organizations or clients
* Exceptional writing, editing, and storytelling skills with portfolio demonstrating press releases, pitch letters, and published placements
* Established relationships with media contacts across relevant beats including business, technology, lifestyle, or industry-specific journalists
* Strong understanding of media landscape, editorial calendars, newsroom operations, and what makes stories newsworthy
* Experience developing and executing crisis communication strategies and managing sensitive communications situations
* Proven ability to develop strategic PR campaigns that achieve measurable results and support business objectives
* Excellent verbal communication and presentation skills for media interviews, executive briefings, and stakeholder presentations
* Strong relationship-building abilities with talent for establishing trust with journalists, influencers, and key stakeholders
* Experience with media monitoring and PR measurement tools such as Cision, Meltwater, or similar platforms
* Understanding of digital PR including blogger outreach, online reputation management, and earned media in digital channels
* Strategic thinking capabilities with ability to identify opportunities, anticipate challenges, and develop proactive communication strategies
* Strong project management skills with ability to manage multiple campaigns, deadlines, and priorities simultaneously
* Experience working with C-level executives, preparing messaging, and providing media coaching
* Knowledge of industry regulations, ethical standards, and best practices governing public relations activities
* Flexibility to respond to media inquiries and manage issues outside standard business hours when necessary
----------------------------------------
* Develop and implement comprehensive public relations strategies aligned with organizational objectives, brand positioning, and communication goals
* Build and maintain strong relationships with journalists, editors, bloggers, and media outlets across print, broadcast, and digital platforms
* Write, edit, and distribute press releases, media advisories, pitch letters, and other media materials that generate coverage and tell compelling stories
* Secure media placements and interviews in target publications and outlets, pitching story ideas and facilitating journalist access to organizational spokespeople
* Monitor media coverage and public sentiment, tracking mentions, analyzing coverage tone, and providing regular reports to leadership
* Develop and implement crisis communication plans, serving as primary communications contact during issues or negative situations to protect organizational reputation
* Coordinate press conferences, media briefings, and press events including logistics, materials preparation, and spokesperson coaching
* Train executives and spokespeople on media interview techniques, message development, and effective communication strategies
* Collaborate with marketing, social media, and content teams to ensure consistent messaging across all communication channels
* Create thought leadership opportunities through op-eds, bylined articles, speaking engagements, and industry panel participation
* Manage PR agency relationships if applicable, providing direction, reviewing deliverables, and ensuring alignment with organizational priorities
* Develop content for corporate communications including executive communications, employee newsletters, and stakeholder updates
* Plan and coordinate corporate events, community engagement activities, and sponsorship activations that enhance brand visibility
* Measure and report on PR performance using metrics including media impressions, share of voice, sentiment analysis, and campaign effectiveness
",PUBLIC-RELATIONS,"['public relations', 'media relations', 'crisis communication', 'press release writing', 'media monitoring', 'PR campaign development', 'social media strategy', 'media coaching', 'digital PR', 'event coordination', 'content development', 'media measurement tools', 'executive communications', 'storytelling', 'journalism', 'media pitching', 'strategic thinking', 'communication', 'relationship building', 'presentation skills', 'flexibility', 'project management', 'creativity', 'problem solving']","['media relations', 'public relations', 'marketing communications', 'brand development', 'project management', 'special events', 'collateral development', 'social media strategy', 'website content', 'campaign management', 'strategic marketing', 'bi-lingual presentation', 'advertising', 'client management', 'budget management', 'idea generation', 'press conferences', 'media training', 'collateral writing', 'international media relations', 'multi-cultural marketing', 'economic development', 'travel and tourism', 'healthcare', 'sports marketing', 'financial services', 'event management', 'sponsorship', 'grant proposals', 'television syndication', 'communication', 'team building', 'problem solving', 'leadership', 'interpersonal skills', 'creativity', 'strategic thinking', 'cultural insight', 'relationship building', 'negotiation', 'presentation skills', 'collaboration', 'innovative thinking']","['public relations', 'media relations', 'press release writing', 'PR campaign development', 'social media strategy', 'media coaching', 'event coordination', 'content development', 'storytelling', 'journalism', 'media pitching', 'strategic thinking', 'communication', 'relationship building', 'presentation skills', 'flexibility', 'project management', 'creativity', 'problem solving']",76.85,41.67,77.16,president executive profile media relations pro with compelling pitching skills delivering top tier media and publicity results for clients placed media stories in thousands of international venues across multiple continents including the wall street journal forbes people sports illustrated usa today time and newsweek booked client appearances on nbc s today show the tonight show with jay leno david letterman good morning america oprah and many more excellent written verbal and interpersonal communicator proficient in creating quality written material with published articles and bylines in dozens of magazines and media outlets large scale international special events management positioning and publicity expert for future capitals world summit expo abu dhabi the world summit on innovation entrepreneurship wsie dubai the us arab economic forum with colin powell usa and more bi culturally insightful strategist delivering marketing communications programs that support growth in international markets with experience in the middle east north africa mena regions and in central america innovative branding executive and savvy problem solver for regional national and international clients across multiple industries including economic development travel tourism government energy technology education financial healthcare and sports entertainment skilled marketing communications strategist and public relations executive with significant and progressive experience developing managing and executing integrated marketing and pr campaigns for a broad range of regional international and global clients industries and events proven leader in brand development project management international media relations multi cultural marketing special events team building and collateral development partial client list global organizations sports marketing healthcare ppd clinical research facility pfizer american institute of healthcare fitness medical college of ohio environmental health perspectives financial capital bank fifth third bank government travel and tourism environmental health perspectives magazine michigan economic areas of expertise marketing communications strategy corporate communications brand development auditing brand message image development multi cultural marketing special events launches project team management idea generation public relations campaigns regional national global pr publicist company spokesperson press conferences media tours media training development collateral writing development website content social media strategy content core accomplishments directed all pr efforts including organizing press conferences managing special promotions serving as media spokesperson managing celebrity appearances and writing media releases sponsorship and grant proposals managed media relations sponsor relations merchandising co op advertising television syndication and sponsor fulfillment successfully pitched and placed a remote feature on the today show and won a gold award for the best press kit from the international festivals and events association ifea professional experience president jan 2006 to current company name city state an independent marketing pr practice helping smes meet their business needs conduct brand audits and develop results driven business strategies to help clients define manage and reach their business goals develop and execute integrated marketing communications programs special events and pr campaigns for multiple clients in various industries provide creative oversight and development of key messaging brand image web site content and marketing collateral to effectively position clients among the media and their target audiences vice president jan 2011 to jan 2012 company name city state a startup company formed to capitalize on a constitutional amendment in honduras that allowed the creation of new cities with semi independent governance systems developed strategic marketing communications campaign and multi cultural messaging for key audiences and international media to facilitate cross national communication and ensure global awareness of the project created innovative community relations program and bi lingual presentation to engage and nurture relationships with honduran president and government officials business leaders and select media in tegucigalpa managed vendors and provided creative oversight for brand development logo web site development and content and pr partners in central america director of brand jan 2004 to jan 2007 company name city state a full service marketing agency offering public relations advertising and design developed brand strategy and award winning pr campaigns for the agency and its clients in the fields of healthcare financial services sports marketing and business to business services managed the pr staff and budget and worked closely with company president to position and launch their sports marketing division improved company s market position by successfully introducing and managing the market planning and rfp processes for agency clients continued director of public relations agency associate jan 2000 to jan 2004 company name city state worked with president and chairman of an international chamber of commerce to enhance economic exchange and cultural understanding between public and private sectors in the us and middle east north africa mena helped company expand from vertical to horizontal markets by conducting a brand audit brand and positioning refresh identifying and developing profit centers standardizing event and sponsorship structures and favorably positioning the chamber in the international media link led worldwide media relations efforts and facilitated network media interviews and press conferences resulting in nearly 40 million media impressions globally for the us arab economic forum s flagship event worked with participating foreign ministries and government officials from the middle east and the us state department and homeland security as well as dozens of c level executives of fortune 500 companies including hp boeing microsoft cisco opec conocophillips exxonmobile and others link developed and executed a public relations campaign and grand opening event for professional sports venue and event stadium ford field in detroit created and executed a tasting event targeted at non sports related conference and special event planners which generated a total of 400 leads and resulted in nearly 5 million in revenue booked within the first six weeks after opening link page 2 of 2 professional experience cont a full service marketing agency offering public relations advertising and design developed effective communications strategies and pr campaigns for multiple events and clients in the government economic development travel and tourism and education sectors grew the pr division and staff by managing department budget and goals leading client presentations for new pr business pitches and rfp s and developing a media training program collaborated with multiple teams within the agency to integrate marketing efforts with pr and was appointed to an agency associate team to assess and raise awareness of important interdepartmental issues and development initiatives to the senior partners publicist director of marketing jan 1996 to jan 2000 company name city state a private agent and lawyer representing the careers of select professional athletes served as primary media contact publicist and image strategist to shape and protect the brand images of world figure skating champion michelle kwan and olympic gold medal gymnast mary lou retton managed all details of public and media appearances including tv appearances book tours photo shoots press conferences and commercials and developed all marketing collateral videos media kits book excerpts scripts and speeches successfully pitched michelle kwan for people magazine s 50 most beautiful issue and two issues of sports illustrated s exclusive father s day issue director of public relations jan 1992 to jan 1996 company name city state a special events company of 10 full time employees and 1400 volunteers who producing michigan s two largest civic events america s thanksgiving parade and the international freedom festival fireworks each attracting well over a million people education master of science administration business marketing central michigan university city state administration business marketing bachelor of applied arts journalism public relations broadcasting journalism public relations broadcasting skills photo advertising agency book brand strategy brand development budget bi business strategies c cisco community relations conferences client clients special events financial fireworks government hp image logo managing market planning marketing market marketing collateral marketing communications media relations media training messaging exchange network positioning presentations press pr processes producing profit public relations publicist rfp scripts speeches strategist strategic marketing tv web site development and content web site content professional affiliations national association of women business owners public relations society of america adcraft club michigan festivals events association international festivals events association,public relations manager we are seeking a strategic and creative public relations manager to develop and execute comprehensive pr strategies that enhance brand reputation manage media relationships and drive positive public perception this role requires a communications professional who can craft compelling narratives secure media coverage manage crisis communications and coordinate integrated pr campaigns you will be responsible for media relations press release development event coordination social media strategy and reputation management while serving as primary spokesperson for organizational communications the ideal candidate will have exceptional writing and storytelling abilities strong media contacts crisis management experience and proven track record securing meaningful media placements bachelor s degree in public relations communications journalism or related field master s degree preferred minimum 6 8 years of public relations experience with proven track record securing meaningful media coverage for organizations or clients exceptional writing editing and storytelling skills with portfolio demonstrating press releases pitch letters and published placements established relationships with media contacts across relevant beats including business technology lifestyle or industry specific journalists strong understanding of media landscape editorial calendars newsroom operations and what makes stories newsworthy experience developing and executing crisis communication strategies and managing sensitive communications situations proven ability to develop strategic pr campaigns that achieve measurable results and support business objectives excellent verbal communication and presentation skills for media interviews executive briefings and stakeholder presentations strong relationship building abilities with talent for establishing trust with journalists influencers and key stakeholders experience with media monitoring and pr measurement tools such as cision meltwater or similar platforms understanding of digital pr including blogger outreach online reputation management and earned media in digital channels strategic thinking capabilities with ability to identify opportunities anticipate challenges and develop proactive communication strategies strong project management skills with ability to manage multiple campaigns deadlines and priorities simultaneously experience working with c level executives preparing messaging and providing media coaching knowledge of industry regulations ethical standards and best practices governing public relations activities flexibility to respond to media inquiries and manage issues outside standard business hours when necessary develop and implement comprehensive public relations strategies aligned with organizational objectives brand positioning and communication goals build and maintain strong relationships with journalists editors bloggers and media outlets across print broadcast and digital platforms write edit and distribute press releases media advisories pitch letters and other media materials that generate coverage and tell compelling stories secure media placements and interviews in target publications and outlets pitching story ideas and facilitating journalist access to organizational spokespeople monitor media coverage and public sentiment tracking mentions analyzing coverage tone and providing regular reports to leadership develop and implement crisis communication plans serving as primary communications contact during issues or negative situations to protect organizational reputation coordinate press conferences media briefings and press events including logistics materials preparation and spokesperson coaching train executives and spokespeople on media interview techniques message development and effective communication strategies collaborate with marketing social media and content teams to ensure consistent messaging across all communication channels create thought leadership opportunities through op eds bylined articles speaking engagements and industry panel participation manage pr agency relationships if applicable providing direction reviewing deliverables and ensuring alignment with organizational priorities develop content for corporate communications including executive communications employee newsletters and stakeholder updates plan and coordinate corporate events community engagement activities and sponsorship activations that enhance brand visibility measure and report on pr performance using metrics including media impressions share of voice sentiment analysis and campaign effectiveness,0.3787877176053864,0.7685,1.0,0.8755578441469275,0.6645054276320786,66.45054276320786,3
29775391,"         EXÉCUTIVE BANQUETTE SOUS CHEF       Professional Summary    Interested in: permanent full time, specialized in banquettes operations such as big and small events, ceremony's, massive functions, banquettes designs.  High skilled baking, pastry's, roasting, cooking, grilling, cold larder etc, garnishing, tasting, customer service. Experienced on all sections, all type of venues, cuisines, food service. Over 14 years of experience in the hospitality industry. Major experience in events, functions, catering, weddings, conventions, corporate occasions etc. Accomplished Chef with strong combination of culinary experience and management skills. Experience in high pressure kitchen environment, ensuring that the standards of hygiene are maintained & improved where possible. Ensuring excellent standard of food consistency. Demonstrated continuous commitment to reducing food & labour costs. Trained employees in food preparation procedures in line with high end establishment standards. A fast learner, flexible, highly motivated, capable of operating independently or as a willing and supportive member of a team. Get the job done. Energetic culinary professional with a blend of creativity, passion for food and exceptional cooking skills. Works well as a dynamic leader in high-pressure settings. Expert in managing kitchen staff and preparing foods at reduced cost without compromising quality and taste. Motivated  banquette sous chef offering over  13  years experience in the food industry. Focused on high standards for taste and quality, while maintaining profitable margins. Superior communication and leadership skills.      Skills          Beautiful presentation of food  Institutional and batch cooking  Cake decorating expertise  Strong attention to safe food handling procedures   [Mediterranean ]  cuisine expert  Effective planner  Extensive catering background  Food presentation talent  Hospitality and service industry background  Menu marketing expertise  Special events planning  Staff training  Skilled waitstaff  Catering  Inventory management systems  Courteous and helpful  Hotel operations and management  Event planning and coordination  POS systems  Hospitality background  Five-star hotel experience  Resort experience  Food and beverage services  Natural leader  Team building  Skilled negotiator              Work History      exécutive Banquette sous chef      01/2012  
                                to   06/2014      Company Name   –   City  ,
                              State      Reduced food costs by  18  percent by using seasonal ingredients, setting standards for portion size and minimizing waste.  Managed kitchen staff by recruiting, selecting, hiring, orienting, training, assigning, scheduling, supervising, evaluating and enforcing discipline when necessary.  Verified proper portion sizes and consistently attained high food quality standards.  Maintained a skilled kitchen staff by properly coaching, counseling and disciplining employees.  Instructed new staff in proper food preparation, food storage, use of kitchen equipment and utensils, sanitation and safety issues.  Actively involved in cost control, sanitation, menu development, training, recruitment, private dining and catering.  Ensured all staff understood expectations and parameters of kitchen goals and daily kitchen work.  Achieved and exceeded performance, budget and team goals.  Maintained smooth and timely operations in preparation and delivery of meals and kitchen sanitation.  Promptly reported any maintenance and repair issues to Executive Chef.  Recommended menu items to the Executive Chef for new dish development, holidays, special events and promotions.  Met production requirements for all aspects of banquet and outlet desserts and breakfast pastries.  Verified freshness of products upon delivery.         Head-chef     01/2008  
                                to   01/2012      Company Name   –   City  ,
                              State      Moulin Noir European bistro Running a busy café / bistro / restaurant.  Catering.  Serving over 600 meals daily.  Reducing costs for the business.  Comprehensive knowledge of food and catering trends  Accurately and efficiently prepared healthy, delicious fish, meat and vegetable-based dishes.  Verified freshness of products upon delivery.  Prepared food items consistently and in compliance with recipes, portioning, cooking and waste control guidelines.  Reduced food costs by  15  percent by using seasonal ingredients, setting standards for portion size and minimizing waste.  Managed kitchen staff by recruiting, selecting, hiring, orienting, training, assigning, scheduling, supervising, evaluating and enforcing discipline when necessary.  Verified proper portion sizes and consistently attained high food quality standards.  Maintained a skilled kitchen staff by properly coaching, counseling and disciplining employees.  Developed menus, pricing and special food offerings to increase revenue and customer satisfaction.  Instructed new staff in proper food preparation, food storage, use of kitchen equipment and utensils, sanitation and safety issues.  Actively involved in cost control, sanitation, menu development, training, recruitment, private dining and catering.  Ensured all staff understood expectations and parameters of kitchen goals and daily kitchen work.  Led shifts while personally preparing food items and executing requests based on required specifications.  Regularly interacted with guests to obtain feedback on product quality and service levels.  Achieved and exceeded performance, budget and team goals.  Maintained smooth and timely operations in preparation and delivery of meals and kitchen sanitation.  Created and managed budgets for operations and capital equipment.  Enhanced and maintained the central standardized recipe and ingredient repository, including nutritional and cost information.  Properly labeled and stored all raw food ingredients including produce, meat, fish, poultry, dairy and dry goods in the appropriate storage room, walk-in refrigerator, freezer or cooler.  Positively engaged with customers, offering menu information, providing suggestions and showing genuine appreciation for their business.  Decorated and merchandised quality bakery goods.  Ordered and received bakery products and supplies.  Properly wrapped, boxed, and weighed bakery department products.  Practiced safe food handling procedures at all times.         sous Chef     01/2006  
                                to   02/2008      Company Name   –   City  ,
                              State      Recommended menu items to the Executive Chef for new dish development, holidays, special events and promotions.  Assisted customers in placing special orders for large-scale events such as weddings and birthday parties.  Successfully reduced the restaurant's annual food and labor costs by  27  % through proper budgeting, scheduling and management of inventory.  Verified freshness of products upon delivery.  Expertly managed  43  staff and maintained appropriate staffing levels throughout shifts.  Comprehensive knowledge of food and catering trends  Accurately and efficiently prepared healthy, delicious fish, meat and vegetable-based dishes.  Developed menus, pricing and special food offerings to increase revenue and customer satisfaction.  Actively involved in cost control, sanitation, menu development, training, recruitment, private dining and catering.         Executive chef                 Education      Diploma  :      2009     academia international     -
                          City  ,
                          State         Culinary Arts Certificate  Coursework in Culinary and Restaurant Management  Coursework in Hospitality Management  Food Services Technology classes  Basic Vocational Certificate: Bakery Assistant  Basic Vocational Certificate: Lead Baker  Basic Vocational Certificate: First Cook  Coursework in Professional Cooking and Baking  Coursework in Hotel Management and Restaurant Food Service  Coursework in Hotel Administration  Coursework in Business Administration and Management  Culinary Arts coursework  Hotel and Restaurant Administration coursework  Coursework in Sales and Marketing Management   Food Systems Management coursework  Certified Nutrition Consultant  Personal Training certificate  Advanced coursework in Food Systems Management  Extensively trained in Pediatric Feeding and Nutrition         Hospitality Management, hotels, tourism and food services. specialization in commercial cookery, Academia International Melbourne, Australia. certificate 4 & 5. OH&S Short course in - Food Garnishing  -Specialty Knives Banquet interior design, major in business and private conventions. Responsible service of alcohol Australia certificate (RSA)   :      1 2004     Shalon Secondary College    -
                          City                Skills    Fluent in English, Hebrew, interior design, Languages, letters, organizing, speaker, quality, requirement, strategy, trainer, written      Additional Information      Schedule Create and implement menus Liaise with suppliers Work within budgeted guidelines Select, train and motivate the kitchen brigade Ensure profitability Oversee all aspects of food preparation and production in the outlets  An innovative and logical thinker, with a sharp cooking mind Excellent interpersonal and communication skills, complementing the ability to build relationships across cultural boundaries Good organizational and time management skills, able to prioritize multiple tasks and meet deadlines Ambitious and focused with a 'can do' attitude, and a strong work ethic Interests Swimming, tennis, gym, travel, cooking & exploring new cuisines Music & writing      ","Culinary Chef de Cuisine
----------------------------------------
We are seeking a talented and passionate Culinary Chef de Cuisine to lead our kitchen operations and create exceptional dining experiences through innovative cuisine and culinary excellence. This senior leadership role requires a skilled culinary professional who can oversee menu development, manage kitchen staff, maintain food quality standards, and drive operational efficiency. You will be responsible for creating innovative dishes, managing food costs, ensuring health and safety compliance, and leading a high-performing culinary team. The ideal candidate will have extensive culinary expertise, proven leadership abilities, creative vision, and unwavering commitment to culinary excellence and guest satisfaction.
----------------------------------------
* Culinary degree from accredited culinary school or equivalent combination of formal culinary training and professional experience
* Minimum 8-10 years of professional culinary experience with at least 3-5 years in executive chef or chef de cuisine role
* Extensive knowledge of classical and contemporary cooking techniques, international cuisines, and modern culinary trends
* Proven track record of menu development, recipe creation, and culinary innovation in upscale dining environments
* Strong leadership and team management skills with ability to inspire, motivate, and develop diverse culinary teams
* Comprehensive understanding of food cost management, inventory control, and kitchen financial operations
* Expert knowledge of food safety regulations, HACCP principles, and health department requirements
* Excellent palate with refined sense of flavor profiles, seasoning, and ability to create balanced, memorable dishes
* Strong organizational and time management skills with ability to manage high-volume service and multiple stations simultaneously
* Experience with various dietary requirements including vegetarian, vegan, gluten-free, and allergen considerations
* Proficiency with kitchen management software, ordering systems, and inventory tracking applications
* Creativity and artistic vision for menu development, dish presentation, and culinary storytelling
* Physical stamina to work long hours standing, in hot environments, and performing physically demanding kitchen tasks
* Strong communication skills for effective interaction with kitchen staff, service team, management, and occasionally guests
* ServSafe Manager certification or equivalent food safety certification required
* Flexibility to work evenings, weekends, holidays, and adjust schedule based on restaurant operational needs
----------------------------------------
* Design and develop innovative, seasonal menus that reflect culinary trends, showcase local ingredients, and align with restaurant concept and guest preferences
* Oversee all kitchen operations including food preparation, cooking, plating, and quality control to ensure consistent excellence in every dish
* Lead, mentor, and develop kitchen team including sous chefs, line cooks, and prep cooks, providing training, feedback, and career development opportunities
* Create standardized recipes with detailed specifications for ingredients, portions, preparation methods, and presentation to ensure consistency
* Manage food ordering, inventory control, and supplier relationships to ensure quality ingredients while optimizing food costs and minimizing waste
* Develop and manage kitchen budget, monitor food costs, labor expenses, and operational costs to achieve financial targets and profitability goals
* Ensure strict adherence to food safety standards, sanitation protocols, and health department regulations, maintaining safe and clean kitchen environment
* Coordinate with front-of-house management to ensure seamless service execution, address guest feedback, and accommodate special dietary requirements
* Conduct regular tastings and quality checks throughout service to maintain high standards for flavor, temperature, texture, and presentation
* Stay current on culinary trends, new cooking techniques, ingredient innovations, and competitive restaurant offerings to maintain creative edge
* Manage kitchen equipment maintenance, ensuring proper functioning, scheduling repairs, and implementing preventive maintenance programs
* Develop and implement systems for efficient kitchen workflow, station organization, and service timing to optimize productivity during peak periods
* Collaborate with restaurant management on special events, wine pairings, tasting menus, and promotional offerings
* Train staff on proper food handling, knife skills, cooking techniques, and presentation standards to elevate overall team capabilities
",CHEF,"['culinary expertise', 'menu development', 'food cost management', 'food safety regulations', 'HACCP principles', 'kitchen management software', 'inventory control', 'recipe creation', 'cooking techniques', 'dietary requirements knowledge', 'ServSafe Manager certification', 'kitchen operations management', 'staff training', 'budget management', 'quality control', 'ingredient sourcing', 'kitchen equipment maintenance', 'leadership', 'team management', 'creativity', 'communication', 'organizational skills', 'time management', 'mentoring', 'problem solving', 'flexibility', 'attention to detail', 'motivation']","['baking', 'pastry', 'roasting', 'cooking', 'grilling', 'cold larder', 'garnishing', 'customer service', 'catering', 'menu development', 'food presentation', 'inventory management', 'pos systems', 'hospitality management', 'event planning', 'food safety', 'cost control', 'staff training', 'hospitality', 'five-star hotel experience', 'resort experience', 'culinary arts', 'food systems management', 'nutrition consulting', 'interior design', 'banquet design', 'special events planning', 'menu marketing', 'institutional cooking', 'cake decorating', 'batch cooking', 'food handling procedures', 'culinary management', 'teamwork', 'leadership', 'communication', 'problem solving', 'flexibility', 'motivation', 'creativity', 'attention to detail', 'organizational skills', 'time management', 'interpersonal skills', 'customer engagement', 'strategic thinking', 'training', 'negotiation', 'relationship building', 'adaptability', 'work ethic', 'ambition']","['culinary expertise', 'menu development', 'food cost management', 'food safety regulations', 'kitchen management software', 'inventory control', 'recipe creation', 'cooking techniques', 'kitchen operations management', 'staff training', 'budget management', 'quality control', 'ingredient sourcing', 'leadership', 'team management', 'creativity', 'communication', 'organizational skills', 'time management', 'mentoring', 'problem solving', 'flexibility', 'attention to detail', 'motivation']",82.84,39.29,66.48,ex cutive banquette sous chef professional summary interested in permanent full time specialized in banquettes operations such as big and small events ceremony s massive functions banquettes designs high skilled baking pastry s roasting cooking grilling cold larder etc garnishing tasting customer service experienced on all sections all type of venues cuisines food service over 14 years of experience in the hospitality industry major experience in events functions catering weddings conventions corporate occasions etc accomplished chef with strong combination of culinary experience and management skills experience in high pressure kitchen environment ensuring that the standards of hygiene are maintained improved where possible ensuring excellent standard of food consistency demonstrated continuous commitment to reducing food labour costs trained employees in food preparation procedures in line with high end establishment standards a fast learner flexible highly motivated capable of operating independently or as a willing and supportive member of a team get the job done energetic culinary professional with a blend of creativity passion for food and exceptional cooking skills works well as a dynamic leader in high pressure settings expert in managing kitchen staff and preparing foods at reduced cost without compromising quality and taste motivated banquette sous chef offering over 13 years experience in the food industry focused on high standards for taste and quality while maintaining profitable margins superior communication and leadership skills skills beautiful presentation of food institutional and batch cooking cake decorating expertise strong attention to safe food handling procedures mediterranean cuisine expert effective planner extensive catering background food presentation talent hospitality and service industry background menu marketing expertise special events planning staff training skilled waitstaff catering inventory management systems courteous and helpful hotel operations and management event planning and coordination pos systems hospitality background five star hotel experience resort experience food and beverage services natural leader team building skilled negotiator work history ex cutive banquette sous chef 01 2012 to 06 2014 company name city state reduced food costs by 18 percent by using seasonal ingredients setting standards for portion size and minimizing waste managed kitchen staff by recruiting selecting hiring orienting training assigning scheduling supervising evaluating and enforcing discipline when necessary verified proper portion sizes and consistently attained high food quality standards maintained a skilled kitchen staff by properly coaching counseling and disciplining employees instructed new staff in proper food preparation food storage use of kitchen equipment and utensils sanitation and safety issues actively involved in cost control sanitation menu development training recruitment private dining and catering ensured all staff understood expectations and parameters of kitchen goals and daily kitchen work achieved and exceeded performance budget and team goals maintained smooth and timely operations in preparation and delivery of meals and kitchen sanitation promptly reported any maintenance and repair issues to executive chef recommended menu items to the executive chef for new dish development holidays special events and promotions met production requirements for all aspects of banquet and outlet desserts and breakfast pastries verified freshness of products upon delivery head chef 01 2008 to 01 2012 company name city state moulin noir european bistro running a busy caf bistro restaurant catering serving over 600 meals daily reducing costs for the business comprehensive knowledge of food and catering trends accurately and efficiently prepared healthy delicious fish meat and vegetable based dishes verified freshness of products upon delivery prepared food items consistently and in compliance with recipes portioning cooking and waste control guidelines reduced food costs by 15 percent by using seasonal ingredients setting standards for portion size and minimizing waste managed kitchen staff by recruiting selecting hiring orienting training assigning scheduling supervising evaluating and enforcing discipline when necessary verified proper portion sizes and consistently attained high food quality standards maintained a skilled kitchen staff by properly coaching counseling and disciplining employees developed menus pricing and special food offerings to increase revenue and customer satisfaction instructed new staff in proper food preparation food storage use of kitchen equipment and utensils sanitation and safety issues actively involved in cost control sanitation menu development training recruitment private dining and catering ensured all staff understood expectations and parameters of kitchen goals and daily kitchen work led shifts while personally preparing food items and executing requests based on required specifications regularly interacted with guests to obtain feedback on product quality and service levels achieved and exceeded performance budget and team goals maintained smooth and timely operations in preparation and delivery of meals and kitchen sanitation created and managed budgets for operations and capital equipment enhanced and maintained the central standardized recipe and ingredient repository including nutritional and cost information properly labeled and stored all raw food ingredients including produce meat fish poultry dairy and dry goods in the appropriate storage room walk in refrigerator freezer or cooler positively engaged with customers offering menu information providing suggestions and showing genuine appreciation for their business decorated and merchandised quality bakery goods ordered and received bakery products and supplies properly wrapped boxed and weighed bakery department products practiced safe food handling procedures at all times sous chef 01 2006 to 02 2008 company name city state recommended menu items to the executive chef for new dish development holidays special events and promotions assisted customers in placing special orders for large scale events such as weddings and birthday parties successfully reduced the restaurant s annual food and labor costs by 27 through proper budgeting scheduling and management of inventory verified freshness of products upon delivery expertly managed 43 staff and maintained appropriate staffing levels throughout shifts comprehensive knowledge of food and catering trends accurately and efficiently prepared healthy delicious fish meat and vegetable based dishes developed menus pricing and special food offerings to increase revenue and customer satisfaction actively involved in cost control sanitation menu development training recruitment private dining and catering executive chef education diploma 2009 academia international city state culinary arts certificate coursework in culinary and restaurant management coursework in hospitality management food services technology classes basic vocational certificate bakery assistant basic vocational certificate lead baker basic vocational certificate first cook coursework in professional cooking and baking coursework in hotel management and restaurant food service coursework in hotel administration coursework in business administration and management culinary arts coursework hotel and restaurant administration coursework coursework in sales and marketing management food systems management coursework certified nutrition consultant personal training certificate advanced coursework in food systems management extensively trained in pediatric feeding and nutrition hospitality management hotels tourism and food services specialization in commercial cookery academia international melbourne australia certificate 4 5 oh s short course in food garnishing specialty knives banquet interior design major in business and private conventions responsible service of alcohol australia certificate rsa 1 2004 shalon secondary college city skills fluent in english hebrew interior design languages letters organizing speaker quality requirement strategy trainer written additional information schedule create and implement menus liaise with suppliers work within budgeted guidelines select train and motivate the kitchen brigade ensure profitability oversee all aspects of food preparation and production in the outlets an innovative and logical thinker with a sharp cooking mind excellent interpersonal and communication skills complementing the ability to build relationships across cultural boundaries good organizational and time management skills able to prioritize multiple tasks and meet deadlines ambitious and focused with a can do attitude and a strong work ethic interests swimming tennis gym travel cooking exploring new cuisines music writing,culinary chef de cuisine we are seeking a talented and passionate culinary chef de cuisine to lead our kitchen operations and create exceptional dining experiences through innovative cuisine and culinary excellence this senior leadership role requires a skilled culinary professional who can oversee menu development manage kitchen staff maintain food quality standards and drive operational efficiency you will be responsible for creating innovative dishes managing food costs ensuring health and safety compliance and leading a high performing culinary team the ideal candidate will have extensive culinary expertise proven leadership abilities creative vision and unwavering commitment to culinary excellence and guest satisfaction culinary degree from accredited culinary school or equivalent combination of formal culinary training and professional experience minimum 8 10 years of professional culinary experience with at least 3 5 years in executive chef or chef de cuisine role extensive knowledge of classical and contemporary cooking techniques international cuisines and modern culinary trends proven track record of menu development recipe creation and culinary innovation in upscale dining environments strong leadership and team management skills with ability to inspire motivate and develop diverse culinary teams comprehensive understanding of food cost management inventory control and kitchen financial operations expert knowledge of food safety regulations haccp principles and health department requirements excellent palate with refined sense of flavor profiles seasoning and ability to create balanced memorable dishes strong organizational and time management skills with ability to manage high volume service and multiple stations simultaneously experience with various dietary requirements including vegetarian vegan gluten free and allergen considerations proficiency with kitchen management software ordering systems and inventory tracking applications creativity and artistic vision for menu development dish presentation and culinary storytelling physical stamina to work long hours standing in hot environments and performing physically demanding kitchen tasks strong communication skills for effective interaction with kitchen staff service team management and occasionally guests servsafe manager certification or equivalent food safety certification required flexibility to work evenings weekends holidays and adjust schedule based on restaurant operational needs design and develop innovative seasonal menus that reflect culinary trends showcase local ingredients and align with restaurant concept and guest preferences oversee all kitchen operations including food preparation cooking plating and quality control to ensure consistent excellence in every dish lead mentor and develop kitchen team including sous chefs line cooks and prep cooks providing training feedback and career development opportunities create standardized recipes with detailed specifications for ingredients portions preparation methods and presentation to ensure consistency manage food ordering inventory control and supplier relationships to ensure quality ingredients while optimizing food costs and minimizing waste develop and manage kitchen budget monitor food costs labor expenses and operational costs to achieve financial targets and profitability goals ensure strict adherence to food safety standards sanitation protocols and health department regulations maintaining safe and clean kitchen environment coordinate with front of house management to ensure seamless service execution address guest feedback and accommodate special dietary requirements conduct regular tastings and quality checks throughout service to maintain high standards for flavor temperature texture and presentation stay current on culinary trends new cooking techniques ingredient innovations and competitive restaurant offerings to maintain creative edge manage kitchen equipment maintenance ensuring proper functioning scheduling repairs and implementing preventive maintenance programs develop and implement systems for efficient kitchen workflow station organization and service timing to optimize productivity during peak periods collaborate with restaurant management on special events wine pairings tasting menus and promotional offerings train staff on proper food handling knife skills cooking techniques and presentation standards to elevate overall team capabilities,0.45615610876718743,0.8284,0.9428845692344613,0.6922416752488844,0.6493917602037089,64.9391760203709,4
91467795,"         BUSINESS DEVELOPMENT CONSULTANT       Summary    Experienced Life Science Sales and Marketing specialist with track record in growing customer base and
maximizing sales. Motivated and ambitious with ability to increase business opportunities through dynamic
marketing strategies and effective communication. Able to use analytical skills and industry knowledge to develop
innovative strategies for success.      Skills          Business Development  Account Management  Competitive Analysis  Prospecting/Cold Calling  Knowledge of Drug Development Cycle  Sales and Marketing Strategizing      Market Research and Analysis   Marketing Management   Event Planning  C-level Presentations  RFP/RFI/Bid Preparation  Public relations            Experience      Business Development Consultant     Mar 2018   to   Current      Company Name   －   City  ,   State    SGW Pharma Marketing is a B2B life science marketing agency focused on connecting drug development companies with target audiences (development partners, investors, service providers etc.) by developing and managing integrated, full circle marketing programs .   Oversaw business, client and vendor negotiations.  Effectively directed internal marketing, communications and sales support staff.  Improved marketing plans, sales strategies and customer relations to maximize business development.  Leveraged industry trends in client markets to shape value-added solutions and approaches for key audiences.  Streamlined operational efficiencies, developed sales tracking reports for planning by executive team.  Maintained strong understanding of competitors, their offerings and their presence across globe.         Account Executive     Oct 2017   to   Feb 2018      Company Name   －   City  ,   State    American Laboratory Trading provides asset management services and high-quality refurbished laboratory.equipment to clients in the life science academia and industry   Promoted business growth in NC by maximizing existing client relationships and identifying new business opportunities through cold calling, networking, marketing and prospective database leads  Completed daily outbound calls, up to 50 calls per day  Discovered new opportunities to grow and expand inventory of products through product acquisition  Successfully increased monthly sales revenue by 75% each month  Kept detailed records of daily activities and client relations through Salesforce.com         Southeast Sales Executive     Apr 2016   to   Sep 2017      Company Name   －   City  ,   State    SGS Life Science Services is a global leader in R&D and Quality Control testing services for the pharmaceutical, medical device and biopharmaceutical industries.    Prospected and conducted more than 45 face-to-face sales calls per month with business executives and directors throughout assigned territory.  Successfully acquired average of 1.5 new customers per month achieving 108% of total Revenue Target for 2016.  Represented the company at focused industry trade show and/or networking events.  Attended monthly sales meetings and quarterly sales training.         Manager, Business Development     Feb 2013   to   Apr 2016      Company Name   －   City  ,   State    Advantar Labs (now part of Eurofins) is a GMP contract laboratory specializing in small and large molecule drug development programs.   Secured new business by building strong client relationships and cultivating a deep understanding of sponsor needs.  Initiated two key partnerships which resulted in 47% revenue growth.  Successfully developed and planned relationship cultivating events to promote growth resulting in expansion of clientele base by 35%.  Developed innovative and targeted marketing strategies to support overall branding objectives.  Played key role in the addition and launch of new service offerings  Maintained up-to-date knowledge of industry, target accounts and competitive landscape.         Account Manager I     Sep 2011   to   Feb 2013      Company Name   －   City  ,   State    Cirrus Pharmaceuticals (now Recipharm) is a contract product development company assisting biotechnology and pharmaceutical companies with dosage form development projects, specifically inhaled dose products.   Developed strategies to drive partnering with 8 new clients in 2012 and grew underdeveloped territory with no existing contacts or leads.  Represented company at professional trade shows and conferences as subject matter expert; held information sessions and made presentations to win new business  Identified and grew an adjacent, untapped market.  Able to secure new business within 4 months of starting role  Served as liaison between customer and Cirrus' project management team, scientific leaders and executive management to allow for seamless project initiation         Sales Consultant     Apr 2011   to   Sep 2011      Company Name   －   City  ,   State    Tarheel Media Solutions provides marketing and advertising solutions to small businesses in North Carolina.   Established new customer accounts through perseverance, dedicated cold calling and exceptional service.  Demonstrated products to show potential customers benefit/advantages and encourage purchases.  Researched and customized service proposals for clients.  Consistently met and exceeded sales goals by 20%.         Fundraising and Marketing Intern     Oct 2010   to   Mar 2011      Company Name   －   City  ,   State    The Muscular Dystrophy Association is a nonprofit health agency dedicated to curing muscular dystrophy, ALS and related diseases by funding worldwide research   Supported Fundraising Director in organization and management of all activities associated with community fundraising events.  Cultivated relationships with community leaders, businesses and local citizens in effort to draw attention to MDA and add new donors/volunteers.  Gathered and analyzed cultural, educational, social and demographic data about the community to guide local program development.         Education and Training      Bachelor of Science  ,   Chemistry   2009     University of North Carolina Wilmington   －   City  ,   State  ,   United States     Minor in Spanish  GPA 3.45         Skills     Proficient with Salesforce, Oracle, ACT!, SharpSpring, Microsoft Office, MailChimp, Pardot, Yammer, Google Chrome, Skype Business, GoTo Meeting, LinkedIn, Twitter, Marketing Automation Software, Lead Generation Software, CRM Systems, Concepts & Applications of Chemistry, Contract Research, Analytical Lab Equipment    ","Business Development Director
----------------------------------------
We are seeking a strategic and results-oriented Business Development Director to drive revenue growth, expand market presence, and build lasting client relationships. This senior leadership role requires a dynamic professional who can identify new business opportunities, develop go-to-market strategies, lead sales initiatives, and forge strategic partnerships. You will be responsible for developing and executing comprehensive business development plans, managing key accounts, leading cross-functional teams, and contributing to overall company strategy. The ideal candidate will have a proven track record of exceeding revenue targets, exceptional relationship-building skills, and deep understanding of market dynamics and competitive landscapes.
----------------------------------------
* Bachelor's degree in Business, Marketing, or related field; MBA or advanced degree strongly preferred
* Minimum 8-10 years of progressive business development, sales, or account management experience with proven track record of exceeding revenue targets
* Demonstrated success closing complex, high-value deals with enterprise clients in competitive markets
* Strong understanding of sales methodologies, business development best practices, and consultative selling approaches
* Exceptional relationship-building and networking skills with ability to establish credibility and trust with C-level executives and decision-makers
* Strategic thinking abilities with capacity to analyze markets, identify opportunities, and develop innovative growth strategies
* Excellent communication and presentation skills with ability to articulate complex value propositions and influence stakeholders at all levels
* Strong business acumen with understanding of financial statements, pricing strategies, and business model development
* Experience managing and negotiating complex contracts, partnership agreements, and multi-stakeholder deals
* Proven leadership abilities with experience building, managing, and developing high-performing business development teams
* Proficiency with CRM systems (Salesforce, HubSpot) and business intelligence tools for pipeline management and performance tracking
* Industry-specific knowledge and established network in relevant sectors preferred
* Results-oriented mindset with strong work ethic, resilience, and ability to thrive in dynamic, fast-paced environments
* Willingness to travel extensively (up to 50%) to meet clients, attend events, and support business development initiatives
* Strong problem-solving skills with ability to overcome objections, navigate complex organizational structures, and close challenging deals
----------------------------------------
* Develop and implement comprehensive business development strategy aligned with company vision, revenue targets, and market expansion goals
* Identify and evaluate new business opportunities, market segments, and geographic regions for potential growth and revenue generation
* Build and maintain strong relationships with key decision-makers, C-level executives, and strategic partners to drive business opportunities
* Lead complex sales cycles from prospecting and qualification through proposal development, negotiation, and contract closure
* Develop compelling value propositions, presentations, and proposals that articulate company capabilities and differentiate from competitors
* Conduct comprehensive market research and competitive analysis to identify trends, opportunities, and threats in target markets
* Collaborate with marketing, product, and operations teams to develop go-to-market strategies, positioning, and sales enablement materials
* Negotiate high-value contracts and partnership agreements, ensuring favorable terms while building long-term mutually beneficial relationships
* Manage strategic accounts and key client relationships, ensuring exceptional service delivery, identifying upsell opportunities, and driving account growth
* Develop accurate sales forecasts, pipeline reports, and business performance metrics, providing regular updates to executive leadership
* Build, lead, and mentor business development team members, setting clear objectives, providing coaching, and fostering professional growth
* Represent company at industry conferences, trade shows, networking events, and speaking engagements to enhance brand visibility and generate leads
* Establish and track key performance indicators for business development activities, analyzing data to optimize strategies and improve results
* Collaborate with finance and legal teams on pricing strategies, contract terms, risk assessment, and deal structuring for complex opportunities
",BUSINESS-DEVELOPMENT,"['business development', 'sales', 'account management', 'strategic planning', 'market research', 'competitive analysis', 'contract negotiation', 'CRM systems', 'business intelligence tools', 'financial acumen', 'pricing strategies', 'proposal development', 'pipeline management', 'sales forecasting', 'partnership management', 'go-to-market strategy', 'leadership', 'team management', 'presentation skills', 'deal closing', 'relationship building', 'networking', 'communication', 'strategic thinking', 'influence', 'problem solving', 'resilience', 'work ethic', 'mentoring', 'collaboration']","['business development', 'account management', 'competitive analysis', 'prospecting', 'cold calling', 'drug development cycle', 'sales and marketing strategizing', 'market research', 'marketing management', 'event planning', 'c-level presentations', 'rfp preparation', 'rfi preparation', 'bid preparation', 'public relations', 'salesforce', 'oracle', 'act!', 'sharpspring', 'microsoft office', 'mailchimp', 'pardot', 'yammer', 'google chrome', 'skype business', 'goto meeting', 'linkedin', 'twitter', 'marketing automation software', 'lead generation software', 'crm systems', 'analytical lab equipment', 'communication', 'analytical skills', 'motivation', 'ambition', 'relationship building', 'negotiation', 'strategic thinking', 'problem solving', 'team leadership', 'customer relations', 'networking', 'presentation skills', 'event management', 'adaptability']","['business development', 'sales', 'account management', 'strategic planning', 'market research', 'competitive analysis', 'contract negotiation', 'CRM systems', 'proposal development', 'partnership management', 'go-to-market strategy', 'leadership', 'team management', 'presentation skills', 'deal closing', 'relationship building', 'networking', 'communication', 'strategic thinking', 'influence', 'problem solving', 'resilience', 'work ethic', 'collaboration']",81.17,36.67,70.5,business development consultant summary experienced life science sales and marketing specialist with track record in growing customer base and maximizing sales motivated and ambitious with ability to increase business opportunities through dynamic marketing strategies and effective communication able to use analytical skills and industry knowledge to develop innovative strategies for success skills business development account management competitive analysis prospecting cold calling knowledge of drug development cycle sales and marketing strategizing market research and analysis marketing management event planning c level presentations rfp rfi bid preparation public relations experience business development consultant mar 2018 to current company name city state sgw pharma marketing is a b2b life science marketing agency focused on connecting drug development companies with target audiences development partners investors service providers etc by developing and managing integrated full circle marketing programs oversaw business client and vendor negotiations effectively directed internal marketing communications and sales support staff improved marketing plans sales strategies and customer relations to maximize business development leveraged industry trends in client markets to shape value added solutions and approaches for key audiences streamlined operational efficiencies developed sales tracking reports for planning by executive team maintained strong understanding of competitors their offerings and their presence across globe account executive oct 2017 to feb 2018 company name city state american laboratory trading provides asset management services and high quality refurbished laboratory equipment to clients in the life science academia and industry promoted business growth in nc by maximizing existing client relationships and identifying new business opportunities through cold calling networking marketing and prospective database leads completed daily outbound calls up to 50 calls per day discovered new opportunities to grow and expand inventory of products through product acquisition successfully increased monthly sales revenue by 75 each month kept detailed records of daily activities and client relations through salesforce com southeast sales executive apr 2016 to sep 2017 company name city state sgs life science services is a global leader in r d and quality control testing services for the pharmaceutical medical device and biopharmaceutical industries prospected and conducted more than 45 face to face sales calls per month with business executives and directors throughout assigned territory successfully acquired average of 1 5 new customers per month achieving 108 of total revenue target for 2016 represented the company at focused industry trade show and or networking events attended monthly sales meetings and quarterly sales training manager business development feb 2013 to apr 2016 company name city state advantar labs now part of eurofins is a gmp contract laboratory specializing in small and large molecule drug development programs secured new business by building strong client relationships and cultivating a deep understanding of sponsor needs initiated two key partnerships which resulted in 47 revenue growth successfully developed and planned relationship cultivating events to promote growth resulting in expansion of clientele base by 35 developed innovative and targeted marketing strategies to support overall branding objectives played key role in the addition and launch of new service offerings maintained up to date knowledge of industry target accounts and competitive landscape account manager i sep 2011 to feb 2013 company name city state cirrus pharmaceuticals now recipharm is a contract product development company assisting biotechnology and pharmaceutical companies with dosage form development projects specifically inhaled dose products developed strategies to drive partnering with 8 new clients in 2012 and grew underdeveloped territory with no existing contacts or leads represented company at professional trade shows and conferences as subject matter expert held information sessions and made presentations to win new business identified and grew an adjacent untapped market able to secure new business within 4 months of starting role served as liaison between customer and cirrus project management team scientific leaders and executive management to allow for seamless project initiation sales consultant apr 2011 to sep 2011 company name city state tarheel media solutions provides marketing and advertising solutions to small businesses in north carolina established new customer accounts through perseverance dedicated cold calling and exceptional service demonstrated products to show potential customers benefit advantages and encourage purchases researched and customized service proposals for clients consistently met and exceeded sales goals by 20 fundraising and marketing intern oct 2010 to mar 2011 company name city state the muscular dystrophy association is a nonprofit health agency dedicated to curing muscular dystrophy als and related diseases by funding worldwide research supported fundraising director in organization and management of all activities associated with community fundraising events cultivated relationships with community leaders businesses and local citizens in effort to draw attention to mda and add new donors volunteers gathered and analyzed cultural educational social and demographic data about the community to guide local program development education and training bachelor of science chemistry 2009 university of north carolina wilmington city state united states minor in spanish gpa 3 45 skills proficient with salesforce oracle act sharpspring microsoft office mailchimp pardot yammer google chrome skype business goto meeting linkedin twitter marketing automation software lead generation software crm systems concepts applications of chemistry contract research analytical lab equipment,business development director we are seeking a strategic and results oriented business development director to drive revenue growth expand market presence and build lasting client relationships this senior leadership role requires a dynamic professional who can identify new business opportunities develop go to market strategies lead sales initiatives and forge strategic partnerships you will be responsible for developing and executing comprehensive business development plans managing key accounts leading cross functional teams and contributing to overall company strategy the ideal candidate will have a proven track record of exceeding revenue targets exceptional relationship building skills and deep understanding of market dynamics and competitive landscapes bachelor s degree in business marketing or related field mba or advanced degree strongly preferred minimum 8 10 years of progressive business development sales or account management experience with proven track record of exceeding revenue targets demonstrated success closing complex high value deals with enterprise clients in competitive markets strong understanding of sales methodologies business development best practices and consultative selling approaches exceptional relationship building and networking skills with ability to establish credibility and trust with c level executives and decision makers strategic thinking abilities with capacity to analyze markets identify opportunities and develop innovative growth strategies excellent communication and presentation skills with ability to articulate complex value propositions and influence stakeholders at all levels strong business acumen with understanding of financial statements pricing strategies and business model development experience managing and negotiating complex contracts partnership agreements and multi stakeholder deals proven leadership abilities with experience building managing and developing high performing business development teams proficiency with crm systems salesforce hubspot and business intelligence tools for pipeline management and performance tracking industry specific knowledge and established network in relevant sectors preferred results oriented mindset with strong work ethic resilience and ability to thrive in dynamic fast paced environments willingness to travel extensively up to 50 to meet clients attend events and support business development initiatives strong problem solving skills with ability to overcome objections navigate complex organizational structures and close challenging deals develop and implement comprehensive business development strategy aligned with company vision revenue targets and market expansion goals identify and evaluate new business opportunities market segments and geographic regions for potential growth and revenue generation build and maintain strong relationships with key decision makers c level executives and strategic partners to drive business opportunities lead complex sales cycles from prospecting and qualification through proposal development negotiation and contract closure develop compelling value propositions presentations and proposals that articulate company capabilities and differentiate from competitors conduct comprehensive market research and competitive analysis to identify trends opportunities and threats in target markets collaborate with marketing product and operations teams to develop go to market strategies positioning and sales enablement materials negotiate high value contracts and partnership agreements ensuring favorable terms while building long term mutually beneficial relationships manage strategic accounts and key client relationships ensuring exceptional service delivery identifying upsell opportunities and driving account growth develop accurate sales forecasts pipeline reports and business performance metrics providing regular updates to executive leadership build lead and mentor business development team members setting clear objectives providing coaching and fostering professional growth represent company at industry conferences trade shows networking events and speaking engagements to enhance brand visibility and generate leads establish and track key performance indicators for business development activities analyzing data to optimize strategies and improve results collaborate with finance and legal teams on pricing strategies contract terms risk assessment and deal structuring for complex opportunities,0.39823059057425203,0.8117000000000001,0.8800095992320615,0.7612427051150018,0.6153667160797448,61.53667160797448,5
10070224,"         PUBLIC RELATIONS DIRECTOR         Summary     Talented PR professional with 11 years' expertise developing and executing all aspects of public outreach campaigns to increase media exposure and support strategic marketing initiatives. Proven creative talent with demonstrated strength in media production, messaging, communications and dissemination techniques and methods.  Deep understanding of media relations; accomplished track record of securing live television and on-site press coverage.        Highlights          Publicity and communications  Vendor and client relations  Media relations   Integrated campaigns    Project oversight   Advertising       Writing and editing    Strategic messaging  Special event coordination   Email marketing   Crisis communication  Journalistic interviews              Experience      Public Relations Director  ,   01/2016   to   Current    Company Name   －   City  ,   State            Assistant Director of Public Relations  ,   01/2010   to   01/2016    Company Name   －   City  ,   State      Directed the college's media relations activities, including
    the production and dissemination of press releases, media advisories, and
    public service announcements.  Enhanced relationships with media to realize increased cooperation and better press coverage.      Managed editorial content, design, and distribution of the college's official e-newsletters.      Conducted media training for college spokesperson and other college personnel as needed.    Leveraged technical resources to design and create
    e-marketing campaign deliverables for the BRCC Foundation.    Transformed internal and external communication by implementing e-marketing strategies.     Wrote and edited articles, web content, advertising copy,
    and publications for internal and external audiences.    Proactively sought favorable press coverage opportunities.    Developed and managed the Institutional Advancement budget up to $350,000 for 2 consecutive years.     Spearheaded the college's commencement exercises for more than 5 years.        Coordinated a variety of press conferences including articulation agreements, groundbreaking ceremonies, ribbon cuttings, and special announcements.      Created 15 public relations campaigns annually garnering 
approximately $250k in earned media.       Researched, negotiated, implemented, and tracked advertising and public relations activities.    Spearheaded and executed PR campaigns for campus events and activities, and greatly increased participation.     Protected the BRCC branded image by effectively managing all internal and external communications materials; revised the outdated graphics standards manual, and directed staff on proper use.             Media Specialist  ,   02/2006   to   01/2010    Company Name   －   City  ,   State      Developed
news releases, media kits and collateral material.  Built effective relationships with the media, including writing press releases and making phone calls to generate publicity.  Oversaw content production such as advertisements, social media, and online PR.  Edited and distributed press releases and pitches to local and national media outlets securing positive coverage.   Developed talking points for press conferences and other events.   Created content for the college's annual report.   Wrote articles for the web.  Gathered, edited, and wrote articles for the college printed newspaper "" Good News,  and wrote web articles .     Secured earned media placement in local publications such as The Advocate, The Business Report, and the Healthcare Journal.   Worked in collaboration with ad agency to implement annual marketing campaigns.  Coordinated campus-wide photo shoots.   Served as photographer for all campus events.   Assisted in preparing the departmental budget.  Initiated bid process for projects, prepared requisitions, and ensured vendor payment.          Coordinator for Institutional Advancement   ,   11/2004   to   02/2006    Company Name   －   City  ,   State      Worked as the coordinator for 3 individual departments: public relations, institutional advancement, and external resources.   Created, distributed, and analyzed student media survey to determine best use of advertising expenditures.   Assisted with arranging special events on campus.  Conducted focus groups with students, faculty, and staff to access effectiveness of the public relations team.      Coordinated Foundation board meetings (data compilation, agenda preparation, parking arrangements, invitations/catering, etc).    Wrote and edited press releases and public service announcements to promote campus events.     Served on various campus committees (annual fundraising event, commencement, student recognition, etc.).     Wrote and edited stories for the Daily E-News, an electronic newsletter distributed to faculty and staff daily.    Served as backup-photographer for various campus events.            Marketing Analyst  ,   09/2003   to   11/2004    Company Name   －   City  ,   State      Developed and managed company's first formal employee communications system to distribute company news and critical information.  Wrote newsletter marketing copy and presentation materials for special projects.  Edited and distributed press releases and pitches to local and national media outlets.   Created tracking system for marketing; analyzed collected information and delivered a monthly presentation regarding the results.     Represented the company and at various community events.       Designed all printed material (brochures, pamphlets, newsletters, etc.). Assisted with the design of the company website, logo, and tagline.    Maintained and updated company's mailing list.     Designed media surveys for internal and external audiences.     Assisted with the coordination of all company functions and events (luncheons, seminars, annual fundraiser, etc.)           Producer/Associate Producer  ,   10/2000   to   02/2004    Company Name   －   City  ,   State      Booked and scheduled hundreds of guests including legislatures, business and industry CEO's, non-profit organizations, etc.    Managed a production staff of 6.     Wrote and edited show content, approved all copy, and handled breaking news stories.    Rapidly promoted from weekend associate producer to weekend producer.    Determined newsworthy items and coverage.     Assigned tasks to morning reporters.          Education      Master of Arts  :  Mass Communication   ,  May 2003    Southern University   －   City  ,   State      Public Relations        Bachelor of Arts  :  Mass Communication  ,  December 2001    Southern University   －   City  ,   State      Broadcast Journalism        Professional Affiliations      Public Relations Society of America- 2009 to present   Public Relations Association of Louisiana- 2009 to present     National Council for Marketing and Public Relations  - 2006 to present    National Association of Black Journalists- 2014 to present            Awards     Outstanding Professional Staff Award, 2016   Outstanding Staff Achievement Award, 2013        Skills      Microsoft Office Suite: Word, Excel, Publisher, PowerPoint    Constant Contact: Email marketing tool    OU Campus: Web content management   Meltwater News: Media tracking and distribution   TVEyes: Broadcast monitoring       Community Service     Capital Area ReEntry Coalition: Email Marketing, Press Releases, Media Relations, 2015    Media 101 Workshop for non-profits: Served as a panelist, April 2016​  Community Grant Writing Workshop:  Conducted media workshop, 2016      ","Public Relations Manager
----------------------------------------
We are seeking a strategic and creative Public Relations Manager to develop and execute comprehensive PR strategies that enhance brand reputation, manage media relationships, and drive positive public perception. This role requires a communications professional who can craft compelling narratives, secure media coverage, manage crisis communications, and coordinate integrated PR campaigns. You will be responsible for media relations, press release development, event coordination, social media strategy, and reputation management while serving as primary spokesperson for organizational communications. The ideal candidate will have exceptional writing and storytelling abilities, strong media contacts, crisis management experience, and proven track record securing meaningful media placements.
----------------------------------------
* Bachelor's degree in Public Relations, Communications, Journalism, or related field; Master's degree preferred
* Minimum 6-8 years of public relations experience with proven track record securing meaningful media coverage for organizations or clients
* Exceptional writing, editing, and storytelling skills with portfolio demonstrating press releases, pitch letters, and published placements
* Established relationships with media contacts across relevant beats including business, technology, lifestyle, or industry-specific journalists
* Strong understanding of media landscape, editorial calendars, newsroom operations, and what makes stories newsworthy
* Experience developing and executing crisis communication strategies and managing sensitive communications situations
* Proven ability to develop strategic PR campaigns that achieve measurable results and support business objectives
* Excellent verbal communication and presentation skills for media interviews, executive briefings, and stakeholder presentations
* Strong relationship-building abilities with talent for establishing trust with journalists, influencers, and key stakeholders
* Experience with media monitoring and PR measurement tools such as Cision, Meltwater, or similar platforms
* Understanding of digital PR including blogger outreach, online reputation management, and earned media in digital channels
* Strategic thinking capabilities with ability to identify opportunities, anticipate challenges, and develop proactive communication strategies
* Strong project management skills with ability to manage multiple campaigns, deadlines, and priorities simultaneously
* Experience working with C-level executives, preparing messaging, and providing media coaching
* Knowledge of industry regulations, ethical standards, and best practices governing public relations activities
* Flexibility to respond to media inquiries and manage issues outside standard business hours when necessary
----------------------------------------
* Develop and implement comprehensive public relations strategies aligned with organizational objectives, brand positioning, and communication goals
* Build and maintain strong relationships with journalists, editors, bloggers, and media outlets across print, broadcast, and digital platforms
* Write, edit, and distribute press releases, media advisories, pitch letters, and other media materials that generate coverage and tell compelling stories
* Secure media placements and interviews in target publications and outlets, pitching story ideas and facilitating journalist access to organizational spokespeople
* Monitor media coverage and public sentiment, tracking mentions, analyzing coverage tone, and providing regular reports to leadership
* Develop and implement crisis communication plans, serving as primary communications contact during issues or negative situations to protect organizational reputation
* Coordinate press conferences, media briefings, and press events including logistics, materials preparation, and spokesperson coaching
* Train executives and spokespeople on media interview techniques, message development, and effective communication strategies
* Collaborate with marketing, social media, and content teams to ensure consistent messaging across all communication channels
* Create thought leadership opportunities through op-eds, bylined articles, speaking engagements, and industry panel participation
* Manage PR agency relationships if applicable, providing direction, reviewing deliverables, and ensuring alignment with organizational priorities
* Develop content for corporate communications including executive communications, employee newsletters, and stakeholder updates
* Plan and coordinate corporate events, community engagement activities, and sponsorship activations that enhance brand visibility
* Measure and report on PR performance using metrics including media impressions, share of voice, sentiment analysis, and campaign effectiveness
",PUBLIC-RELATIONS,"['public relations', 'media relations', 'crisis communication', 'press release writing', 'media monitoring', 'PR campaign development', 'social media strategy', 'media coaching', 'digital PR', 'event coordination', 'content development', 'media measurement tools', 'executive communications', 'storytelling', 'journalism', 'media pitching', 'strategic thinking', 'communication', 'relationship building', 'presentation skills', 'flexibility', 'project management', 'creativity', 'problem solving']","['public relations', 'media relations', 'advertising', 'email marketing', 'crisis communication', 'writing', 'editing', 'project oversight', 'strategic messaging', 'vendor relations', 'integrated campaigns', 'journalistic interviews', 'media production', 'e-marketing', 'press releases', 'media advisories', 'public service announcements', 'content production', 'social media', 'earned media', 'marketing campaigns', 'budget management', 'event coordination', 'photography', 'graphic design', 'tracking systems', 'mass communication', 'broadcast journalism', 'microsoft office suite', 'constant contact', 'ou campus', 'meltwater news', 'tveyes', 'communication', 'teamwork', 'creativity', 'problem solving', 'relationship building', 'strategic thinking', 'leadership', 'organization', 'negotiation', 'collaboration', 'adaptability', 'initiative', 'attention to detail', 'public speaking', 'training', 'analysis']","['public relations', 'media relations', 'crisis communication', 'press release writing', 'media monitoring', 'PR campaign development', 'social media strategy', 'media coaching', 'digital PR', 'event coordination', 'content development', 'media measurement tools', 'storytelling', 'journalism', 'media pitching', 'strategic thinking', 'communication', 'relationship building', 'presentation skills', 'flexibility', 'project management', 'creativity', 'problem solving']",95.79,37.5,69.49,public relations director summary talented pr professional with 11 years expertise developing and executing all aspects of public outreach campaigns to increase media exposure and support strategic marketing initiatives proven creative talent with demonstrated strength in media production messaging communications and dissemination techniques and methods deep understanding of media relations accomplished track record of securing live television and on site press coverage highlights publicity and communications vendor and client relations media relations integrated campaigns project oversight advertising writing and editing strategic messaging special event coordination email marketing crisis communication journalistic interviews experience public relations director 01 2016 to current company name city state assistant director of public relations 01 2010 to 01 2016 company name city state directed the college s media relations activities including the production and dissemination of press releases media advisories and public service announcements enhanced relationships with media to realize increased cooperation and better press coverage managed editorial content design and distribution of the college s official e newsletters conducted media training for college spokesperson and other college personnel as needed leveraged technical resources to design and create e marketing campaign deliverables for the brcc foundation transformed internal and external communication by implementing e marketing strategies wrote and edited articles web content advertising copy and publications for internal and external audiences proactively sought favorable press coverage opportunities developed and managed the institutional advancement budget up to 350 000 for 2 consecutive years spearheaded the college s commencement exercises for more than 5 years coordinated a variety of press conferences including articulation agreements groundbreaking ceremonies ribbon cuttings and special announcements created 15 public relations campaigns annually garnering approximately 250k in earned media researched negotiated implemented and tracked advertising and public relations activities spearheaded and executed pr campaigns for campus events and activities and greatly increased participation protected the brcc branded image by effectively managing all internal and external communications materials revised the outdated graphics standards manual and directed staff on proper use media specialist 02 2006 to 01 2010 company name city state developed news releases media kits and collateral material built effective relationships with the media including writing press releases and making phone calls to generate publicity oversaw content production such as advertisements social media and online pr edited and distributed press releases and pitches to local and national media outlets securing positive coverage developed talking points for press conferences and other events created content for the college s annual report wrote articles for the web gathered edited and wrote articles for the college printed newspaper good news and wrote web articles secured earned media placement in local publications such as the advocate the business report and the healthcare journal worked in collaboration with ad agency to implement annual marketing campaigns coordinated campus wide photo shoots served as photographer for all campus events assisted in preparing the departmental budget initiated bid process for projects prepared requisitions and ensured vendor payment coordinator for institutional advancement 11 2004 to 02 2006 company name city state worked as the coordinator for 3 individual departments public relations institutional advancement and external resources created distributed and analyzed student media survey to determine best use of advertising expenditures assisted with arranging special events on campus conducted focus groups with students faculty and staff to access effectiveness of the public relations team coordinated foundation board meetings data compilation agenda preparation parking arrangements invitations catering etc wrote and edited press releases and public service announcements to promote campus events served on various campus committees annual fundraising event commencement student recognition etc wrote and edited stories for the daily e news an electronic newsletter distributed to faculty and staff daily served as backup photographer for various campus events marketing analyst 09 2003 to 11 2004 company name city state developed and managed company s first formal employee communications system to distribute company news and critical information wrote newsletter marketing copy and presentation materials for special projects edited and distributed press releases and pitches to local and national media outlets created tracking system for marketing analyzed collected information and delivered a monthly presentation regarding the results represented the company and at various community events designed all printed material brochures pamphlets newsletters etc assisted with the design of the company website logo and tagline maintained and updated company s mailing list designed media surveys for internal and external audiences assisted with the coordination of all company functions and events luncheons seminars annual fundraiser etc producer associate producer 10 2000 to 02 2004 company name city state booked and scheduled hundreds of guests including legislatures business and industry ceo s non profit organizations etc managed a production staff of 6 wrote and edited show content approved all copy and handled breaking news stories rapidly promoted from weekend associate producer to weekend producer determined newsworthy items and coverage assigned tasks to morning reporters education master of arts mass communication may 2003 southern university city state public relations bachelor of arts mass communication december 2001 southern university city state broadcast journalism professional affiliations public relations society of america 2009 to present public relations association of louisiana 2009 to present national council for marketing and public relations 2006 to present national association of black journalists 2014 to present awards outstanding professional staff award 2016 outstanding staff achievement award 2013 skills microsoft office suite word excel publisher powerpoint constant contact email marketing tool ou campus web content management meltwater news media tracking and distribution tveyes broadcast monitoring community service capital area reentry coalition email marketing press releases media relations 2015 media 101 workshop for non profits served as a panelist april 2016 community grant writing workshop conducted media workshop 2016,public relations manager we are seeking a strategic and creative public relations manager to develop and execute comprehensive pr strategies that enhance brand reputation manage media relationships and drive positive public perception this role requires a communications professional who can craft compelling narratives secure media coverage manage crisis communications and coordinate integrated pr campaigns you will be responsible for media relations press release development event coordination social media strategy and reputation management while serving as primary spokesperson for organizational communications the ideal candidate will have exceptional writing and storytelling abilities strong media contacts crisis management experience and proven track record securing meaningful media placements bachelor s degree in public relations communications journalism or related field master s degree preferred minimum 6 8 years of public relations experience with proven track record securing meaningful media coverage for organizations or clients exceptional writing editing and storytelling skills with portfolio demonstrating press releases pitch letters and published placements established relationships with media contacts across relevant beats including business technology lifestyle or industry specific journalists strong understanding of media landscape editorial calendars newsroom operations and what makes stories newsworthy experience developing and executing crisis communication strategies and managing sensitive communications situations proven ability to develop strategic pr campaigns that achieve measurable results and support business objectives excellent verbal communication and presentation skills for media interviews executive briefings and stakeholder presentations strong relationship building abilities with talent for establishing trust with journalists influencers and key stakeholders experience with media monitoring and pr measurement tools such as cision meltwater or similar platforms understanding of digital pr including blogger outreach online reputation management and earned media in digital channels strategic thinking capabilities with ability to identify opportunities anticipate challenges and develop proactive communication strategies strong project management skills with ability to manage multiple campaigns deadlines and priorities simultaneously experience working with c level executives preparing messaging and providing media coaching knowledge of industry regulations ethical standards and best practices governing public relations activities flexibility to respond to media inquiries and manage issues outside standard business hours when necessary develop and implement comprehensive public relations strategies aligned with organizational objectives brand positioning and communication goals build and maintain strong relationships with journalists editors bloggers and media outlets across print broadcast and digital platforms write edit and distribute press releases media advisories pitch letters and other media materials that generate coverage and tell compelling stories secure media placements and interviews in target publications and outlets pitching story ideas and facilitating journalist access to organizational spokespeople monitor media coverage and public sentiment tracking mentions analyzing coverage tone and providing regular reports to leadership develop and implement crisis communication plans serving as primary communications contact during issues or negative situations to protect organizational reputation coordinate press conferences media briefings and press events including logistics materials preparation and spokesperson coaching train executives and spokespeople on media interview techniques message development and effective communication strategies collaborate with marketing social media and content teams to ensure consistent messaging across all communication channels create thought leadership opportunities through op eds bylined articles speaking engagements and industry panel participation manage pr agency relationships if applicable providing direction reviewing deliverables and ensuring alignment with organizational priorities develop content for corporate communications including executive communications employee newsletters and stakeholder updates plan and coordinate corporate events community engagement activities and sponsorship activations that enhance brand visibility measure and report on pr performance using metrics including media impressions share of voice sentiment analysis and campaign effectiveness,0.38541153863415156,0.9579000000000001,0.8999280057595392,0.743906625472022,0.611465496139342,61.1465496139342,6
28175164,"         REGIONAL HR BUSINESS PARTNER       Human Resources Professional      Executive Profile    Business-savvy, results-driven, and solutions-oriented HR executive, offering 16-year career in human resources distinguished by commendable performance in developing, spearheading, and maximizing performance of both individuals and teams. Known for driving change and championing corporate values, vision, and mission. Articulate communicator, fully bilingual in English and Spanish, with proven ability to diffuse highly charged situations by quickly responding to human resources issues and providing executive-level support to both the management and staff. Demonstrated success in orchestrating initiatives that address today's business challenges to attain revenue goals, control expenses, satisfy customers, and attract/retain talent while achieving business and profitability objectives.      Core Competencies          Change Management  Benefits Administration   Succession Planning   Organizational Development      Leadership Development and Coaching  Infrastructure Development  Operations and Workflow Optimization  Conflict Resolution            Professional Experience     01/2012   to   Current     Regional HR Business Partner    Company Name   -   City  ,   State     110-year old manufacturing company with an iconic brand.  Report to one of the 4 Regional Vice Presidents of the company.  Work with regional business leaders in providing innovative HR solutions to make business strategies actionable. Provide progressive HR guidelines, while ensuring that all HR programs are in accordance with the business needs, local labor laws and culture. Partnered with the Performance and Growth, Total Rewards and Harley-Davidson University Centers of Excellence (COE), as well as with the executive management, in executing agreed strategic plan in support of organizational programs.   Effectively engage HR Generalists in the LA Region to establish HR strategies designed to optimize human resources within their business areas.    Analyzed the business' talent needs and participate in establishing work unit plans and performance measures within the region.  Administered annual regional HR budget of over $160K and organized annual leadership conference for the entire region.  Successfully led and implemented company HR processes within all regional offices such as performance management system, Global Tuition Program, Gallup Engagement Surveys, Leadership Trainings, and Employee Purchase Plans resulting in 2nd highest company engagement scores in 2012 and 2013.    Achieved 100% hiring goals while maintaining the lowest recruiting cost of all regions.  Reorganized and aligned all market positions within the subsidiaries at a savings of $2.3M a year from the total SG & A budget.  Developed and implemented the company Immigration Policy while changing to a new immigration process provider which reduced the process time by 45% while saving an average of 25% per visa filed.          01/2008   to   10/2011     HR Manager    Company Name   -   City  ,   State     Responsible for the development and implementation of corporate HR plans and policies in support of the business plan, while ensuring HR regulatory and legal compliance.  Carried out a broad range of HR functions, including employee recruitment and training, benefits administration, as well as overseeing disciplinary action and managing HR records.    Conceived and developed a series of innovative HR programs, service and leadership initiatives, including comprehensive supervisory training and performance-based incentive compensation programs.  Successfully established and maintained a strong functional HR team through effective training, coaching, planning, and team building.  Restructured benefits program by consolidating providers and renegotiating contracts, successfully maintaining benefit costs to only a 1% increase in premium from previous year and saving the company over $70K.  Cited as the driving force behind a 35% reduction in payroll processing liability and for identifying over $300K payroll savings through implementation of an integrated ADP HRIS System.  Recognized for achieving voluntary turnover rate of 3% and for introducing new employee orientation and individualized training, resulting in 97% satisfaction record.  Led all succession planning initiatives, resulting in projected reduction of hiring expenses by approximately 30% over the next 5 years.         09/2007   to   09/2008     District HR Manager    Company Name   -   City  ,   State     Inspired and retained a high-performing diverse workforce for the district, building upon the foundation of success as key member of the store management team, Administered effective management and execution of learning, career development, employment practices, recognition and reward, staffing, performance management systems, and compliance programs, while fostering a positive associate relations environment.   Conducted thorough employee investigations in alleged reported cases of sexual harassment, discrimination, criminal and policy violations which resulted in a reduction of 35% employee lawsuits filed within the district.  Pioneered all initiatives to monitor and manage all performance reviews for department supervisors and hourly associates, including rating, written reviews, and pay increases input.  Yielded $350K district-wide reduction in recruitment expenses through spearheading internal recruitment function.  Successfully achieved 100% monthly completion of associate training and development, 401K enrollment, and fulfillment of AAP Goals for the district.  Acknowledged for driving the reduction of sexual harassment claims by as much as 20% within first 6 months of training.         01/1999   to   01/2007     HR Manager    Company Name   -   City  ,   State     Provided consultative direction for ground floor HR infrastructure and organizational efficiency of start-up company for multiple, high-profile client projects, such as Panasonic, LeapFrog, and AIG.   Oversaw the development of compensation functions including job analysis, salary administration, and job evaluation system as key business partner of  leadership team.          Education and Certifications     2005     Master of Science  :   Leadership/Management    NOVA SOUTHEASTERN UNIVERSITY   -   City  ,   State      Leadership/Management       1997     Bachelor of Arts  :   Human Services    ST. THOMAS UNIVERSITY   -   City  ,   State      Human Services       2013     Continuing Education/coursework:        PROJECT MANAGEMENT METHODOLOGY ASSOCIATE CERTIFICATE  SIX SIGMA YELLOW BELT CERTIFIED  Code of Business Conduct Training  Anti-Bribery & Anti-Harassment Training           Professional Affiliations      Society for Human Resources Management (SHRM)      Florida Human Resource Planning Society (FHRPS)     Greater Miami Society for Human Resources Management (GMSHRM)        Technical Skills    PeopleSoft, Microsoft Office Suite, ADP, and SAP       Languages     Bilingual: Spanish/English     ","Human Resources Business Partner
----------------------------------------
We are seeking an experienced Human Resources Business Partner to serve as a strategic advisor to leadership teams while managing the full employee lifecycle. This role requires a dynamic professional who can balance strategic HR initiatives with hands-on operational support, fostering a positive workplace culture and driving organizational effectiveness. You will work closely with department heads to align HR strategies with business objectives, manage talent acquisition and retention programs, and ensure compliance with employment laws and regulations. The ideal candidate will have exceptional interpersonal skills, strong business acumen, and the ability to influence at all levels of the organization.
----------------------------------------
* Bachelor's degree in Human Resources, Business Administration, Psychology, or related field; Master's degree or MBA preferred
* Minimum 5-7 years of progressive HR experience with at least 3 years in a business partner or strategic HR role
* Professional HR certification such as SHRM-CP, SHRM-SCP, PHR, or SPHR strongly preferred
* Deep knowledge of employment law, HR best practices, and current trends in talent management and organizational development
* Proven experience managing full-cycle recruitment processes and building effective talent acquisition strategies
* Strong business acumen with ability to understand financial statements, business models, and organizational dynamics
* Exceptional interpersonal and communication skills with ability to build trust and influence stakeholders at all organizational levels
* Demonstrated experience with HRIS systems and HR analytics tools; proficiency in Microsoft Office Suite required
* Strong problem-solving and critical thinking abilities with a solutions-oriented mindset
* Ability to handle sensitive and confidential information with discretion and maintain high ethical standards
* Experience leading change management initiatives and supporting organizations through periods of transformation
* Project management skills with ability to manage multiple priorities and deadlines simultaneously
----------------------------------------
* Partner with business leaders to understand organizational goals and develop HR strategies that support achievement of business objectives
* Lead talent acquisition efforts including workforce planning, recruitment strategy development, candidate screening, interviewing, and onboarding processes
* Design and implement comprehensive employee development programs including training initiatives, succession planning, and career progression frameworks
* Manage employee relations issues by conducting thorough investigations, providing coaching to managers, mediating conflicts, and recommending appropriate solutions
* Develop and maintain compensation and benefits programs that are competitive, equitable, and aligned with organizational budget and market standards
* Drive performance management processes including goal setting, mid-year reviews, annual evaluations, and performance improvement plans
* Ensure compliance with federal, state, and local employment laws and regulations including FMLA, ADA, FLSA, and EEO requirements
* Analyze HR metrics and workforce data to identify trends, develop insights, and make data-driven recommendations to leadership
* Lead organizational change management initiatives including restructuring, mergers, acquisitions, and cultural transformation projects
* Develop and implement employee engagement strategies including surveys, feedback mechanisms, recognition programs, and retention initiatives
",HR,"['human resources management', 'talent acquisition', 'employment law compliance', 'employee relations', 'performance management', 'compensation and benefits', 'HRIS systems', 'HR analytics', 'organizational development', 'change management', 'project management', 'training and development', 'succession planning', 'business acumen', 'data analysis', 'Microsoft Office Suite', 'interpersonal skills', 'communication', 'influencing', 'problem solving', 'critical thinking', 'ethical judgment', 'confidentiality', 'teamwork']","['human resources', 'change management', 'benefits administration', 'succession planning', 'organizational development', 'leadership development', 'coaching', 'operations optimization', 'conflict resolution', 'performance management', 'employee recruitment', 'training', 'hris', 'adp', 'peoplesoft', 'microsoft office suite', 'sap', 'project management', 'six sigma', 'business-savvy', 'results-driven', 'solutions-oriented', 'articulate communicator', 'bilingual', 'team building', 'coaching', 'planning', 'problem solving', 'negotiation', 'employee relations', 'analytical thinking', 'strategic planning', 'adaptability', 'conflict resolution']","['human resources management', 'talent acquisition', 'employment law compliance', 'employee relations', 'performance management', 'compensation and benefits', 'HRIS systems', 'HR analytics', 'organizational development', 'change management', 'project management', 'training and development', 'succession planning', 'business acumen', 'data analysis', 'Microsoft Office Suite', 'interpersonal skills', 'communication', 'influencing', 'problem solving', 'critical thinking', 'ethical judgment', 'confidentiality', 'teamwork']",100.0,33.33,71.21,regional hr business partner human resources professional executive profile business savvy results driven and solutions oriented hr executive offering 16 year career in human resources distinguished by commendable performance in developing spearheading and maximizing performance of both individuals and teams known for driving change and championing corporate values vision and mission articulate communicator fully bilingual in english and spanish with proven ability to diffuse highly charged situations by quickly responding to human resources issues and providing executive level support to both the management and staff demonstrated success in orchestrating initiatives that address today s business challenges to attain revenue goals control expenses satisfy customers and attract retain talent while achieving business and profitability objectives core competencies change management benefits administration succession planning organizational development leadership development and coaching infrastructure development operations and workflow optimization conflict resolution professional experience 01 2012 to current regional hr business partner company name city state 110 year old manufacturing company with an iconic brand report to one of the 4 regional vice presidents of the company work with regional business leaders in providing innovative hr solutions to make business strategies actionable provide progressive hr guidelines while ensuring that all hr programs are in accordance with the business needs local labor laws and culture partnered with the performance and growth total rewards and harley davidson university centers of excellence coe as well as with the executive management in executing agreed strategic plan in support of organizational programs effectively engage hr generalists in the la region to establish hr strategies designed to optimize human resources within their business areas analyzed the business talent needs and participate in establishing work unit plans and performance measures within the region administered annual regional hr budget of over 160k and organized annual leadership conference for the entire region successfully led and implemented company hr processes within all regional offices such as performance management system global tuition program gallup engagement surveys leadership trainings and employee purchase plans resulting in 2nd highest company engagement scores in 2012 and 2013 achieved 100 hiring goals while maintaining the lowest recruiting cost of all regions reorganized and aligned all market positions within the subsidiaries at a savings of 2 3m a year from the total sg a budget developed and implemented the company immigration policy while changing to a new immigration process provider which reduced the process time by 45 while saving an average of 25 per visa filed 01 2008 to 10 2011 hr manager company name city state responsible for the development and implementation of corporate hr plans and policies in support of the business plan while ensuring hr regulatory and legal compliance carried out a broad range of hr functions including employee recruitment and training benefits administration as well as overseeing disciplinary action and managing hr records conceived and developed a series of innovative hr programs service and leadership initiatives including comprehensive supervisory training and performance based incentive compensation programs successfully established and maintained a strong functional hr team through effective training coaching planning and team building restructured benefits program by consolidating providers and renegotiating contracts successfully maintaining benefit costs to only a 1 increase in premium from previous year and saving the company over 70k cited as the driving force behind a 35 reduction in payroll processing liability and for identifying over 300k payroll savings through implementation of an integrated adp hris system recognized for achieving voluntary turnover rate of 3 and for introducing new employee orientation and individualized training resulting in 97 satisfaction record led all succession planning initiatives resulting in projected reduction of hiring expenses by approximately 30 over the next 5 years 09 2007 to 09 2008 district hr manager company name city state inspired and retained a high performing diverse workforce for the district building upon the foundation of success as key member of the store management team administered effective management and execution of learning career development employment practices recognition and reward staffing performance management systems and compliance programs while fostering a positive associate relations environment conducted thorough employee investigations in alleged reported cases of sexual harassment discrimination criminal and policy violations which resulted in a reduction of 35 employee lawsuits filed within the district pioneered all initiatives to monitor and manage all performance reviews for department supervisors and hourly associates including rating written reviews and pay increases input yielded 350k district wide reduction in recruitment expenses through spearheading internal recruitment function successfully achieved 100 monthly completion of associate training and development 401k enrollment and fulfillment of aap goals for the district acknowledged for driving the reduction of sexual harassment claims by as much as 20 within first 6 months of training 01 1999 to 01 2007 hr manager company name city state provided consultative direction for ground floor hr infrastructure and organizational efficiency of start up company for multiple high profile client projects such as panasonic leapfrog and aig oversaw the development of compensation functions including job analysis salary administration and job evaluation system as key business partner of leadership team education and certifications 2005 master of science leadership management nova southeastern university city state leadership management 1997 bachelor of arts human services st thomas university city state human services 2013 continuing education coursework project management methodology associate certificate six sigma yellow belt certified code of business conduct training anti bribery anti harassment training professional affiliations society for human resources management shrm florida human resource planning society fhrps greater miami society for human resources management gmshrm technical skills peoplesoft microsoft office suite adp and sap languages bilingual spanish english,human resources business partner we are seeking an experienced human resources business partner to serve as a strategic advisor to leadership teams while managing the full employee lifecycle this role requires a dynamic professional who can balance strategic hr initiatives with hands on operational support fostering a positive workplace culture and driving organizational effectiveness you will work closely with department heads to align hr strategies with business objectives manage talent acquisition and retention programs and ensure compliance with employment laws and regulations the ideal candidate will have exceptional interpersonal skills strong business acumen and the ability to influence at all levels of the organization bachelor s degree in human resources business administration psychology or related field master s degree or mba preferred minimum 5 7 years of progressive hr experience with at least 3 years in a business partner or strategic hr role professional hr certification such as shrm cp shrm scp phr or sphr strongly preferred deep knowledge of employment law hr best practices and current trends in talent management and organizational development proven experience managing full cycle recruitment processes and building effective talent acquisition strategies strong business acumen with ability to understand financial statements business models and organizational dynamics exceptional interpersonal and communication skills with ability to build trust and influence stakeholders at all organizational levels demonstrated experience with hris systems and hr analytics tools proficiency in microsoft office suite required strong problem solving and critical thinking abilities with a solutions oriented mindset ability to handle sensitive and confidential information with discretion and maintain high ethical standards experience leading change management initiatives and supporting organizations through periods of transformation project management skills with ability to manage multiple priorities and deadlines simultaneously partner with business leaders to understand organizational goals and develop hr strategies that support achievement of business objectives lead talent acquisition efforts including workforce planning recruitment strategy development candidate screening interviewing and onboarding processes design and implement comprehensive employee development programs including training initiatives succession planning and career progression frameworks manage employee relations issues by conducting thorough investigations providing coaching to managers mediating conflicts and recommending appropriate solutions develop and maintain compensation and benefits programs that are competitive equitable and aligned with organizational budget and market standards drive performance management processes including goal setting mid year reviews annual evaluations and performance improvement plans ensure compliance with federal state and local employment laws and regulations including fmla ada flsa and eeo requirements analyze hr metrics and workforce data to identify trends develop insights and make data driven recommendations to leadership lead organizational change management initiatives including restructuring mergers acquisitions and cultural transformation projects develop and implement employee engagement strategies including surveys feedback mechanisms recognition programs and retention initiatives,0.43171738232894014,1.0,0.7998560115190785,0.7734294541709578,0.6105013854543851,61.050138545438514,7
11266906,"         SR. HOME MORTGAGE CONSULTANT - WELLS FARGO ADVISORS         Summary     An accomplished, results-driven team player with over 20 years of experience in financial services.  Extensive broad expertise in banking, finance, investments, insurance, and relationship management.  Demonstrated proficiency in new business development across all business lines.        Skills     Solid communication, interpersonal, time management, organizational, and leadership skills.       Experience      Company Name     May 2015       Sr. Home Mortgage Consultant - Wells Fargo Advisors   City  ,   State     •Building solid relationships with referral partners, the Wells Fargo Advisors (team members) by developing and presenting a value proposition, creating and presenting lead identification strategies.  Receiving customer referrals/leads from the Financial Advisors and converting those referrals/leads into mortgage loan applications.  Remaining accountable to referral partner, customer and others during all aspects of the mortgage financing process.  Main responsibilities include:  •Relationship management: Instrumental in initiating, developing and managing relationships with Wells Fargo Advisors in an effort to partner with Financial Advisors for referral/lead generation.  Sales:  •Markets and sells WFHM mortgage products to new or existing WF customers using established inbound, outbound and cold calling techniques, in partnership with Financial Advisors.  Quality Assurance:  •Ensures loan salability by prospecting customers who meet loan qualifications standards and/or by correctly interpreting underwriting guidelines and policies. Central point of contact:  •Acts as the primary source of contact for both the mortgage customer and the Financial Advisor throughout the loan process, including rate quotes and locks, loan originations, and pipeline management.         Company Name     March 2013   to   May 2015     Sr. Home Mortgage Consultant   City  ,   State      Provides consultation in regards to home financing by education borrowers on available mortgage financing products and process · Business via corporate relationships, direct to consumer marketing and other third party Relationships, Wells Fargo Corporate Relocation Consulting · Completing loan structuring, pricing loan, locking loan rates, pipeline review accordance With WFC policies and procedures · In depth knowledge of investor and regulatory guidelines: FHA, VA, FNMA, FMLMC.          Company Name     April 2010   to   May 2012     Financial Advisor   City  ,   State      Developing a book of business in order to meet and exceed the required performance hurdles · Effectively sourcing prospecting clients, capitalizing on referrals, assessing customer needs, referring customers to the appropriate service provider, and executing highly customized solutions to meet the clients needs · Recommending investment products and services that are suitable for prospects and clients based on their objectives, resources, time horizon, risk profile and preferences · Balancing investment growth, referral activities, customer follow up, prospect building, administrative compliance and personal growth and development according to both a day-to- day and longer-term plan · Planning and managing resources (time, people, budget) · Seeking the expertise of specialists, where appropriate, to identify planning and investment strategies for a client · Establishing and maintaining relationship with the management team and informing management of any circumstances that require supervisory attention/approval as per compliance guidelines and polices · Completing mandated training, assessments, performance goals and continuing education requirements.          Company Name     August 2008   to   February 2010     Vice President, Wealth Advisor II   City  ,   State      Responsible for identifying prospective clients with a minimum of $1MM investable assets.  Utilize a profiling based approach with a wealth planning orientation to meet clients overall present and future wealth management needs.  Prepare presentations, follow up on client contacts, and refer the sale of products and services including portfolio management, private banking, trust, estate services, insurance, as well as other services available across the Wells Fargo franchise.  Serve as the relationship manager by coordinating Trust Officers, Investment Managers, Private Bankers, Financial Consultants, Wealth Management Specialists, Insurance Specialists and other contacts across Wells Fargo to deliver full-service wealth management.   Key Accomplishments : § Completion of Wells Fargo Wealth Advisor/The Private Bank Foundation.          Company Name     April 2007   to   August 2008     Vice President, Senior Business Relationship Manager   City  ,   State      Responsible for soliciting and maintaining account relationships with multifaceted businesses with annual gross sales up to $25MM.  Serve as the relationship manager to existing clientele in providing ongoing financial consulting · Assess the commercial loan and deposit needs for current and prospective clients.  Analyze and secure suitable credit with Wells Fargo Bank products and services.   Key Accomplishments : § Completion of Wells Fargo Business Banking College of Commercial Credit § Medallion Stamp Certification# X0209353-2609 § Authorized Lending Limits: § Final approval on wires processed through (FTS) New: $1,000,000 § Lending New $50,000  Lending Existing $100,000 § Lending Incremental $50,000§ Concurrence $1,000,000 § Concurrence Area Of Caution 250,000 § Operating Exposure $100,000 § RCS Authority (DOD Exception Wire Transfers) $100,000 ACH Authority $100,000.              Company Name     November 1996   to   April 2007     Senior National Home Mortgage Consultant   City  ,   State      Responsible for mortgage origination with a focus on relationships through employee mortgage programs with Fortune 500 companies affinity groups, and/or portfolio retention   In depth knowledge of investor and regulatory guidelines: FHA, VA, FNMA, FMLMC.  Develop and manage relationships with both external and internal clients.  Leaders Club, Team Lead § 2006 1st Mtg Funded Units: 156 $30,520,799 Avg Ln Amt: $195,646 § 2006 2nd Mtg Funded Units: 43 $1,873,377 Avg Ln Amt: $43,566 § 2006 Revenue: $590,110.47 Revenue BPS: 193.35 NOI: $235,967.47 § 2006 Centralized Retail Referrals & Cross sell Top Alliance Bank Referrals 382 § 2005 1st Mtg Funded Units: 161 $34,183,691 Avg Ln Amt $212,321 § 2005 2nd Mtg Funded Units: 54 $2,491,738 Avg Ln Amt: $46,143 § Recognized as #1 in Home Equity sales for 2002 and 2003 in Corporate Wells Fargo § Recognized as #1 in Lender Paid Mortgage Insurance.          Education      Minnesota State University     1988       Bachelor of Science  :   Business Administration     City  ,   State               Additional Information       S.A.F.E. MORTGAGE NMLS # 533306  INACTIVE LICENSES · Series 7, 66, 63 · Life, Accident and Health Insurance ·      ","Commercial Banking Relationship Manager
----------------------------------------
We are seeking an experienced Commercial Banking Relationship Manager to develop and manage a portfolio of commercial banking clients, providing comprehensive financial solutions and exceptional relationship management. This role requires a banking professional who can identify business needs, structure financing solutions, cross-sell banking products, and serve as trusted financial advisor to middle-market companies. You will be responsible for business development, credit analysis, loan structuring, portfolio management, and delivering superior client service. The ideal candidate will have strong commercial banking knowledge, proven sales abilities, excellent credit judgment, and talent for building lasting client relationships that drive profitability and portfolio growth.
----------------------------------------
* Bachelor's degree in Finance, Business, Economics, or related field; MBA preferred
* Minimum 5-8 years of commercial banking, business banking, or corporate lending experience with proven track record of portfolio growth
* Strong credit analysis and financial statement interpretation skills with ability to assess business creditworthiness and structure appropriate financing
* Comprehensive knowledge of commercial loan products, treasury management solutions, and banking services for business clients
* Proven business development abilities with demonstrated success generating new commercial banking relationships and meeting production goals
* Excellent relationship management skills with talent for understanding client needs, building trust, and serving as strategic financial advisor
* Strong understanding of various industries, business models, and financial structures affecting commercial borrowers
* Ability to structure complex transactions and negotiate deal terms that balance client satisfaction with appropriate risk and return
* Proficiency with commercial loan documentation, credit agreement covenants, and lending legal requirements
* Knowledge of regulatory environment affecting commercial lending including bank regulations, compliance requirements, and lending limits
* Exceptional communication and presentation skills for client meetings, credit presentations, and internal collaboration
* Strong organizational abilities with capacity to manage diverse portfolio of clients with varying needs and risk profiles
* Established network within local business community preferred; willingness to actively build professional networks and visibility
* Proficiency with loan origination systems, credit analysis tools, and banking platforms
* Series 6, 7, or 63 securities licenses beneficial for wealth management referrals but not required
* Flexibility to attend client meetings, networking events, and business functions outside traditional banking hours as needed
----------------------------------------
* Develop and manage portfolio of commercial banking relationships with annual revenues typically ranging from $5M to $100M across diverse industries
* Prospect for new business through networking, referrals, cold calling, and community involvement, building pipeline of qualified commercial banking opportunities
* Conduct comprehensive needs assessments with business owners and financial decision-makers, understanding business operations, financial position, and banking needs
* Structure and recommend appropriate commercial lending solutions including lines of credit, term loans, commercial real estate financing, and equipment financing
* Perform financial analysis and credit underwriting, reviewing financial statements, tax returns, collateral, and business plans to assess creditworthiness and risk
* Prepare detailed credit memorandums and loan presentations for credit approval, articulating deal structure, repayment sources, collateral, and risk mitigation
* Cross-sell comprehensive banking products and services including treasury management, merchant services, wealth management, and employee benefit programs
* Monitor portfolio performance through regular client contact, financial statement reviews, and site visits, proactively identifying and addressing potential issues
* Maintain compliance with bank policies, regulatory requirements, and credit administration procedures throughout loan origination and portfolio management
* Build and leverage professional networks through chamber memberships, trade associations, industry events, and community leadership roles
* Collaborate with treasury management, credit administration, operations, and other internal partners to deliver seamless client service and solutions
* Stay informed about economic conditions, industry trends, and competitive offerings affecting commercial banking clients and opportunities
* Meet or exceed annual goals for loan production, portfolio growth, fee income generation, and new relationship development
* Negotiate pricing, terms, and conditions for credit facilities while balancing client needs with bank profitability and risk objectives
",BANKING,"['commercial banking', 'credit analysis', 'financial statement interpretation', 'loan structuring', 'portfolio management', 'business development', 'commercial loan products', 'treasury management', 'regulatory compliance', 'credit underwriting', 'financial analysis', 'loan documentation', 'negotiation', 'risk assessment', 'client relationship management', 'networking', 'presentation skills', 'loan origination systems', 'credit agreement covenants', 'banking platforms', 'wealth management', 'communication', 'relationship building', 'client service', 'strategic advising', 'organizational skills', 'problem solving', 'collaboration', 'flexibility', 'presentation']","['banking', 'finance', 'investments', 'insurance', 'relationship management', 'business development', 'sales', 'mortgage products', 'loan origination', 'pipeline management', 'fha', 'va', 'fnma', 'fmlmc', 'credit analysis', 'financial consulting', 'wealth management', 'portfolio management', 'trust services', 'estate services', 'insurance products', 'commercial loans', 'time management', 'organizational skills', 'leadership', 'cold calling', 'lead generation', 'customer service', 'compliance', 'risk assessment', 'financial planning', 'investment strategies', 'communication', 'interpersonal skills', 'teamwork', 'problem solving', 'customer relationship management', 'presentation skills', 'negotiation', 'adaptability', 'attention to detail', 'strategic thinking', 'collaboration', 'initiative', 'client-focused', 'performance-driven', 'networking']","['commercial banking', 'credit analysis', 'loan structuring', 'portfolio management', 'business development', 'regulatory compliance', 'credit underwriting', 'loan documentation', 'risk assessment', 'client relationship management', 'networking', 'presentation skills', 'loan origination systems', 'wealth management', 'communication', 'relationship building', 'client service', 'strategic advising', 'organizational skills', 'problem solving', 'collaboration', 'presentation']",71.29,40.0,77.82,sr home mortgage consultant wells fargo advisors summary an accomplished results driven team player with over 20 years of experience in financial services extensive broad expertise in banking finance investments insurance and relationship management demonstrated proficiency in new business development across all business lines skills solid communication interpersonal time management organizational and leadership skills experience company name may 2015 sr home mortgage consultant wells fargo advisors city state building solid relationships with referral partners the wells fargo advisors team members by developing and presenting a value proposition creating and presenting lead identification strategies receiving customer referrals leads from the financial advisors and converting those referrals leads into mortgage loan applications remaining accountable to referral partner customer and others during all aspects of the mortgage financing process main responsibilities include relationship management instrumental in initiating developing and managing relationships with wells fargo advisors in an effort to partner with financial advisors for referral lead generation sales markets and sells wfhm mortgage products to new or existing wf customers using established inbound outbound and cold calling techniques in partnership with financial advisors quality assurance ensures loan salability by prospecting customers who meet loan qualifications standards and or by correctly interpreting underwriting guidelines and policies central point of contact acts as the primary source of contact for both the mortgage customer and the financial advisor throughout the loan process including rate quotes and locks loan originations and pipeline management company name march 2013 to may 2015 sr home mortgage consultant city state provides consultation in regards to home financing by education borrowers on available mortgage financing products and process business via corporate relationships direct to consumer marketing and other third party relationships wells fargo corporate relocation consulting completing loan structuring pricing loan locking loan rates pipeline review accordance with wfc policies and procedures in depth knowledge of investor and regulatory guidelines fha va fnma fmlmc company name april 2010 to may 2012 financial advisor city state developing a book of business in order to meet and exceed the required performance hurdles effectively sourcing prospecting clients capitalizing on referrals assessing customer needs referring customers to the appropriate service provider and executing highly customized solutions to meet the clients needs recommending investment products and services that are suitable for prospects and clients based on their objectives resources time horizon risk profile and preferences balancing investment growth referral activities customer follow up prospect building administrative compliance and personal growth and development according to both a day to day and longer term plan planning and managing resources time people budget seeking the expertise of specialists where appropriate to identify planning and investment strategies for a client establishing and maintaining relationship with the management team and informing management of any circumstances that require supervisory attention approval as per compliance guidelines and polices completing mandated training assessments performance goals and continuing education requirements company name august 2008 to february 2010 vice president wealth advisor ii city state responsible for identifying prospective clients with a minimum of 1mm investable assets utilize a profiling based approach with a wealth planning orientation to meet clients overall present and future wealth management needs prepare presentations follow up on client contacts and refer the sale of products and services including portfolio management private banking trust estate services insurance as well as other services available across the wells fargo franchise serve as the relationship manager by coordinating trust officers investment managers private bankers financial consultants wealth management specialists insurance specialists and other contacts across wells fargo to deliver full service wealth management key accomplishments completion of wells fargo wealth advisor the private bank foundation company name april 2007 to august 2008 vice president senior business relationship manager city state responsible for soliciting and maintaining account relationships with multifaceted businesses with annual gross sales up to 25mm serve as the relationship manager to existing clientele in providing ongoing financial consulting assess the commercial loan and deposit needs for current and prospective clients analyze and secure suitable credit with wells fargo bank products and services key accomplishments completion of wells fargo business banking college of commercial credit medallion stamp certification x0209353 2609 authorized lending limits final approval on wires processed through fts new 1 000 000 lending new 50 000 lending existing 100 000 lending incremental 50 000 concurrence 1 000 000 concurrence area of caution 250 000 operating exposure 100 000 rcs authority dod exception wire transfers 100 000 ach authority 100 000 company name november 1996 to april 2007 senior national home mortgage consultant city state responsible for mortgage origination with a focus on relationships through employee mortgage programs with fortune 500 companies affinity groups and or portfolio retention in depth knowledge of investor and regulatory guidelines fha va fnma fmlmc develop and manage relationships with both external and internal clients leaders club team lead 2006 1st mtg funded units 156 30 520 799 avg ln amt 195 646 2006 2nd mtg funded units 43 1 873 377 avg ln amt 43 566 2006 revenue 590 110 47 revenue bps 193 35 noi 235 967 47 2006 centralized retail referrals cross sell top alliance bank referrals 382 2005 1st mtg funded units 161 34 183 691 avg ln amt 212 321 2005 2nd mtg funded units 54 2 491 738 avg ln amt 46 143 recognized as 1 in home equity sales for 2002 and 2003 in corporate wells fargo recognized as 1 in lender paid mortgage insurance education minnesota state university 1988 bachelor of science business administration city state additional information s a f e mortgage nmls 533306 inactive licenses series 7 66 63 life accident and health insurance,commercial banking relationship manager we are seeking an experienced commercial banking relationship manager to develop and manage a portfolio of commercial banking clients providing comprehensive financial solutions and exceptional relationship management this role requires a banking professional who can identify business needs structure financing solutions cross sell banking products and serve as trusted financial advisor to middle market companies you will be responsible for business development credit analysis loan structuring portfolio management and delivering superior client service the ideal candidate will have strong commercial banking knowledge proven sales abilities excellent credit judgment and talent for building lasting client relationships that drive profitability and portfolio growth bachelor s degree in finance business economics or related field mba preferred minimum 5 8 years of commercial banking business banking or corporate lending experience with proven track record of portfolio growth strong credit analysis and financial statement interpretation skills with ability to assess business creditworthiness and structure appropriate financing comprehensive knowledge of commercial loan products treasury management solutions and banking services for business clients proven business development abilities with demonstrated success generating new commercial banking relationships and meeting production goals excellent relationship management skills with talent for understanding client needs building trust and serving as strategic financial advisor strong understanding of various industries business models and financial structures affecting commercial borrowers ability to structure complex transactions and negotiate deal terms that balance client satisfaction with appropriate risk and return proficiency with commercial loan documentation credit agreement covenants and lending legal requirements knowledge of regulatory environment affecting commercial lending including bank regulations compliance requirements and lending limits exceptional communication and presentation skills for client meetings credit presentations and internal collaboration strong organizational abilities with capacity to manage diverse portfolio of clients with varying needs and risk profiles established network within local business community preferred willingness to actively build professional networks and visibility proficiency with loan origination systems credit analysis tools and banking platforms series 6 7 or 63 securities licenses beneficial for wealth management referrals but not required flexibility to attend client meetings networking events and business functions outside traditional banking hours as needed develop and manage portfolio of commercial banking relationships with annual revenues typically ranging from 5m to 100m across diverse industries prospect for new business through networking referrals cold calling and community involvement building pipeline of qualified commercial banking opportunities conduct comprehensive needs assessments with business owners and financial decision makers understanding business operations financial position and banking needs structure and recommend appropriate commercial lending solutions including lines of credit term loans commercial real estate financing and equipment financing perform financial analysis and credit underwriting reviewing financial statements tax returns collateral and business plans to assess creditworthiness and risk prepare detailed credit memorandums and loan presentations for credit approval articulating deal structure repayment sources collateral and risk mitigation cross sell comprehensive banking products and services including treasury management merchant services wealth management and employee benefit programs monitor portfolio performance through regular client contact financial statement reviews and site visits proactively identifying and addressing potential issues maintain compliance with bank policies regulatory requirements and credit administration procedures throughout loan origination and portfolio management build and leverage professional networks through chamber memberships trade associations industry events and community leadership roles collaborate with treasury management credit administration operations and other internal partners to deliver seamless client service and solutions stay informed about economic conditions industry trends and competitive offerings affecting commercial banking clients and opportunities meet or exceed annual goals for loan production portfolio growth fee income generation and new relationship development negotiate pricing terms and conditions for credit facilities while balancing client needs with bank profitability and risk objectives,0.2830826251173081,0.7129000000000001,0.9599232061435086,0.8868863714383796,0.6068955486893826,60.68955486893826,8
30563572,"         HR MANAGER/BUSINESS PARTNER           Summary    A Human Resources Business Partner with extensive experience aligning HR strategy with business strategy for assigned business groups. Employee Relations Coaching/Mentoring Talent Acquisition Salary Planning Organizational Design Workforce Planning Talent Management Succession Planning Change Management Development       Highlights          Lominger Korn/Ferry Certifications: Talking Talent, Succession Architect, Voices 360 and  Leadership Architect HRIS – Workday, PeopleSoft, Oracle, HR Workways / Taleo  Excellent Written and Verbal Communication Skills  Self-motivated, detail oriented, organized, customer focused  Maintains high level of confidentiality  Proficient with MS Word, Excel, PowerPoint, Outlook   Performance management strategies  Employment law knowledge  Employee relations  Manager coaching and training  HRIS applications proficient      Talent management  Employee Relations  Coaching  Talent Acquisition  Workforce planning              Experience      HR Manager/Business Partner    January 2000   to   January 2014     Company Name   －   City  ,   State      Point of contact for multiple business groups of 400+ employees including various support groups Finance, Legal, IT, etc.) and other business units such as Manufacturing, Marketing, and Service.  Strategic Business Partner – Partnered with Vice Presidents, Directors, and other management on workforce planning, talent management, change management, and building organizational capability.  Employee Relations - Responded to and facilitated the resolution of employee relations issues (i.e.  performance concerns, investigations, terminations, and day to day questions).  Partnered with legal counsel as needed.  Talent Management - Provided coaching and feedback to managers and employees on talent management activities including performance management, training and development, organizational capability assessment, strategy and planning.  Facilitated annual calibration, salary planning, and talent reviews.  Workforce Planning - Partnered with Talent Acquisition to drive recruitment strategies and processes including review and approval of requisitions and strategy sessions.  Partnered with management on their staffing requirements, identified skill gaps, analyzed and communicated trends, and implemented retention initiatives.  Designed, developed and executed HR plans within assigned business groups to support overall corporate and business unit direction.  Partnered and collaborated with other HR functions (i.e.  Compensation, Talent Acquisition, HRIS, T&OD) to develop, implement, maintain and deliver, value added companywide service to both management and employees.  Change Management:  Facilitated and managed organizational change such as reorganizations, leadership changes or reductions in force.  Compliance:  Assured client group compliance with legal requirements across diverse areas of human resources.          Senior Human Resources Generalist    January 1997   to   January 2000     Company Name   －   City  ,   State      Point of contact for client group of 400+ employees in a fast paced, high volume-manufacturing environment.  Strategic business partner with Vice President, Directors, and other management.  Kept executive updated on areas such as morale issues, hiring needs, headcount, effective communication and management style, etc.  Talent Acquisition: Managed a work load of 50+ open requisitions at any given time (Exempt and Non-exempt positions) Employee Relations: Handled employee relations' issues for client groups (i.e.  performance, sexual harassment, violence, investigations, mediations, terminations and day to day questions).  Benefits:  Administered benefits and compensation and tracked leave of absences.  Workers Compensation:  Filed and monitored Workers' Compensation claims, and OSHA reporting.          Associate Human Resources Representative    January 1992   to   January 1997     Company Name   －   City  ,   State      Administered company benefit programs for 800 employees including Flexible Benefits, 401(k), and COBRA; maintained vendor relations; prepared monthly insurance billings.  Employee relations:  Responsible for employee relations issues for a client group of 100 employees.  New Hire Orientation:  Conducted weekly new hire orientation to all employees including management.  Events:  Developed, coordinated, and promoted employee events and award programs (i.e.  health fairs, seniority awards Wellness Program:  Developed and managed the Wellness Program.  Workers' Compensation: Filed and monitored Workers' Compensation claims, and OSHA reporting.  Leaves of Absence:  Processed and tracked leave of absences.  Staffing:  Supported the recruiting function.          Education      B.S   :   Business Administration      California State University   －   City        Business Administration        SPHR Certification – (2010-present)
HR Certification Institute                Professional Affiliations    Society of Human Resource Management      Skills     Architect, Benefits, billings, calibration, Change Management, coaching, client, detail oriented, direction, Employee Relations, fast, Finance, hiring, HRIS, HR, human    resources, insurance, Leadership, Legal, Marketing, Excel, Outlook, PowerPoint, MS Word, Oracle, organizational, PeopleSoft, performance management, processes, recruiting, recruitment, reporting, Self-motivated, Staffing, strategy, Strategic, strategy and planning, vendor relations, Verbal Communication Skills, Excellent Written    ","Human Resources Business Partner
----------------------------------------
We are seeking an experienced Human Resources Business Partner to serve as a strategic advisor to leadership teams while managing the full employee lifecycle. This role requires a dynamic professional who can balance strategic HR initiatives with hands-on operational support, fostering a positive workplace culture and driving organizational effectiveness. You will work closely with department heads to align HR strategies with business objectives, manage talent acquisition and retention programs, and ensure compliance with employment laws and regulations. The ideal candidate will have exceptional interpersonal skills, strong business acumen, and the ability to influence at all levels of the organization.
----------------------------------------
* Bachelor's degree in Human Resources, Business Administration, Psychology, or related field; Master's degree or MBA preferred
* Minimum 5-7 years of progressive HR experience with at least 3 years in a business partner or strategic HR role
* Professional HR certification such as SHRM-CP, SHRM-SCP, PHR, or SPHR strongly preferred
* Deep knowledge of employment law, HR best practices, and current trends in talent management and organizational development
* Proven experience managing full-cycle recruitment processes and building effective talent acquisition strategies
* Strong business acumen with ability to understand financial statements, business models, and organizational dynamics
* Exceptional interpersonal and communication skills with ability to build trust and influence stakeholders at all organizational levels
* Demonstrated experience with HRIS systems and HR analytics tools; proficiency in Microsoft Office Suite required
* Strong problem-solving and critical thinking abilities with a solutions-oriented mindset
* Ability to handle sensitive and confidential information with discretion and maintain high ethical standards
* Experience leading change management initiatives and supporting organizations through periods of transformation
* Project management skills with ability to manage multiple priorities and deadlines simultaneously
----------------------------------------
* Partner with business leaders to understand organizational goals and develop HR strategies that support achievement of business objectives
* Lead talent acquisition efforts including workforce planning, recruitment strategy development, candidate screening, interviewing, and onboarding processes
* Design and implement comprehensive employee development programs including training initiatives, succession planning, and career progression frameworks
* Manage employee relations issues by conducting thorough investigations, providing coaching to managers, mediating conflicts, and recommending appropriate solutions
* Develop and maintain compensation and benefits programs that are competitive, equitable, and aligned with organizational budget and market standards
* Drive performance management processes including goal setting, mid-year reviews, annual evaluations, and performance improvement plans
* Ensure compliance with federal, state, and local employment laws and regulations including FMLA, ADA, FLSA, and EEO requirements
* Analyze HR metrics and workforce data to identify trends, develop insights, and make data-driven recommendations to leadership
* Lead organizational change management initiatives including restructuring, mergers, acquisitions, and cultural transformation projects
* Develop and implement employee engagement strategies including surveys, feedback mechanisms, recognition programs, and retention initiatives
",HR,"['human resources management', 'talent acquisition', 'employment law compliance', 'employee relations', 'performance management', 'compensation and benefits', 'HRIS systems', 'HR analytics', 'organizational development', 'change management', 'project management', 'training and development', 'succession planning', 'business acumen', 'data analysis', 'Microsoft Office Suite', 'interpersonal skills', 'communication', 'influencing', 'problem solving', 'critical thinking', 'ethical judgment', 'confidentiality', 'teamwork']","['talent acquisition', 'employee relations', 'workforce planning', 'talent management', 'change management', 'hris', 'workday', 'peoplesoft', 'oracle', 'taleo', 'ms word', 'excel', 'powerpoint', 'outlook', 'performance management', 'employment law', 'coaching', 'training', 'organizational design', 'succession planning', 'salary planning', 'compliance', 'benefits administration', 'workers compensation', 'osha reporting', 'recruiting', 'staffing', 'vendor relations', 'wellness program', 'communication', 'self-motivated', 'detail oriented', 'organized', 'customer focused', 'confidentiality', 'strategic thinking', 'problem solving', 'team collaboration', 'coaching and mentoring']","['human resources management', 'talent acquisition', 'employment law compliance', 'employee relations', 'performance management', 'compensation and benefits', 'HRIS systems', 'organizational development', 'change management', 'training and development', 'succession planning', 'business acumen', 'Microsoft Office Suite', 'interpersonal skills', 'communication', 'influencing', 'problem solving', 'critical thinking', 'ethical judgment', 'confidentiality', 'teamwork']",86.03,33.33,71.47,hr manager business partner summary a human resources business partner with extensive experience aligning hr strategy with business strategy for assigned business groups employee relations coaching mentoring talent acquisition salary planning organizational design workforce planning talent management succession planning change management development highlights lominger korn ferry certifications talking talent succession architect voices 360 and leadership architect hris workday peoplesoft oracle hr workways taleo excellent written and verbal communication skills self motivated detail oriented organized customer focused maintains high level of confidentiality proficient with ms word excel powerpoint outlook performance management strategies employment law knowledge employee relations manager coaching and training hris applications proficient talent management employee relations coaching talent acquisition workforce planning experience hr manager business partner january 2000 to january 2014 company name city state point of contact for multiple business groups of 400 employees including various support groups finance legal it etc and other business units such as manufacturing marketing and service strategic business partner partnered with vice presidents directors and other management on workforce planning talent management change management and building organizational capability employee relations responded to and facilitated the resolution of employee relations issues i e performance concerns investigations terminations and day to day questions partnered with legal counsel as needed talent management provided coaching and feedback to managers and employees on talent management activities including performance management training and development organizational capability assessment strategy and planning facilitated annual calibration salary planning and talent reviews workforce planning partnered with talent acquisition to drive recruitment strategies and processes including review and approval of requisitions and strategy sessions partnered with management on their staffing requirements identified skill gaps analyzed and communicated trends and implemented retention initiatives designed developed and executed hr plans within assigned business groups to support overall corporate and business unit direction partnered and collaborated with other hr functions i e compensation talent acquisition hris t od to develop implement maintain and deliver value added companywide service to both management and employees change management facilitated and managed organizational change such as reorganizations leadership changes or reductions in force compliance assured client group compliance with legal requirements across diverse areas of human resources senior human resources generalist january 1997 to january 2000 company name city state point of contact for client group of 400 employees in a fast paced high volume manufacturing environment strategic business partner with vice president directors and other management kept executive updated on areas such as morale issues hiring needs headcount effective communication and management style etc talent acquisition managed a work load of 50 open requisitions at any given time exempt and non exempt positions employee relations handled employee relations issues for client groups i e performance sexual harassment violence investigations mediations terminations and day to day questions benefits administered benefits and compensation and tracked leave of absences workers compensation filed and monitored workers compensation claims and osha reporting associate human resources representative january 1992 to january 1997 company name city state administered company benefit programs for 800 employees including flexible benefits 401 k and cobra maintained vendor relations prepared monthly insurance billings employee relations responsible for employee relations issues for a client group of 100 employees new hire orientation conducted weekly new hire orientation to all employees including management events developed coordinated and promoted employee events and award programs i e health fairs seniority awards wellness program developed and managed the wellness program workers compensation filed and monitored workers compensation claims and osha reporting leaves of absence processed and tracked leave of absences staffing supported the recruiting function education b s business administration california state university city business administration sphr certification 2010 present hr certification institute professional affiliations society of human resource management skills architect benefits billings calibration change management coaching client detail oriented direction employee relations fast finance hiring hris hr human resources insurance leadership legal marketing excel outlook powerpoint ms word oracle organizational peoplesoft performance management processes recruiting recruitment reporting self motivated staffing strategy strategic strategy and planning vendor relations verbal communication skills excellent written,human resources business partner we are seeking an experienced human resources business partner to serve as a strategic advisor to leadership teams while managing the full employee lifecycle this role requires a dynamic professional who can balance strategic hr initiatives with hands on operational support fostering a positive workplace culture and driving organizational effectiveness you will work closely with department heads to align hr strategies with business objectives manage talent acquisition and retention programs and ensure compliance with employment laws and regulations the ideal candidate will have exceptional interpersonal skills strong business acumen and the ability to influence at all levels of the organization bachelor s degree in human resources business administration psychology or related field master s degree or mba preferred minimum 5 7 years of progressive hr experience with at least 3 years in a business partner or strategic hr role professional hr certification such as shrm cp shrm scp phr or sphr strongly preferred deep knowledge of employment law hr best practices and current trends in talent management and organizational development proven experience managing full cycle recruitment processes and building effective talent acquisition strategies strong business acumen with ability to understand financial statements business models and organizational dynamics exceptional interpersonal and communication skills with ability to build trust and influence stakeholders at all organizational levels demonstrated experience with hris systems and hr analytics tools proficiency in microsoft office suite required strong problem solving and critical thinking abilities with a solutions oriented mindset ability to handle sensitive and confidential information with discretion and maintain high ethical standards experience leading change management initiatives and supporting organizations through periods of transformation project management skills with ability to manage multiple priorities and deadlines simultaneously partner with business leaders to understand organizational goals and develop hr strategies that support achievement of business objectives lead talent acquisition efforts including workforce planning recruitment strategy development candidate screening interviewing and onboarding processes design and implement comprehensive employee development programs including training initiatives succession planning and career progression frameworks manage employee relations issues by conducting thorough investigations providing coaching to managers mediating conflicts and recommending appropriate solutions develop and maintain compensation and benefits programs that are competitive equitable and aligned with organizational budget and market standards drive performance management processes including goal setting mid year reviews annual evaluations and performance improvement plans ensure compliance with federal state and local employment laws and regulations including fmla ada flsa and eeo requirements analyze hr metrics and workforce data to identify trends develop insights and make data driven recommendations to leadership lead organizational change management initiatives including restructuring mergers acquisitions and cultural transformation projects develop and implement employee engagement strategies including surveys feedback mechanisms recognition programs and retention initiatives,0.41692600719220657,0.8603000000000001,0.7998560115190785,0.7778922073463784,0.6039982485211025,60.39982485211025,9
84356308,"         FINANCE MANAGER       Accomplishments      Transfer Pricing and Tax seminars, domestic and international, conducted by E & Y and KPMG IFRS, conducted by Institute of Chartered Accountants of Pakistan (ICAP) Balanced Score Card- A tool for strategy execution, conducted by ICAP Sukuk- the most rapidly growing and widely accepted Islamic structure, conducted by ICAP Making Strategy Happen- an intensive immersion into the world of Strategy Execution, conducted by MIH Training Academy, a division of Naseba and certified by Institute of Leadership & Management.        Professional Summary     Corporate finance executive and CPA offering 16 years of experience with the wealth of strategic and operational knowledge. Wide-ranging cross financing experience in auditing & assurance, financial and advisory services with big 4 professional firms (Deloitte & Touché), lead IPO and M&A transactions. Strong expertise in public reporting (through Capital Market Authority), capital market transactions, strategic negotiations and international business. 
Proven ability in managing and motivating teams of loyal and productive employees. Excellent leader with a track record of problem solving, and consistently drives bottom-line performance, efficiency, process and profit improvements and enhanced internal controls. Attained well-recognized results as a key advisor to the CEO, member of the senior executive team of a public listed company.       Affiliations     Bachelor of Science (B.Sc.) from University of the Punjab, Pakistan Member of Institute of Certified Public Accountants of Pakistan Certified Public Accountant (CPA), Membership No. M647 Fellow Member of Chartered Institute of Cost and Management Accountants of Nigeria Cost and Management Accountant (FCMA), Membership No. 509 Associate Member of Saudi Organization of Certified Public Accountants Certified Public Accountant (CPA), Membership No. 3664 Associate Member of Association of Certified Public Accountants - UK Chartered Accountant - Intermediate (CA, Intermediate-Pakistan)       Skills          Strategic Financial Planning  Risk Management & Performance Analysis  Investment Management  Budgeting, Forecasting and Analysis  External Audit & Actuarial Work Finalization  Accounting & Auditing  Corporate/Operational Finance  Treasury  Taxation  Regulatory compliance      Mergers & Acquisition  Financial Reporting and Executive Presentation  Financial modeling capability  IFRS proficiency  US GAAP principles  Expert in GAAP and statutory reporting  MS Office Suite  Auditing proficiency  ERP (Enterprise Resource Planning) software  Internal control management            Work History      Finance Manager     03/2017  
                                to   Current      Company Name   –   City  ,
                              State      Performed Financial Due Diligence of the business acquired by the entity. Prepared financial projections and did investment appraisal.   Arranged financing from the bank to finance the business acquisition.   Prepared and presented strategic planning to management for approval.   Provide leadership role in all aspects of the company's financial operations and manage treasury function, present production and financial reports under local GAAP to the management and ensure tax compliance, arrange insurance cover for business and employees.   Designed, got approved, implemented and monitored internal controls. Prepared Break-even Analysis, formulated salary structure, prepared, monitored and adjusted financial budget.   Oversaw preparation, and analyze monthly financial reports for management and Board of Directors, quarterly reports and financial reports for Board meetings.  Collected and reported monthly expense variances and explanations.  Computed taxes owed by applying prescribed rates, laws and regulations.         Chief Financial Officer, CFO     10/2011  
                                to   09/2016      Company Name   –   City  ,
                              State      Developed strategies for sustainable value creation, supported senior management in decision making, managed assets-liabilities mismatch risk and ensured relevant and useful internal and external reporting.  Led the accounting and financial function, improved the financial performance through recommendation and implementation of various measures.  Broad scope of authority included executive guidance for all.  Established strong system of financial reporting that ensure adequacy of Technical Reserves even contesting external actuary's recommended Reserves directly improved the bottom line.  Successfully negotiated the Reinsurance Contracts on favorable terms and single handedly arranged a new reinsurance cover.  Key contributions: Headed the Share Capital raise of the Company by $ 60 million through Rights Issue.  Led the implementation team in successfully implementing ERP System and replacing in-house standalone modules.  Reengineered the Accounts and Finance Function by segmenting into Accounts Receivable, Accounts Payable, Treasury and GL sections and streamlined the reporting hierarchy and introduced the accounting and control procedures for capital expenditure.  Co-orchestrated the transformation of the company from its multi-million dollar loss position to a net income of 2.0% in first two years then up to 7.1% in next two years by making a thorough analysis of the portfolio and developing monthly reports, putting in place controls.  Developed a new analysis tool using MS Excel advanced features that was used company-wide to measure financial performance at each of 13 retail locations and for each product on a monthly, quarterly and annual basis.  Achieved significant cost savings where General & Administrative expenses reduced to 11% from 17% of revenue by reviewing along-with HR manager the job descriptions and consolidating wherever applicable and eliminating redundant positions.  Developed the management reporting system, through which recommended to the head of technical to revisit the prices of a particular product which were done and that resulted in increase of sales volume of the product by almost 2 times while keeping the loss ratio on lower side and yielding higher profit in absolute terms.  Achieved savings of $ 1.6 million per year by creating a tax-efficient cross-border reinsurance structure.  Established 'Collection Unit' that improved the receivable turnover from 1.58 to 3.16 times and reduced the provision for doubtful debts by $ 2.53 million that impacted the bottom line positively.  Created boardroom multimedia presentations including video and text- sync'd depositions for enhanced understanding.  Developed new process for employee evaluation which resulted in marked performance improvements.         Manager Audit     01/2007  
                                to   09/2011      Company Name   –   City  ,
                              State      Project management of a number of significant audit engagements, often multi-disciplinary and multi-jurisdictional to ensure market reporting timetables were met whilst ensuring client service standards were maintained.  Professional engagements  often involved the management of complex audit teams, resolution of technical accounting issues under IFRSs & local GAAP and liaising with senior client management and group audit teams.  Achieved the Employee of the year award for the year 2010 by managing one of the biggest portfolios of clients contributing good amount of revenue to the firm's income while maintaining high quality work.  Contributed to the growth of revenue of the Firm by introducing new clients and agreeing on additional services with existing clients i.e. during the course of audit convinced the client for tax consultancy services as well.  Managed the referral jobs for multinational clients where audited the financial statements prepared under US GAAP and other cross border GAAP.  Performed Financial Due Diligence and Valuation in connection with Mergers & Acquisitions and IPOs Served a diversified client base of international public companies including insurance, investment partnerships, manufacturers, contractors, construction, petrochemicals and retailers.  Managed and carried out agreed upon procedure assignment on internal controls, product pricing and forensic assignment.  Identified and recommended improvements related to key operational and control issues for presentation to top management and audit committees   Conducted training on International Financial Reporting Standards and International Auditing Standards.         Assistant Manager     08/2006  
                                to   12/2006      Company Name   –   City  ,
                              State           Senior Auditor     06/2002  
                                to   05/2006      Company Name   –   City  ,
                              State           Skills    Accounting, Accounts Payable, Accounts Receivable, Acquisitions, Administrative, Ad, Auditing, Budgeting, budget, client management, Contracts, Contract Negotiation, Corporate finance, CPA, client, clients, clients i, decision making, Due Diligence, ERP, senior management, features, Finance, financing, Financial, financial operations, Financial Planning, financial reports, Financial Reporting, financial statements, Forecasting, GL, HR, insurance, international business, Investment Management, leadership, managing, management reporting, Market, meetings, Mergers, MS Excel, negotiations, next, PAGE 2, Performance Analysis, pricing, problem solving, profit, Project management, quality, reporting, retail, Risk Management, sales, Strategic, strategic planning, tax compliance, tax, Treasury, Valuation      Education      Bachelor of Science  :   Mathematics     1997     University of the Punjab    -
                          City                Certified Public Accountant -CPA  :   Accounts, Audit and Finance     2012     Institute of Certified Public Accountants    -
                          City                Certifications     Fellow Member of Chartered Institute of Cost and Management Accountants    ","Financial Controller
----------------------------------------
We are seeking an experienced Financial Controller to oversee all accounting operations, financial reporting, and internal controls while providing strategic financial leadership to the organization. This senior role requires a detail-oriented financial professional who can manage accounting teams, ensure accurate financial statements, implement robust controls, and provide insightful analysis to support business decisions. You will be responsible for month-end close processes, budgeting and forecasting, audit coordination, compliance management, and continuous improvement of financial systems and processes. The ideal candidate will have strong technical accounting knowledge, proven leadership abilities, exceptional analytical skills, and strategic mindset to partner effectively with executive leadership.
----------------------------------------
* Bachelor's degree in Accounting, Finance, or related field required; MBA or Master's in Accounting preferred
* CPA certification required; CMA or other relevant professional certifications beneficial
* Minimum 8-10 years of progressive accounting experience with at least 4-5 years in controller or senior accounting management role
* Deep knowledge of GAAP, financial reporting standards, and regulatory compliance requirements
* Proven experience managing complete accounting cycle, preparing financial statements, and coordinating external audits
* Strong understanding of internal controls, SOX compliance, and risk management practices
* Expert proficiency with accounting systems (NetSuite, SAP, Oracle, or similar ERP platforms) and advanced Excel skills
* Excellent analytical and problem-solving abilities with talent for translating complex financial data into clear insights
* Strong leadership and team management skills with ability to build, develop, and retain high-performing accounting teams
* Experience with budgeting, forecasting, financial planning, and variance analysis processes
* Knowledge of tax accounting, transfer pricing, and multi-entity/multi-jurisdictional accounting preferred
* Exceptional attention to detail with commitment to accuracy and quality in all financial reporting and analysis
* Strong business acumen with ability to partner effectively with operations and provide strategic financial guidance
* Excellent communication and presentation skills for reporting to executives, board members, and external stakeholders
* Experience with IPO preparation, SEC reporting, or public company accounting beneficial for growth-stage companies
* Ability to thrive in dynamic, fast-paced environments and manage multiple priorities with tight deadlines
----------------------------------------
* Oversee all accounting operations including accounts payable, accounts receivable, general ledger, payroll, fixed assets, and cash management
* Manage month-end and year-end close processes, ensuring timely and accurate completion of financial statements in accordance with GAAP
* Prepare consolidated financial statements, management reports, variance analyses, and executive dashboards for senior leadership and board of directors
* Lead annual budgeting and quarterly forecasting processes, working with department heads to develop realistic plans aligned with strategic objectives
* Develop and maintain robust internal control framework to safeguard company assets, ensure accuracy of financial records, and prevent fraud
* Coordinate external audit activities, preparing audit schedules, responding to auditor requests, and ensuring smooth audit process and clean opinions
* Ensure compliance with all regulatory requirements, tax filings, statutory reporting, and financial covenants for debt agreements
* Implement and optimize financial systems, accounting software, and reporting tools to improve efficiency, accuracy, and analytical capabilities
* Manage and develop accounting team including accountants, financial analysts, and accounts payable/receivable staff, providing mentorship and professional development
* Analyze financial performance, identify trends and variances, and provide actionable insights and recommendations to improve profitability and efficiency
* Develop and monitor key performance indicators and financial metrics to track business performance against goals and industry benchmarks
* Oversee cash flow management, working capital optimization, and liquidity planning to ensure adequate funding for operational needs
* Support strategic initiatives including financial modeling for investments, acquisitions, new ventures, and major capital expenditures
* Establish and document accounting policies, procedures, and controls to ensure consistent application of accounting principles
",FINANCE,"['financial reporting', 'accounting operations', 'GAAP', 'internal controls', 'audit coordination', 'budgeting', 'forecasting', 'compliance management', 'financial analysis', 'ERP systems', 'Excel', 'CPA certification', 'tax accounting', 'transfer pricing', 'multi-entity accounting', 'SOX compliance', 'risk management', 'financial modeling', 'cash flow management', 'financial statements preparation', 'statutory reporting', 'IPO preparation', 'SEC reporting', 'leadership', 'team management', 'strategic mindset', 'analytical skills', 'attention to detail', 'business acumen', 'communication', 'problem solving', 'mentorship', 'presentation skills', 'ability to work under pressure']","['transfer pricing', 'tax', 'ifrs', 'balanced score card', 'sukuk', 'corporate finance', 'cpa', 'auditing', 'financial reporting', 'mergers & acquisition', 'financial modeling', 'us gaap', 'gaap', 'ms office suite', 'erp', 'internal control management', 'risk management', 'investment management', 'budgeting', 'forecasting', 'accounting', 'treasury', 'taxation', 'regulatory compliance', 'financial due diligence', 'financial projections', 'strategic planning', 'financial reports', 'break-even analysis', 'financial performance', 'cost savings', 'employee evaluation', 'international financial reporting standards', 'international auditing standards', 'leadership', 'problem solving', 'team management', 'communication', 'negotiation', 'strategic thinking', 'decision making', 'client management', 'project management', 'performance analysis']","['financial reporting', 'accounting operations', 'GAAP', 'internal controls', 'audit coordination', 'budgeting', 'forecasting', 'compliance management', 'financial analysis', 'ERP systems', 'Excel', 'CPA certification', 'tax accounting', 'transfer pricing', 'risk management', 'financial modeling', 'cash flow management', 'financial statements preparation', 'statutory reporting', 'IPO preparation', 'leadership', 'team management', 'strategic mindset', 'analytical skills', 'attention to detail', 'business acumen', 'communication', 'problem solving', 'mentorship', 'presentation skills', 'ability to work under pressure']",92.24,32.35,68.82,finance manager accomplishments transfer pricing and tax seminars domestic and international conducted by e y and kpmg ifrs conducted by institute of chartered accountants of pakistan icap balanced score card a tool for strategy execution conducted by icap sukuk the most rapidly growing and widely accepted islamic structure conducted by icap making strategy happen an intensive immersion into the world of strategy execution conducted by mih training academy a division of naseba and certified by institute of leadership management professional summary corporate finance executive and cpa offering 16 years of experience with the wealth of strategic and operational knowledge wide ranging cross financing experience in auditing assurance financial and advisory services with big 4 professional firms deloitte touch lead ipo and m a transactions strong expertise in public reporting through capital market authority capital market transactions strategic negotiations and international business proven ability in managing and motivating teams of loyal and productive employees excellent leader with a track record of problem solving and consistently drives bottom line performance efficiency process and profit improvements and enhanced internal controls attained well recognized results as a key advisor to the ceo member of the senior executive team of a public listed company affiliations bachelor of science b sc from university of the punjab pakistan member of institute of certified public accountants of pakistan certified public accountant cpa membership no m647 fellow member of chartered institute of cost and management accountants of nigeria cost and management accountant fcma membership no 509 associate member of saudi organization of certified public accountants certified public accountant cpa membership no 3664 associate member of association of certified public accountants uk chartered accountant intermediate ca intermediate pakistan skills strategic financial planning risk management performance analysis investment management budgeting forecasting and analysis external audit actuarial work finalization accounting auditing corporate operational finance treasury taxation regulatory compliance mergers acquisition financial reporting and executive presentation financial modeling capability ifrs proficiency us gaap principles expert in gaap and statutory reporting ms office suite auditing proficiency erp enterprise resource planning software internal control management work history finance manager 03 2017 to current company name city state performed financial due diligence of the business acquired by the entity prepared financial projections and did investment appraisal arranged financing from the bank to finance the business acquisition prepared and presented strategic planning to management for approval provide leadership role in all aspects of the company s financial operations and manage treasury function present production and financial reports under local gaap to the management and ensure tax compliance arrange insurance cover for business and employees designed got approved implemented and monitored internal controls prepared break even analysis formulated salary structure prepared monitored and adjusted financial budget oversaw preparation and analyze monthly financial reports for management and board of directors quarterly reports and financial reports for board meetings collected and reported monthly expense variances and explanations computed taxes owed by applying prescribed rates laws and regulations chief financial officer cfo 10 2011 to 09 2016 company name city state developed strategies for sustainable value creation supported senior management in decision making managed assets liabilities mismatch risk and ensured relevant and useful internal and external reporting led the accounting and financial function improved the financial performance through recommendation and implementation of various measures broad scope of authority included executive guidance for all established strong system of financial reporting that ensure adequacy of technical reserves even contesting external actuary s recommended reserves directly improved the bottom line successfully negotiated the reinsurance contracts on favorable terms and single handedly arranged a new reinsurance cover key contributions headed the share capital raise of the company by 60 million through rights issue led the implementation team in successfully implementing erp system and replacing in house standalone modules reengineered the accounts and finance function by segmenting into accounts receivable accounts payable treasury and gl sections and streamlined the reporting hierarchy and introduced the accounting and control procedures for capital expenditure co orchestrated the transformation of the company from its multi million dollar loss position to a net income of 2 0 in first two years then up to 7 1 in next two years by making a thorough analysis of the portfolio and developing monthly reports putting in place controls developed a new analysis tool using ms excel advanced features that was used company wide to measure financial performance at each of 13 retail locations and for each product on a monthly quarterly and annual basis achieved significant cost savings where general administrative expenses reduced to 11 from 17 of revenue by reviewing along with hr manager the job descriptions and consolidating wherever applicable and eliminating redundant positions developed the management reporting system through which recommended to the head of technical to revisit the prices of a particular product which were done and that resulted in increase of sales volume of the product by almost 2 times while keeping the loss ratio on lower side and yielding higher profit in absolute terms achieved savings of 1 6 million per year by creating a tax efficient cross border reinsurance structure established collection unit that improved the receivable turnover from 1 58 to 3 16 times and reduced the provision for doubtful debts by 2 53 million that impacted the bottom line positively created boardroom multimedia presentations including video and text sync d depositions for enhanced understanding developed new process for employee evaluation which resulted in marked performance improvements manager audit 01 2007 to 09 2011 company name city state project management of a number of significant audit engagements often multi disciplinary and multi jurisdictional to ensure market reporting timetables were met whilst ensuring client service standards were maintained professional engagements often involved the management of complex audit teams resolution of technical accounting issues under ifrss local gaap and liaising with senior client management and group audit teams achieved the employee of the year award for the year 2010 by managing one of the biggest portfolios of clients contributing good amount of revenue to the firm s income while maintaining high quality work contributed to the growth of revenue of the firm by introducing new clients and agreeing on additional services with existing clients i e during the course of audit convinced the client for tax consultancy services as well managed the referral jobs for multinational clients where audited the financial statements prepared under us gaap and other cross border gaap performed financial due diligence and valuation in connection with mergers acquisitions and ipos served a diversified client base of international public companies including insurance investment partnerships manufacturers contractors construction petrochemicals and retailers managed and carried out agreed upon procedure assignment on internal controls product pricing and forensic assignment identified and recommended improvements related to key operational and control issues for presentation to top management and audit committees conducted training on international financial reporting standards and international auditing standards assistant manager 08 2006 to 12 2006 company name city state senior auditor 06 2002 to 05 2006 company name city state skills accounting accounts payable accounts receivable acquisitions administrative ad auditing budgeting budget client management contracts contract negotiation corporate finance cpa client clients clients i decision making due diligence erp senior management features finance financing financial financial operations financial planning financial reports financial reporting financial statements forecasting gl hr insurance international business investment management leadership managing management reporting market meetings mergers ms excel negotiations next page 2 performance analysis pricing problem solving profit project management quality reporting retail risk management sales strategic strategic planning tax compliance tax treasury valuation education bachelor of science mathematics 1997 university of the punjab city certified public accountant cpa accounts audit and finance 2012 institute of certified public accountants city certifications fellow member of chartered institute of cost and management accountants,financial controller we are seeking an experienced financial controller to oversee all accounting operations financial reporting and internal controls while providing strategic financial leadership to the organization this senior role requires a detail oriented financial professional who can manage accounting teams ensure accurate financial statements implement robust controls and provide insightful analysis to support business decisions you will be responsible for month end close processes budgeting and forecasting audit coordination compliance management and continuous improvement of financial systems and processes the ideal candidate will have strong technical accounting knowledge proven leadership abilities exceptional analytical skills and strategic mindset to partner effectively with executive leadership bachelor s degree in accounting finance or related field required mba or master s in accounting preferred cpa certification required cma or other relevant professional certifications beneficial minimum 8 10 years of progressive accounting experience with at least 4 5 years in controller or senior accounting management role deep knowledge of gaap financial reporting standards and regulatory compliance requirements proven experience managing complete accounting cycle preparing financial statements and coordinating external audits strong understanding of internal controls sox compliance and risk management practices expert proficiency with accounting systems netsuite sap oracle or similar erp platforms and advanced excel skills excellent analytical and problem solving abilities with talent for translating complex financial data into clear insights strong leadership and team management skills with ability to build develop and retain high performing accounting teams experience with budgeting forecasting financial planning and variance analysis processes knowledge of tax accounting transfer pricing and multi entity multi jurisdictional accounting preferred exceptional attention to detail with commitment to accuracy and quality in all financial reporting and analysis strong business acumen with ability to partner effectively with operations and provide strategic financial guidance excellent communication and presentation skills for reporting to executives board members and external stakeholders experience with ipo preparation sec reporting or public company accounting beneficial for growth stage companies ability to thrive in dynamic fast paced environments and manage multiple priorities with tight deadlines oversee all accounting operations including accounts payable accounts receivable general ledger payroll fixed assets and cash management manage month end and year end close processes ensuring timely and accurate completion of financial statements in accordance with gaap prepare consolidated financial statements management reports variance analyses and executive dashboards for senior leadership and board of directors lead annual budgeting and quarterly forecasting processes working with department heads to develop realistic plans aligned with strategic objectives develop and maintain robust internal control framework to safeguard company assets ensure accuracy of financial records and prevent fraud coordinate external audit activities preparing audit schedules responding to auditor requests and ensuring smooth audit process and clean opinions ensure compliance with all regulatory requirements tax filings statutory reporting and financial covenants for debt agreements implement and optimize financial systems accounting software and reporting tools to improve efficiency accuracy and analytical capabilities manage and develop accounting team including accountants financial analysts and accounts payable receivable staff providing mentorship and professional development analyze financial performance identify trends and variances and provide actionable insights and recommendations to improve profitability and efficiency develop and monitor key performance indicators and financial metrics to track business performance against goals and industry benchmarks oversee cash flow management working capital optimization and liquidity planning to ensure adequate funding for operational needs support strategic initiatives including financial modeling for investments acquisitions new ventures and major capital expenditures establish and document accounting policies procedures and controls to ensure consistent application of accounting principles,0.44816657353662803,0.9224,0.7763378929685626,0.732406453827669,0.6034659454244166,60.34659454244166,10
74522938,"         EXECUTIVE CHEF       Professional Summary     Executive Chef  with  20  years of experience cooking in American, Mexican, Asian, French and Seafood environments. Prior work as prep cook, line chef, and sous chef.  Energetic culinary professional with a blend of creativity, passion for food and exceptional cooking skills. Works well as a dynamic leader in high-pressure settings.  Bilingual Chef with  20  years in cooking, hiring and training staff, creating schedules and managing labor costs.   Executive Chef possessing an innate skill in creating exceptional menu items. Leads productive working environments that attract top-notch talent.        Skills           American/French classic  cooking technique  Beautiful presentation of food   Mexican/American  cuisine expert  Effective planner  Extensive catering background  Food presentation talent      Employed at  CAMPEON , featured in  Village Voice ""Critics' Picks"" column.  Employed at  LOLITA/REDLULU , featured in  The New York Times  Critics' Picks"" column. Two Stars            Work History      Executive Chef     12/2013  
                                to   08/2014      Company Name   –   City  ,
                              State      Assisted the owner to create a new sports bar/restaurant concept.  Developed recipes and plate presentations.  Responsible for the ordering and choosing Chinaware, small wares, silverware and glassware.  Created Menus, prep lists for each station and delegated duties to each member of the HOH.  Coordinated activities concerning food preparation, kitchen, and storage areas.  Monitored food production areas for safety and sanitation practices and procedures.  Set up production cycles, ensures proper inventory levels were available.  Hands on execution of the line; directing kitchen employees with food production.  Conducted proper pre-meals and other educational seminars with front of the house employees.  Purchased food items and various products for the operation of the restaurant.  Reduced food costs by  28  percent by using seasonal ingredients, setting standards for portion size and minimizing waste.  Managed kitchen staff by recruiting, selecting, hiring, orienting, training, assigning, scheduling, supervising, evaluating and enforcing discipline when necessary.  Maintained updated knowledge of local competition and restaurant industry trends.  Developed menus, pricing and special food offerings to increase revenue and customer satisfaction.  Instructed new staff in proper food preparation, food storage, use of kitchen equipment and utensils, sanitation and safety issues.  Actively involved in cost control, sanitation, menu development, training, recruitment, private dining and catering.  Ensured all staff understood expectations and parameters of kitchen goals and daily kitchen work.  Achieved and exceeded performance, budget and team goals.  Inspected kitchens to observe food preparation quality and service, food appearance and cleanliness of production and service areas.  Created and managed budgets for operations and capital equipment.  Prepared operational reports and analyses and made appropriate recommendations about progress and negative trends.  Planned lunch, dinner and bar menus, as well as special menus for in-house special events and catering.  Properly labeled and stored all raw food ingredients including produce, meat, fish, poultry, dairy and dry goods in the appropriate storage room, walk-in refrigerator, freezer or cooler.         Executive Sous Chef     10/2012  
                                to   11/2013      Company Name   –   City  ,
                              State         Responsible for receiving purchases, checked schedules and opening of the kitchen restaurant.  Catered large corporate events, fashion/restaurant weeks and the holiday season.  Responsible for maintaining cleanliness and order in the absence of the executive chef.  Conducted proper pre-meals and other educational seminars with front of the house employees.  Responsible for running the restaurant when the Executive chef went on vacation.  Prepared food items consistently and in compliance with recipes, portioning, cooking and waste control guidelines.  Promptly reported any maintenance and repair issues throughout our service log.  Expertly managed 40 staff and maintained appropriate staffing levels throughout shifts.         Executive Chef     05/2009  
                                to   08/2012      Company Name   –   City  ,
                              State      Created charts for cleaning efficiency, food and labor controls.  Created detail recipes and standards for menus and specials.  Managed BOH operations at both restaurants in Connecticut.  Reduced food costs by  28  percent by using seasonal ingredients, setting standards for portion size and minimizing waste.  Managed kitchen staff by recruiting, selecting, hiring, orienting, training, assigning, scheduling, supervising, evaluating and enforcing discipline when necessary.  Maintained a skilled kitchen staff by properly coaching, counseling and disciplining employees.  Maintained a skilled kitchen staff by properly coaching, counseling and disciplining employees.  Developed menus, pricing and special food offerings to increase revenue and customer satisfaction.  Actively involved in cost control, sanitation, menu development, training, recruitment, private dining and catering.  Practiced safe food handling procedures at all times.  Successfully reduced the restaurant's annual food and labor costs by  [number]  % through proper budgeting, scheduling and management of inventory.         Working Chef     01/2007  
                                to   01/2009      Company Name   –   City  ,
                              State      An exclusive 100-seat nightclub serving a French/American modern global Tapas menu.  Developed new menu design, recipes and plate presentations.  Overhauled food and labor controls for better efficiency.  Responsible for food and beverage inventory, purchases and controls.  Verified proper portion sizes and consistently attained high food quality standards.  Maintained a skilled kitchen staff by properly coaching, counseling and disciplining employees.  Actively involved in cost control, sanitation, menu development, training, recruitment, private dining and catering.         Lead Line Cook/Sous Chef     01/1992  
                                to   01/2007      Company Name   –   City  ,
                              State         Prepared food items consistently and in compliance with recipes, portioning, cooking and waste control guidelines.  Managed kitchen staff by recruiting, selecting, hiring, orienting, training, assigning, scheduling, supervising, evaluating and enforcing discipline when necessary.  Verified proper portion sizes and consistently attained high food quality standards.  Maintained a skilled kitchen staff by properly coaching, counseling and disciplining employees.  Instructed new staff in proper food preparation, food storage, use of kitchen equipment and utensils, sanitation and safety issues.  Led shifts while personally preparing food items and executing requests based on required specifications.  Achieved and exceeded performance, budget and team goals.  Maintained smooth and timely operations in preparation and delivery of meals and kitchen sanitation.  Properly labeled and stored all raw food ingredients including produce, meat, fish, poultry, dairy and dry goods in the appropriate storage room, walk-in refrigerator, freezer or cooler.  Practiced safe food handling procedures at all times.         Education      Bachelor of Arts  :   Philosophy     2001     City College of New York    -
                          City  ,
                          State        Philosophy Member of Philosophy Club  Received half Scholarship for a Master Degree.         Certifications    NYC Qualifying Certificate in Food Protection # 07-06676
Serv-Safe Certification # 6561937      Skills    Budgeting, charts, concept, Cooking, directing, English, Special Events, fashion, French, Inventory, Optimization, Organizing, policies, presentations, speaker, Purchasing, quality, Receiving, Safety, Scheduling, seminars, Spanish      Additional Information      PRESS 
http://blogs.villagevoice.com/forkintheroad/2014/06/campeon_a_championship_caliber_sports_bar_arrives_in_flatiron.php
http://www.nytimes.com/2012/01/08/nyregion/red-lulu-cocina-in-south-norwalk-review.html?_r=2&partner=rssnyt&emc=rss&
http://www.nytimes.com/2010/08/15/nyregion/15dinect.html     ","Culinary Chef de Cuisine
----------------------------------------
We are seeking a talented and passionate Culinary Chef de Cuisine to lead our kitchen operations and create exceptional dining experiences through innovative cuisine and culinary excellence. This senior leadership role requires a skilled culinary professional who can oversee menu development, manage kitchen staff, maintain food quality standards, and drive operational efficiency. You will be responsible for creating innovative dishes, managing food costs, ensuring health and safety compliance, and leading a high-performing culinary team. The ideal candidate will have extensive culinary expertise, proven leadership abilities, creative vision, and unwavering commitment to culinary excellence and guest satisfaction.
----------------------------------------
* Culinary degree from accredited culinary school or equivalent combination of formal culinary training and professional experience
* Minimum 8-10 years of professional culinary experience with at least 3-5 years in executive chef or chef de cuisine role
* Extensive knowledge of classical and contemporary cooking techniques, international cuisines, and modern culinary trends
* Proven track record of menu development, recipe creation, and culinary innovation in upscale dining environments
* Strong leadership and team management skills with ability to inspire, motivate, and develop diverse culinary teams
* Comprehensive understanding of food cost management, inventory control, and kitchen financial operations
* Expert knowledge of food safety regulations, HACCP principles, and health department requirements
* Excellent palate with refined sense of flavor profiles, seasoning, and ability to create balanced, memorable dishes
* Strong organizational and time management skills with ability to manage high-volume service and multiple stations simultaneously
* Experience with various dietary requirements including vegetarian, vegan, gluten-free, and allergen considerations
* Proficiency with kitchen management software, ordering systems, and inventory tracking applications
* Creativity and artistic vision for menu development, dish presentation, and culinary storytelling
* Physical stamina to work long hours standing, in hot environments, and performing physically demanding kitchen tasks
* Strong communication skills for effective interaction with kitchen staff, service team, management, and occasionally guests
* ServSafe Manager certification or equivalent food safety certification required
* Flexibility to work evenings, weekends, holidays, and adjust schedule based on restaurant operational needs
----------------------------------------
* Design and develop innovative, seasonal menus that reflect culinary trends, showcase local ingredients, and align with restaurant concept and guest preferences
* Oversee all kitchen operations including food preparation, cooking, plating, and quality control to ensure consistent excellence in every dish
* Lead, mentor, and develop kitchen team including sous chefs, line cooks, and prep cooks, providing training, feedback, and career development opportunities
* Create standardized recipes with detailed specifications for ingredients, portions, preparation methods, and presentation to ensure consistency
* Manage food ordering, inventory control, and supplier relationships to ensure quality ingredients while optimizing food costs and minimizing waste
* Develop and manage kitchen budget, monitor food costs, labor expenses, and operational costs to achieve financial targets and profitability goals
* Ensure strict adherence to food safety standards, sanitation protocols, and health department regulations, maintaining safe and clean kitchen environment
* Coordinate with front-of-house management to ensure seamless service execution, address guest feedback, and accommodate special dietary requirements
* Conduct regular tastings and quality checks throughout service to maintain high standards for flavor, temperature, texture, and presentation
* Stay current on culinary trends, new cooking techniques, ingredient innovations, and competitive restaurant offerings to maintain creative edge
* Manage kitchen equipment maintenance, ensuring proper functioning, scheduling repairs, and implementing preventive maintenance programs
* Develop and implement systems for efficient kitchen workflow, station organization, and service timing to optimize productivity during peak periods
* Collaborate with restaurant management on special events, wine pairings, tasting menus, and promotional offerings
* Train staff on proper food handling, knife skills, cooking techniques, and presentation standards to elevate overall team capabilities
",CHEF,"['culinary expertise', 'menu development', 'food cost management', 'food safety regulations', 'HACCP principles', 'kitchen management software', 'inventory control', 'recipe creation', 'cooking techniques', 'dietary requirements knowledge', 'ServSafe Manager certification', 'kitchen operations management', 'staff training', 'budget management', 'quality control', 'ingredient sourcing', 'kitchen equipment maintenance', 'leadership', 'team management', 'creativity', 'communication', 'organizational skills', 'time management', 'mentoring', 'problem solving', 'flexibility', 'attention to detail', 'motivation']","['american cuisine', 'mexican cuisine', 'asian cuisine', 'french cuisine', 'seafood', 'cooking techniques', 'menu development', 'food presentation', 'catering', 'budgeting', 'inventory management', 'food safety', 'staff training', 'recipe creation', 'cost control', 'scheduling', 'food storage', 'kitchen management', 'labor management', 'sanitation practices', 'portion control', 'event planning', 'leadership', 'creativity', 'communication', 'teamwork', 'problem solving', 'planning', 'organization', 'adaptability', 'multilingual', 'time management', 'attention to detail']","['culinary expertise', 'menu development', 'food cost management', 'food safety regulations', 'inventory control', 'recipe creation', 'cooking techniques', 'ServSafe Manager certification', 'kitchen operations management', 'staff training', 'budget management', 'quality control', 'ingredient sourcing', 'leadership', 'team management', 'creativity', 'communication', 'organizational skills', 'time management', 'mentoring', 'problem solving', 'flexibility', 'attention to detail', 'motivation']",84.02,35.71,72.25,executive chef professional summary executive chef with 20 years of experience cooking in american mexican asian french and seafood environments prior work as prep cook line chef and sous chef energetic culinary professional with a blend of creativity passion for food and exceptional cooking skills works well as a dynamic leader in high pressure settings bilingual chef with 20 years in cooking hiring and training staff creating schedules and managing labor costs executive chef possessing an innate skill in creating exceptional menu items leads productive working environments that attract top notch talent skills american french classic cooking technique beautiful presentation of food mexican american cuisine expert effective planner extensive catering background food presentation talent employed at campeon featured in village voice critics picks column employed at lolita redlulu featured in the new york times critics picks column two stars work history executive chef 12 2013 to 08 2014 company name city state assisted the owner to create a new sports bar restaurant concept developed recipes and plate presentations responsible for the ordering and choosing chinaware small wares silverware and glassware created menus prep lists for each station and delegated duties to each member of the hoh coordinated activities concerning food preparation kitchen and storage areas monitored food production areas for safety and sanitation practices and procedures set up production cycles ensures proper inventory levels were available hands on execution of the line directing kitchen employees with food production conducted proper pre meals and other educational seminars with front of the house employees purchased food items and various products for the operation of the restaurant reduced food costs by 28 percent by using seasonal ingredients setting standards for portion size and minimizing waste managed kitchen staff by recruiting selecting hiring orienting training assigning scheduling supervising evaluating and enforcing discipline when necessary maintained updated knowledge of local competition and restaurant industry trends developed menus pricing and special food offerings to increase revenue and customer satisfaction instructed new staff in proper food preparation food storage use of kitchen equipment and utensils sanitation and safety issues actively involved in cost control sanitation menu development training recruitment private dining and catering ensured all staff understood expectations and parameters of kitchen goals and daily kitchen work achieved and exceeded performance budget and team goals inspected kitchens to observe food preparation quality and service food appearance and cleanliness of production and service areas created and managed budgets for operations and capital equipment prepared operational reports and analyses and made appropriate recommendations about progress and negative trends planned lunch dinner and bar menus as well as special menus for in house special events and catering properly labeled and stored all raw food ingredients including produce meat fish poultry dairy and dry goods in the appropriate storage room walk in refrigerator freezer or cooler executive sous chef 10 2012 to 11 2013 company name city state responsible for receiving purchases checked schedules and opening of the kitchen restaurant catered large corporate events fashion restaurant weeks and the holiday season responsible for maintaining cleanliness and order in the absence of the executive chef conducted proper pre meals and other educational seminars with front of the house employees responsible for running the restaurant when the executive chef went on vacation prepared food items consistently and in compliance with recipes portioning cooking and waste control guidelines promptly reported any maintenance and repair issues throughout our service log expertly managed 40 staff and maintained appropriate staffing levels throughout shifts executive chef 05 2009 to 08 2012 company name city state created charts for cleaning efficiency food and labor controls created detail recipes and standards for menus and specials managed boh operations at both restaurants in connecticut reduced food costs by 28 percent by using seasonal ingredients setting standards for portion size and minimizing waste managed kitchen staff by recruiting selecting hiring orienting training assigning scheduling supervising evaluating and enforcing discipline when necessary maintained a skilled kitchen staff by properly coaching counseling and disciplining employees maintained a skilled kitchen staff by properly coaching counseling and disciplining employees developed menus pricing and special food offerings to increase revenue and customer satisfaction actively involved in cost control sanitation menu development training recruitment private dining and catering practiced safe food handling procedures at all times successfully reduced the restaurant s annual food and labor costs by number through proper budgeting scheduling and management of inventory working chef 01 2007 to 01 2009 company name city state an exclusive 100 seat nightclub serving a french american modern global tapas menu developed new menu design recipes and plate presentations overhauled food and labor controls for better efficiency responsible for food and beverage inventory purchases and controls verified proper portion sizes and consistently attained high food quality standards maintained a skilled kitchen staff by properly coaching counseling and disciplining employees actively involved in cost control sanitation menu development training recruitment private dining and catering lead line cook sous chef 01 1992 to 01 2007 company name city state prepared food items consistently and in compliance with recipes portioning cooking and waste control guidelines managed kitchen staff by recruiting selecting hiring orienting training assigning scheduling supervising evaluating and enforcing discipline when necessary verified proper portion sizes and consistently attained high food quality standards maintained a skilled kitchen staff by properly coaching counseling and disciplining employees instructed new staff in proper food preparation food storage use of kitchen equipment and utensils sanitation and safety issues led shifts while personally preparing food items and executing requests based on required specifications achieved and exceeded performance budget and team goals maintained smooth and timely operations in preparation and delivery of meals and kitchen sanitation properly labeled and stored all raw food ingredients including produce meat fish poultry dairy and dry goods in the appropriate storage room walk in refrigerator freezer or cooler practiced safe food handling procedures at all times education bachelor of arts philosophy 2001 city college of new york city state philosophy member of philosophy club received half scholarship for a master degree certifications nyc qualifying certificate in food protection 07 06676 serv safe certification 6561937 skills budgeting charts concept cooking directing english special events fashion french inventory optimization organizing policies presentations speaker purchasing quality receiving safety scheduling seminars spanish additional information press http blogs villagevoice com forkintheroad 2014 06 campeon a championship caliber sports bar arrives in flatiron php http www nytimes com 2012 01 08 nyregion red lulu cocina in south norwalk review html r 2 partner rssnyt emc rss http www nytimes com 2010 08 15 nyregion 15dinect html,culinary chef de cuisine we are seeking a talented and passionate culinary chef de cuisine to lead our kitchen operations and create exceptional dining experiences through innovative cuisine and culinary excellence this senior leadership role requires a skilled culinary professional who can oversee menu development manage kitchen staff maintain food quality standards and drive operational efficiency you will be responsible for creating innovative dishes managing food costs ensuring health and safety compliance and leading a high performing culinary team the ideal candidate will have extensive culinary expertise proven leadership abilities creative vision and unwavering commitment to culinary excellence and guest satisfaction culinary degree from accredited culinary school or equivalent combination of formal culinary training and professional experience minimum 8 10 years of professional culinary experience with at least 3 5 years in executive chef or chef de cuisine role extensive knowledge of classical and contemporary cooking techniques international cuisines and modern culinary trends proven track record of menu development recipe creation and culinary innovation in upscale dining environments strong leadership and team management skills with ability to inspire motivate and develop diverse culinary teams comprehensive understanding of food cost management inventory control and kitchen financial operations expert knowledge of food safety regulations haccp principles and health department requirements excellent palate with refined sense of flavor profiles seasoning and ability to create balanced memorable dishes strong organizational and time management skills with ability to manage high volume service and multiple stations simultaneously experience with various dietary requirements including vegetarian vegan gluten free and allergen considerations proficiency with kitchen management software ordering systems and inventory tracking applications creativity and artistic vision for menu development dish presentation and culinary storytelling physical stamina to work long hours standing in hot environments and performing physically demanding kitchen tasks strong communication skills for effective interaction with kitchen staff service team management and occasionally guests servsafe manager certification or equivalent food safety certification required flexibility to work evenings weekends holidays and adjust schedule based on restaurant operational needs design and develop innovative seasonal menus that reflect culinary trends showcase local ingredients and align with restaurant concept and guest preferences oversee all kitchen operations including food preparation cooking plating and quality control to ensure consistent excellence in every dish lead mentor and develop kitchen team including sous chefs line cooks and prep cooks providing training feedback and career development opportunities create standardized recipes with detailed specifications for ingredients portions preparation methods and presentation to ensure consistency manage food ordering inventory control and supplier relationships to ensure quality ingredients while optimizing food costs and minimizing waste develop and manage kitchen budget monitor food costs labor expenses and operational costs to achieve financial targets and profitability goals ensure strict adherence to food safety standards sanitation protocols and health department regulations maintaining safe and clean kitchen environment coordinate with front of house management to ensure seamless service execution address guest feedback and accommodate special dietary requirements conduct regular tastings and quality checks throughout service to maintain high standards for flavor temperature texture and presentation stay current on culinary trends new cooking techniques ingredient innovations and competitive restaurant offerings to maintain creative edge manage kitchen equipment maintenance ensuring proper functioning scheduling repairs and implementing preventive maintenance programs develop and implement systems for efficient kitchen workflow station organization and service timing to optimize productivity during peak periods collaborate with restaurant management on special events wine pairings tasting menus and promotional offerings train staff on proper food handling knife skills cooking techniques and presentation standards to elevate overall team capabilities,0.3712498456320247,0.8402,0.8569714422846173,0.79128046687264,0.6009724488759256,60.09724488759256,11
39970711,"         HR & SAFETY MANAGER           Summary    Human Resources Manager Certified Professional in Human Resources (PHR) Extensive background in human resources management, including experience in workforce planning and employment, human resource development, compensation and benefits, risk management, employee and labor relations, HR technology, global and international HR, talent management. Demonstrated success in negotiating win-win situations, strategic business management, talent management, and change management. HR Skills HR Strategic Planning Training & Development Performance Management Organizational Development Mediation & Advocacy Staff Recruitment & Retention Employee Relations Alternative Dispute Resolution (ADR) Benefits Administration Project Management Orientation & On-Boarding HR Policies & Procedures Employment Law FMLA/ADA/EEO/WC HRIS Technologies           Experience      HR & Safety Manager    January 2013   to   January 2014     Company Name   －   City  ,   State      Rapidly growing transportation, distribution, and warehousing company Serving the HR and safety needs of the organizations' various operations, while leading the change management and cultural transformation efforts to support continued growth and expansion.  Key Results: Consolidated two small group medical plans with different plan years into a large group plan to maintain the same quality of health plan while saving the organization 75% on the year-over-year premium increase.  Improved the benefit offerings by adding never before offered dental insurance, voluntary term-life insurance, a vision discount program, employee assistance program (EAP); while expanding the available short-term disability and accident insurance to all of the organizations' associates.  Streamlined the unemployment and Ohio Bureau of Worker's Compensation (BWC) systems to create consistency and reduce costs.          Site Supervisor (HR Generalist)    January 2011   to   January 2013     Company Name   －   City  ,   State      Providing HR support for the operations management team of the company's second largest revenue producing account, while also assisting the organization's staffing firm, and championing special projects for the HR department.  Key Results:.  Collaborated with the operations management team to recruit, train, and develop a high-performance work team to improve productivity by 70% and reduce turnover by 50% year-to-year, which helped to earn the account the recognition as ""Most Improved Account"".  Led the development of a new performance evaluation form and process to improve the processing, tracking, and administration of annual performance reviews and performance management.          Senior Bill Pay Support Associate    January 2008   to   January 2011     Company Name   －     State            Commissioned Officer (NCO)    January 1997   to   January 2006     Company Name          Served in various positions and locations throughout military career.  Developed human resources responsibilities, including mentoring and counseling personnel, conducting medical and basic skills training and education, managing staff scheduling, and coordinating and documenting treatment.  Within scope of this responsibility, also directed the personnel operations of 1,000-person medical company, including file documentation, plan monitoring, and processing and training and development documentation.  Progressively assumed increasing levels of responsibilities, positions, and earned promotions ahead of peers.  Key Results: Utilized Microsoft Access to automate previously manual documentation processing system for 1,000-person company, resulting in elimination of lost documents, communication breakdown and improved tracking of personnel activity.  Served as unit Joint Commission and Accreditation of Healthcare Organization inspector and committee representative for an organization earning difficult-to-achieve 100% score on accreditation and maintaining it under 2-year tenure.  Adapted formal standard operating procedures (SOP) through use of job and task analysis techniques; implemented resulting changes to enable flexibility within diverse environment, resulting in a 30-40% improvement rate and increased operational productivity.  Received multiple medals of recognition from U.S.  Army including: 3 Commendation Medals, 2 Army Achievement Medals, 1 Good Conduct Medal and various other decorations.  Awarded Noncommissioned Officer of the Quarter, 109th Medical Battalion, Third Quarter 2003.          Education      Master of Science (MS)   :   Human Resource Management  ,   2016    Keller Graduate school of Management, Devry University   －   City  ,   State      Human Resource Management        Bachelor of Science (BS)   :   Human Resource Management      Franklin University   －   City  ,   State      Human Resource Management Worked concurrently during college as a Medical Assistant/Phlebotomist and Bill Pay Support Associate.
Of Note     ","Human Resources Business Partner
----------------------------------------
We are seeking an experienced Human Resources Business Partner to serve as a strategic advisor to leadership teams while managing the full employee lifecycle. This role requires a dynamic professional who can balance strategic HR initiatives with hands-on operational support, fostering a positive workplace culture and driving organizational effectiveness. You will work closely with department heads to align HR strategies with business objectives, manage talent acquisition and retention programs, and ensure compliance with employment laws and regulations. The ideal candidate will have exceptional interpersonal skills, strong business acumen, and the ability to influence at all levels of the organization.
----------------------------------------
* Bachelor's degree in Human Resources, Business Administration, Psychology, or related field; Master's degree or MBA preferred
* Minimum 5-7 years of progressive HR experience with at least 3 years in a business partner or strategic HR role
* Professional HR certification such as SHRM-CP, SHRM-SCP, PHR, or SPHR strongly preferred
* Deep knowledge of employment law, HR best practices, and current trends in talent management and organizational development
* Proven experience managing full-cycle recruitment processes and building effective talent acquisition strategies
* Strong business acumen with ability to understand financial statements, business models, and organizational dynamics
* Exceptional interpersonal and communication skills with ability to build trust and influence stakeholders at all organizational levels
* Demonstrated experience with HRIS systems and HR analytics tools; proficiency in Microsoft Office Suite required
* Strong problem-solving and critical thinking abilities with a solutions-oriented mindset
* Ability to handle sensitive and confidential information with discretion and maintain high ethical standards
* Experience leading change management initiatives and supporting organizations through periods of transformation
* Project management skills with ability to manage multiple priorities and deadlines simultaneously
----------------------------------------
* Partner with business leaders to understand organizational goals and develop HR strategies that support achievement of business objectives
* Lead talent acquisition efforts including workforce planning, recruitment strategy development, candidate screening, interviewing, and onboarding processes
* Design and implement comprehensive employee development programs including training initiatives, succession planning, and career progression frameworks
* Manage employee relations issues by conducting thorough investigations, providing coaching to managers, mediating conflicts, and recommending appropriate solutions
* Develop and maintain compensation and benefits programs that are competitive, equitable, and aligned with organizational budget and market standards
* Drive performance management processes including goal setting, mid-year reviews, annual evaluations, and performance improvement plans
* Ensure compliance with federal, state, and local employment laws and regulations including FMLA, ADA, FLSA, and EEO requirements
* Analyze HR metrics and workforce data to identify trends, develop insights, and make data-driven recommendations to leadership
* Lead organizational change management initiatives including restructuring, mergers, acquisitions, and cultural transformation projects
* Develop and implement employee engagement strategies including surveys, feedback mechanisms, recognition programs, and retention initiatives
",HR,"['human resources management', 'talent acquisition', 'employment law compliance', 'employee relations', 'performance management', 'compensation and benefits', 'HRIS systems', 'HR analytics', 'organizational development', 'change management', 'project management', 'training and development', 'succession planning', 'business acumen', 'data analysis', 'Microsoft Office Suite', 'interpersonal skills', 'communication', 'influencing', 'problem solving', 'critical thinking', 'ethical judgment', 'confidentiality', 'teamwork']","['human resources management', 'workforce planning', 'employment', 'human resource development', 'compensation and benefits', 'risk management', 'employee relations', 'labor relations', 'hr technology', 'global hr', 'international hr', 'talent management', 'hr strategic planning', 'training & development', 'performance management', 'organizational development', 'mediation', 'advocacy', 'staff recruitment', 'retention', 'alternative dispute resolution', 'benefits administration', 'project management', 'orientation', 'on-boarding', 'hr policies', 'procedures', 'employment law', 'fmla', 'ada', 'eeo', 'wc', 'hris technologies', 'microsoft access', 'negotiation', 'strategic business management', 'change management', 'collaboration', 'mentoring', 'counseling', 'communication', 'problem solving', 'leadership', 'adaptability', 'teamwork']","['human resources management', 'talent acquisition', 'employment law compliance', 'employee relations', 'performance management', 'compensation and benefits', 'HRIS systems', 'organizational development', 'change management', 'project management', 'training and development', 'business acumen', 'data analysis', 'Microsoft Office Suite', 'interpersonal skills', 'communication', 'influencing', 'problem solving', 'critical thinking', 'ethical judgment', 'confidentiality', 'teamwork']",90.92,41.67,73.1,hr safety manager summary human resources manager certified professional in human resources phr extensive background in human resources management including experience in workforce planning and employment human resource development compensation and benefits risk management employee and labor relations hr technology global and international hr talent management demonstrated success in negotiating win win situations strategic business management talent management and change management hr skills hr strategic planning training development performance management organizational development mediation advocacy staff recruitment retention employee relations alternative dispute resolution adr benefits administration project management orientation on boarding hr policies procedures employment law fmla ada eeo wc hris technologies experience hr safety manager january 2013 to january 2014 company name city state rapidly growing transportation distribution and warehousing company serving the hr and safety needs of the organizations various operations while leading the change management and cultural transformation efforts to support continued growth and expansion key results consolidated two small group medical plans with different plan years into a large group plan to maintain the same quality of health plan while saving the organization 75 on the year over year premium increase improved the benefit offerings by adding never before offered dental insurance voluntary term life insurance a vision discount program employee assistance program eap while expanding the available short term disability and accident insurance to all of the organizations associates streamlined the unemployment and ohio bureau of worker s compensation bwc systems to create consistency and reduce costs site supervisor hr generalist january 2011 to january 2013 company name city state providing hr support for the operations management team of the company s second largest revenue producing account while also assisting the organization s staffing firm and championing special projects for the hr department key results collaborated with the operations management team to recruit train and develop a high performance work team to improve productivity by 70 and reduce turnover by 50 year to year which helped to earn the account the recognition as most improved account led the development of a new performance evaluation form and process to improve the processing tracking and administration of annual performance reviews and performance management senior bill pay support associate january 2008 to january 2011 company name state commissioned officer nco january 1997 to january 2006 company name served in various positions and locations throughout military career developed human resources responsibilities including mentoring and counseling personnel conducting medical and basic skills training and education managing staff scheduling and coordinating and documenting treatment within scope of this responsibility also directed the personnel operations of 1 000 person medical company including file documentation plan monitoring and processing and training and development documentation progressively assumed increasing levels of responsibilities positions and earned promotions ahead of peers key results utilized microsoft access to automate previously manual documentation processing system for 1 000 person company resulting in elimination of lost documents communication breakdown and improved tracking of personnel activity served as unit joint commission and accreditation of healthcare organization inspector and committee representative for an organization earning difficult to achieve 100 score on accreditation and maintaining it under 2 year tenure adapted formal standard operating procedures sop through use of job and task analysis techniques implemented resulting changes to enable flexibility within diverse environment resulting in a 30 40 improvement rate and increased operational productivity received multiple medals of recognition from u s army including 3 commendation medals 2 army achievement medals 1 good conduct medal and various other decorations awarded noncommissioned officer of the quarter 109th medical battalion third quarter 2003 education master of science ms human resource management 2016 keller graduate school of management devry university city state human resource management bachelor of science bs human resource management franklin university city state human resource management worked concurrently during college as a medical assistant phlebotomist and bill pay support associate of note,human resources business partner we are seeking an experienced human resources business partner to serve as a strategic advisor to leadership teams while managing the full employee lifecycle this role requires a dynamic professional who can balance strategic hr initiatives with hands on operational support fostering a positive workplace culture and driving organizational effectiveness you will work closely with department heads to align hr strategies with business objectives manage talent acquisition and retention programs and ensure compliance with employment laws and regulations the ideal candidate will have exceptional interpersonal skills strong business acumen and the ability to influence at all levels of the organization bachelor s degree in human resources business administration psychology or related field master s degree or mba preferred minimum 5 7 years of progressive hr experience with at least 3 years in a business partner or strategic hr role professional hr certification such as shrm cp shrm scp phr or sphr strongly preferred deep knowledge of employment law hr best practices and current trends in talent management and organizational development proven experience managing full cycle recruitment processes and building effective talent acquisition strategies strong business acumen with ability to understand financial statements business models and organizational dynamics exceptional interpersonal and communication skills with ability to build trust and influence stakeholders at all organizational levels demonstrated experience with hris systems and hr analytics tools proficiency in microsoft office suite required strong problem solving and critical thinking abilities with a solutions oriented mindset ability to handle sensitive and confidential information with discretion and maintain high ethical standards experience leading change management initiatives and supporting organizations through periods of transformation project management skills with ability to manage multiple priorities and deadlines simultaneously partner with business leaders to understand organizational goals and develop hr strategies that support achievement of business objectives lead talent acquisition efforts including workforce planning recruitment strategy development candidate screening interviewing and onboarding processes design and implement comprehensive employee development programs including training initiatives succession planning and career progression frameworks manage employee relations issues by conducting thorough investigations providing coaching to managers mediating conflicts and recommending appropriate solutions develop and maintain compensation and benefits programs that are competitive equitable and aligned with organizational budget and market standards drive performance management processes including goal setting mid year reviews annual evaluations and performance improvement plans ensure compliance with federal state and local employment laws and regulations including fmla ada flsa and eeo requirements analyze hr metrics and workforce data to identify trends develop insights and make data driven recommendations to leadership lead organizational change management initiatives including restructuring mergers acquisitions and cultural transformation projects develop and implement employee engagement strategies including surveys feedback mechanisms recognition programs and retention initiatives,0.27859952935801896,0.9092,1.0,0.8058702368692069,0.6004738120528508,60.04738120528508,12
26530575,"         FINANCE MANAGER
 FINANCE MANAGER       Executive Profile    Financial Manager focused on fostering trust and cultivating partnerships based on accountability and transparency.  Analytical CPA skilled in financial and managerial accounting practices and procedures.        Skill Highlights          Public and private accounting  Income statement certified audits  Knowledge of GAAP guidelines      Contract negotiation  Forward-thinking mindset  Strong initiative  Resourcefulness            Core Accomplishments     Formally recognized for excellence achieved in financial analysis, budgeting, and   forecasting. Reduced office expenses by finding smarter solutions for vendors, suppliers, and services.       Professional Experience     January 2012   to   January 2012     Finance Manager
 Finance Manager        OPG GroupOhioHealth is a nationally recognized healthcare system of 21,000 associates, physicians andvolunteers, 17 hospitals, 20 health and surgery centers, home-health providers, medical equipmentand health service suppliers throughout a 41 county area.  Facilitated monthly financial reporting and prepared monthly GAAP financial statements for two physician enterprises.  Led the modeling, planning and execution of all financial processes.  Analyzed complex regulation and policy documents that directly impacted budgetary and financial matters.  Created detailed financial models and analytical tools to facilitate variance analysis.  Collaborated extensively with auditors during preliminary and year-end audit processes.  Prepared Form 990 IRS return and Ohio State unclaimed funds reporting.  Developed and implemented efficient accounting, financial and operational systems for OhioHealth Marion Area Physicians LLC and Healthworks LLC physician enterprises.  Process improvement and re-engineering of accounting procedures for net patient revenue accruals derived from EPIC electronic health records system; the physician practices business segments' implemented the first go-live system wide.  Committee Chair for the Business Development and Acquisitions and the Training Policies and procedures Committees.  Develop and implement the OhioHealth Physician Group's virtual electronic On-Boarding Training Tool.         January 2003   to   January 2004       State    Supervising Auditor        PWC is a multinational professional service firm with offices in 776 cities and employs over180,000 people.Delivered quality service to top tier clients within the PWC Assurance and Business AdvisoryServices (ABAS) practice; this included supervising annual and financial risk assessment,planning, and analytical procedures.Assignments included large, high profile companies including the following: higher education(Columbia University), charities, foundations, social services organizations, with asset valueranging from $4,000,000,000 to $15,000,000,000.Key responsibilities included a development of risk assessments and audit plans, supervisedengagements and staff of 3-5 direct reports Fostered relationships with clients January 1999 toLoeb & TroperJanuary 2003New York Supervising Senior AuditorLoeb & Troper is a top 20 regional firm that specializes in audit, tax and consulting needs of healthcare, not-for-profit and special needs organizations.  Prepare consolidated financial statements and corresponding footnotes for NonprofitHealthcare industries.Supervised preparation of financial statement for: GAS (yellow-book), pension, OMB CircularA-133 compliance, and cost report, client size range from small ($1,000,000) to large($4,000,000,000) social services and health care organizationsCultivated management skills, including the ability to work with executive leadership team,developed staff (2-4 direct reports per project) managed (8-10) annual engagements frombudgets to billing, to completion, nurture client/firm relationships Develop audit findings andrecommendations regarding, internal control, and compliance regulations.Researched state and local IRS- related issues and accounting FASB, not-for-profit and  health care industry reporting; and disclose requirementsConverted audit work papers into electronic worksheets which lead to firm-wide usewith  30% reduction in audit documentation.Participate in the campus recruitment program; interviewed candidates for entry-levelpositions.          Company Name    City  ,   State    Internal Auditor        Planned and executed operational audits of various business units using risk-based audit methodology.  Assist with the system development education and roll out Business Associate Agreement Policy.Develop recommendations for improvement and present reports to management; perform follow-up review on the status of implementation of recommendations: maintain workingrelationships with all levels of management across the organization.Tested the design and effectiveness of internal controls by completing walk-throughs ofcomplex business processes.Analyzed patient revenue and account receivable control procedures; including AR reservemodeling process and the calculation of net patient revenue.Recruited, retained and developed staff.  January 2006 toNew 42nd Street Inc.January 2012.          Financial Controller        The New 42nd Street, Inc.  is the organization created by the city and the State of New York that oversees the redevelopment of seven historic theaters on 42nd Street with an annual operating budget of 13,000,000.  The organization operates two of the seven theaters itself; The Victory Theater and Duke on 42nd Street Facilitated financial reporting and stewardship over this entertainment/real- estate organization's assets ($50,000,000) Managed accounting operations, accounting close, account reporting and reconciliations.Prepared organization's GAAP financial statements  and Prepared financial andregulatory reports required by GAAP, laws, regulations or boards of directors Managed yearly financial audit process and relations with external auditor and served as backup for VP of Finance with human resources and benefits administration Managed a staff of three management, weekly deposits, payroll, AR, AP, inventory, credit card reconciliation, bank reconciliations, other balance sheet reconciliations, budget support, quarter end close process, and IRS compliance.Planned, organized and directed the day-to-day finance department and quarterly and annual reporting process for government grants, and city contract compliance reporting.Enforced internal controls over general ledger processing and IRS compliance, andadvanced comprehensive written accounting procedures.Directly supervised finance staff of three direct reports including selection, training, andcoaching, responsible for performance evaluation, promotions, and disciplinary actions.Mentored and coached finance apprentices as a part of organization-wide apprenticesprogram.  Worked with management to document and offset unexpected expense and varified and identified opportunities to enhance interdepartmental communication Served as project manager for the accounting system (Financial Edge) conversion, and streamlined the quarter closing process- to improve efficiency and effectiveness for allfinancial reporting requirements.Designed and worked with IT to develop general ledger interface with the general ledger(Financial Edge) during the company-wide system conversion and implementation of theTessitura Enterprise ticketing (patron information system.Served as project manager for payroll integration resulting in increased accuracy andaccountability within the processing workflow.  As a result, processing time decreased by 50%.  January 2004 toColumbia UniversityJanuary 2006New York Internal AuditorColumbia University is a private Ivy League research university with ($13,000,000,000) in assets andover 31,922 employees.  Evaluated and contributed to the plan for improved risk management, control, and governanceprocesses within Columbia University.Performed complex operational and financial audits to ensure compliance with legalrequirements and consistency with strategic plans Specialized in NCAA and Ivy Leaguecompliance audit, and fraud investigations: coordinated with Public Safety, General Counsel,and Human Resources.Assisted management with establishing standard operating procedures, as well assetting up adequate governance processes that effectively preserve values, set goals, monitoractivity and performance, and define measures of accountability.Coordinated audit projects with external auditors, PricewaterhouseCoopers.Lead meetings with key finance executives and audit team.          Education          Keller Graduate School of ManagementBusiness Administration MBABusiness Administration
Queens College, City University of New YorkAccounting B.AAccounting             Certified Public Accountant (New York) License Chartered Global Management AccountantAmerican Institute of Certified Public Accountant 1            Skills    accounting, Accountant, accounting system, accruals, Acquisitions, go-live, AP, AR, backup, balance sheet, bank reconciliations, benefits administration, billing, book, budgeting, budgets, budget, Business Development, business processes, cash management, closing, coaching, compliance audits, compliance audit, compliance reporting, consulting, conversion, Certified Public Accountant 1, Certified Public Accountant, credit, client, clients, documentation, Edge, electronic health records, external auditor, Finance, Financial, financial analysis, financial audits, financial audit, financial reporting, financial reporting requirements, Financial Statements, preparation of financial statement, funds, general ledger, government, grants, health care industry, home-health, HRIS, Human Resources, Internal Auditor, inventory, leadership, legal, Director, management skills, meetings, Excel, office, Microsoft Word, Modeling, Enterprise, payroll, payroll processing, Policies, presenting, processes, Process improvement, profit, Public Safety, quality, real-estate, recruitment, re-engineering, reporting, research, risk assessment, risk management, social services, strategic plans, Supervising, surgery, tax, variance analysis, workflow, written, year-end   ","Financial Controller
----------------------------------------
We are seeking an experienced Financial Controller to oversee all accounting operations, financial reporting, and internal controls while providing strategic financial leadership to the organization. This senior role requires a detail-oriented financial professional who can manage accounting teams, ensure accurate financial statements, implement robust controls, and provide insightful analysis to support business decisions. You will be responsible for month-end close processes, budgeting and forecasting, audit coordination, compliance management, and continuous improvement of financial systems and processes. The ideal candidate will have strong technical accounting knowledge, proven leadership abilities, exceptional analytical skills, and strategic mindset to partner effectively with executive leadership.
----------------------------------------
* Bachelor's degree in Accounting, Finance, or related field required; MBA or Master's in Accounting preferred
* CPA certification required; CMA or other relevant professional certifications beneficial
* Minimum 8-10 years of progressive accounting experience with at least 4-5 years in controller or senior accounting management role
* Deep knowledge of GAAP, financial reporting standards, and regulatory compliance requirements
* Proven experience managing complete accounting cycle, preparing financial statements, and coordinating external audits
* Strong understanding of internal controls, SOX compliance, and risk management practices
* Expert proficiency with accounting systems (NetSuite, SAP, Oracle, or similar ERP platforms) and advanced Excel skills
* Excellent analytical and problem-solving abilities with talent for translating complex financial data into clear insights
* Strong leadership and team management skills with ability to build, develop, and retain high-performing accounting teams
* Experience with budgeting, forecasting, financial planning, and variance analysis processes
* Knowledge of tax accounting, transfer pricing, and multi-entity/multi-jurisdictional accounting preferred
* Exceptional attention to detail with commitment to accuracy and quality in all financial reporting and analysis
* Strong business acumen with ability to partner effectively with operations and provide strategic financial guidance
* Excellent communication and presentation skills for reporting to executives, board members, and external stakeholders
* Experience with IPO preparation, SEC reporting, or public company accounting beneficial for growth-stage companies
* Ability to thrive in dynamic, fast-paced environments and manage multiple priorities with tight deadlines
----------------------------------------
* Oversee all accounting operations including accounts payable, accounts receivable, general ledger, payroll, fixed assets, and cash management
* Manage month-end and year-end close processes, ensuring timely and accurate completion of financial statements in accordance with GAAP
* Prepare consolidated financial statements, management reports, variance analyses, and executive dashboards for senior leadership and board of directors
* Lead annual budgeting and quarterly forecasting processes, working with department heads to develop realistic plans aligned with strategic objectives
* Develop and maintain robust internal control framework to safeguard company assets, ensure accuracy of financial records, and prevent fraud
* Coordinate external audit activities, preparing audit schedules, responding to auditor requests, and ensuring smooth audit process and clean opinions
* Ensure compliance with all regulatory requirements, tax filings, statutory reporting, and financial covenants for debt agreements
* Implement and optimize financial systems, accounting software, and reporting tools to improve efficiency, accuracy, and analytical capabilities
* Manage and develop accounting team including accountants, financial analysts, and accounts payable/receivable staff, providing mentorship and professional development
* Analyze financial performance, identify trends and variances, and provide actionable insights and recommendations to improve profitability and efficiency
* Develop and monitor key performance indicators and financial metrics to track business performance against goals and industry benchmarks
* Oversee cash flow management, working capital optimization, and liquidity planning to ensure adequate funding for operational needs
* Support strategic initiatives including financial modeling for investments, acquisitions, new ventures, and major capital expenditures
* Establish and document accounting policies, procedures, and controls to ensure consistent application of accounting principles
",FINANCE,"['financial reporting', 'accounting operations', 'GAAP', 'internal controls', 'audit coordination', 'budgeting', 'forecasting', 'compliance management', 'financial analysis', 'ERP systems', 'Excel', 'CPA certification', 'tax accounting', 'transfer pricing', 'multi-entity accounting', 'SOX compliance', 'risk management', 'financial modeling', 'cash flow management', 'financial statements preparation', 'statutory reporting', 'IPO preparation', 'SEC reporting', 'leadership', 'team management', 'strategic mindset', 'analytical skills', 'attention to detail', 'business acumen', 'communication', 'problem solving', 'mentorship', 'presentation skills', 'ability to work under pressure']","['accounting', 'cpa', 'gaap', 'financial analysis', 'budgeting', 'financial reporting', 'variance analysis', 'contract negotiation', 'risk assessment', 'audit', 'compliance', 'financial modeling', 'financial statements', 'payroll processing', 'cash management', 'internal controls', 'accruals', 'ar', 'ap', 'financial audits', 'documentation', 'consulting', 'business processes', 'process improvement', 'excel', 'microsoft word', 'financial tools', 'irs compliance', 'electronic health records', 'financial systems', 'reporting', 'strategic plans', 'leadership', 'project management', 'training', 'staff development', 'government grants', 'audit plans', 'client relationships', 'business development', 're-engineering', 'risk management', 'financial stewardship', 'operational audits', 'cost reporting', 'ncaa compliance', 'fraud investigations', 'human resources', 'budget support', 'bank reconciliations', 'inventory management', 'credit management', 'financial edge', 'tessitura enterprise', 'analytical', 'initiative', 'resourcefulness', 'teamwork', 'communication', 'problem solving', 'relationship building', 'mentoring', 'coaching', 'leadership', 'strategic thinking', 'adaptability', 'collaboration', 'trust', 'accountability', 'transparency', 'forward-thinking']","['financial reporting', 'accounting operations', 'GAAP', 'internal controls', 'audit coordination', 'budgeting', 'forecasting', 'compliance management', 'financial analysis', 'ERP systems', 'Excel', 'CPA certification', 'tax accounting', 'multi-entity accounting', 'risk management', 'financial modeling', 'cash flow management', 'financial statements preparation', 'leadership', 'team management', 'strategic mindset', 'analytical skills', 'attention to detail', 'business acumen', 'communication', 'problem solving', 'mentorship', 'presentation skills', 'ability to work under pressure']",86.9,32.35,66.06,finance manager finance manager executive profile financial manager focused on fostering trust and cultivating partnerships based on accountability and transparency analytical cpa skilled in financial and managerial accounting practices and procedures skill highlights public and private accounting income statement certified audits knowledge of gaap guidelines contract negotiation forward thinking mindset strong initiative resourcefulness core accomplishments formally recognized for excellence achieved in financial analysis budgeting and forecasting reduced office expenses by finding smarter solutions for vendors suppliers and services professional experience january 2012 to january 2012 finance manager finance manager opg groupohiohealth is a nationally recognized healthcare system of 21 000 associates physicians andvolunteers 17 hospitals 20 health and surgery centers home health providers medical equipmentand health service suppliers throughout a 41 county area facilitated monthly financial reporting and prepared monthly gaap financial statements for two physician enterprises led the modeling planning and execution of all financial processes analyzed complex regulation and policy documents that directly impacted budgetary and financial matters created detailed financial models and analytical tools to facilitate variance analysis collaborated extensively with auditors during preliminary and year end audit processes prepared form 990 irs return and ohio state unclaimed funds reporting developed and implemented efficient accounting financial and operational systems for ohiohealth marion area physicians llc and healthworks llc physician enterprises process improvement and re engineering of accounting procedures for net patient revenue accruals derived from epic electronic health records system the physician practices business segments implemented the first go live system wide committee chair for the business development and acquisitions and the training policies and procedures committees develop and implement the ohiohealth physician group s virtual electronic on boarding training tool january 2003 to january 2004 state supervising auditor pwc is a multinational professional service firm with offices in 776 cities and employs over180 000 people delivered quality service to top tier clients within the pwc assurance and business advisoryservices abas practice this included supervising annual and financial risk assessment planning and analytical procedures assignments included large high profile companies including the following higher education columbia university charities foundations social services organizations with asset valueranging from 4 000 000 000 to 15 000 000 000 key responsibilities included a development of risk assessments and audit plans supervisedengagements and staff of 3 5 direct reports fostered relationships with clients january 1999 toloeb troperjanuary 2003new york supervising senior auditorloeb troper is a top 20 regional firm that specializes in audit tax and consulting needs of healthcare not for profit and special needs organizations prepare consolidated financial statements and corresponding footnotes for nonprofithealthcare industries supervised preparation of financial statement for gas yellow book pension omb circulara 133 compliance and cost report client size range from small 1 000 000 to large 4 000 000 000 social services and health care organizationscultivated management skills including the ability to work with executive leadership team developed staff 2 4 direct reports per project managed 8 10 annual engagements frombudgets to billing to completion nurture client firm relationships develop audit findings andrecommendations regarding internal control and compliance regulations researched state and local irs related issues and accounting fasb not for profit and health care industry reporting and disclose requirementsconverted audit work papers into electronic worksheets which lead to firm wide usewith 30 reduction in audit documentation participate in the campus recruitment program interviewed candidates for entry levelpositions company name city state internal auditor planned and executed operational audits of various business units using risk based audit methodology assist with the system development education and roll out business associate agreement policy develop recommendations for improvement and present reports to management perform follow up review on the status of implementation of recommendations maintain workingrelationships with all levels of management across the organization tested the design and effectiveness of internal controls by completing walk throughs ofcomplex business processes analyzed patient revenue and account receivable control procedures including ar reservemodeling process and the calculation of net patient revenue recruited retained and developed staff january 2006 tonew 42nd street inc january 2012 financial controller the new 42nd street inc is the organization created by the city and the state of new york that oversees the redevelopment of seven historic theaters on 42nd street with an annual operating budget of 13 000 000 the organization operates two of the seven theaters itself the victory theater and duke on 42nd street facilitated financial reporting and stewardship over this entertainment real estate organization s assets 50 000 000 managed accounting operations accounting close account reporting and reconciliations prepared organization s gaap financial statements and prepared financial andregulatory reports required by gaap laws regulations or boards of directors managed yearly financial audit process and relations with external auditor and served as backup for vp of finance with human resources and benefits administration managed a staff of three management weekly deposits payroll ar ap inventory credit card reconciliation bank reconciliations other balance sheet reconciliations budget support quarter end close process and irs compliance planned organized and directed the day to day finance department and quarterly and annual reporting process for government grants and city contract compliance reporting enforced internal controls over general ledger processing and irs compliance andadvanced comprehensive written accounting procedures directly supervised finance staff of three direct reports including selection training andcoaching responsible for performance evaluation promotions and disciplinary actions mentored and coached finance apprentices as a part of organization wide apprenticesprogram worked with management to document and offset unexpected expense and varified and identified opportunities to enhance interdepartmental communication served as project manager for the accounting system financial edge conversion and streamlined the quarter closing process to improve efficiency and effectiveness for allfinancial reporting requirements designed and worked with it to develop general ledger interface with the general ledger financial edge during the company wide system conversion and implementation of thetessitura enterprise ticketing patron information system served as project manager for payroll integration resulting in increased accuracy andaccountability within the processing workflow as a result processing time decreased by 50 january 2004 tocolumbia universityjanuary 2006new york internal auditorcolumbia university is a private ivy league research university with 13 000 000 000 in assets andover 31 922 employees evaluated and contributed to the plan for improved risk management control and governanceprocesses within columbia university performed complex operational and financial audits to ensure compliance with legalrequirements and consistency with strategic plans specialized in ncaa and ivy leaguecompliance audit and fraud investigations coordinated with public safety general counsel and human resources assisted management with establishing standard operating procedures as well assetting up adequate governance processes that effectively preserve values set goals monitoractivity and performance and define measures of accountability coordinated audit projects with external auditors pricewaterhousecoopers lead meetings with key finance executives and audit team education keller graduate school of managementbusiness administration mbabusiness administration queens college city university of new yorkaccounting b aaccounting certified public accountant new york license chartered global management accountantamerican institute of certified public accountant 1 skills accounting accountant accounting system accruals acquisitions go live ap ar backup balance sheet bank reconciliations benefits administration billing book budgeting budgets budget business development business processes cash management closing coaching compliance audits compliance audit compliance reporting consulting conversion certified public accountant 1 certified public accountant credit client clients documentation edge electronic health records external auditor finance financial financial analysis financial audits financial audit financial reporting financial reporting requirements financial statements preparation of financial statement funds general ledger government grants health care industry home health hris human resources internal auditor inventory leadership legal director management skills meetings excel office microsoft word modeling enterprise payroll payroll processing policies presenting processes process improvement profit public safety quality real estate recruitment re engineering reporting research risk assessment risk management social services strategic plans supervising surgery tax variance analysis workflow written year end,financial controller we are seeking an experienced financial controller to oversee all accounting operations financial reporting and internal controls while providing strategic financial leadership to the organization this senior role requires a detail oriented financial professional who can manage accounting teams ensure accurate financial statements implement robust controls and provide insightful analysis to support business decisions you will be responsible for month end close processes budgeting and forecasting audit coordination compliance management and continuous improvement of financial systems and processes the ideal candidate will have strong technical accounting knowledge proven leadership abilities exceptional analytical skills and strategic mindset to partner effectively with executive leadership bachelor s degree in accounting finance or related field required mba or master s in accounting preferred cpa certification required cma or other relevant professional certifications beneficial minimum 8 10 years of progressive accounting experience with at least 4 5 years in controller or senior accounting management role deep knowledge of gaap financial reporting standards and regulatory compliance requirements proven experience managing complete accounting cycle preparing financial statements and coordinating external audits strong understanding of internal controls sox compliance and risk management practices expert proficiency with accounting systems netsuite sap oracle or similar erp platforms and advanced excel skills excellent analytical and problem solving abilities with talent for translating complex financial data into clear insights strong leadership and team management skills with ability to build develop and retain high performing accounting teams experience with budgeting forecasting financial planning and variance analysis processes knowledge of tax accounting transfer pricing and multi entity multi jurisdictional accounting preferred exceptional attention to detail with commitment to accuracy and quality in all financial reporting and analysis strong business acumen with ability to partner effectively with operations and provide strategic financial guidance excellent communication and presentation skills for reporting to executives board members and external stakeholders experience with ipo preparation sec reporting or public company accounting beneficial for growth stage companies ability to thrive in dynamic fast paced environments and manage multiple priorities with tight deadlines oversee all accounting operations including accounts payable accounts receivable general ledger payroll fixed assets and cash management manage month end and year end close processes ensuring timely and accurate completion of financial statements in accordance with gaap prepare consolidated financial statements management reports variance analyses and executive dashboards for senior leadership and board of directors lead annual budgeting and quarterly forecasting processes working with department heads to develop realistic plans aligned with strategic objectives develop and maintain robust internal control framework to safeguard company assets ensure accuracy of financial records and prevent fraud coordinate external audit activities preparing audit schedules responding to auditor requests and ensuring smooth audit process and clean opinions ensure compliance with all regulatory requirements tax filings statutory reporting and financial covenants for debt agreements implement and optimize financial systems accounting software and reporting tools to improve efficiency accuracy and analytical capabilities manage and develop accounting team including accountants financial analysts and accounts payable receivable staff providing mentorship and professional development analyze financial performance identify trends and variances and provide actionable insights and recommendations to improve profitability and efficiency develop and monitor key performance indicators and financial metrics to track business performance against goals and industry benchmarks oversee cash flow management working capital optimization and liquidity planning to ensure adequate funding for operational needs support strategic initiatives including financial modeling for investments acquisitions new ventures and major capital expenditures establish and document accounting policies procedures and controls to ensure consistent application of accounting principles,0.4515225298448428,0.8690000000000001,0.7763378929685626,0.6850326124270513,0.5956691552984004,59.56691552984004,13
65373280,"         EXECUTIVE CHEF         Summary     Motivated Executive Chef with 22 years of culinary expertise.  Recognized for assessing operational needs and developing solutions to save costs, improve revenues, and drive customer satisfaction. Resourceful and well-organized with excellent leadership and team building record.  Last 4 years were spent actively participating and designing kitchens and restaurants in a 167 million dollars hotel expansion, while still managing and maintaining a fiscally responsible operation.  The Waterfront Beach resort is recognized by guests and peers as a premier culinary location in Orange County.       Experience      Executive Chef  ,     12/2003   to   Current     Company Name   –   City  ,   State      Managed kitchen and stewarding staff team of 67 and assigned various stages of food production and event management.  designed, managed and created menus for 3 restaurants (offshore 9, Boardwalk and newly opened Henry's), 2 pool pantries and 1 market (Riptide and Surf Hero).  Managed, designed menus and cooked for over 51,000 square feet of meeting space.  Maintained labor at under 11% to promote long-term business profitability.  Purchased ingredients and managed inventory from a variety of vendors which allowed for a hotel wide food costs of 26%.  Worked closely on a daily basis with sales and catering to create dynamic cost effective food selections for small banquets and large events for up to 1000 people.  Experimented new dish creations by incorporating customer recommendations and feedback.  Created recipes, incorporating various techniques, to build flavor and unique visual appeal.  Adjusted seasonal plans to source local ingredients and aligned special dishes to complement area events.  Worked with vendors to locate optimal recipe ingredients at cost-effective rates.  Utilized local, fresh food products to support local economies and showcase community support.  Produced or amended menus and item selections in conjunction with food and beverage team  Performed financial analysis and recommended effective methods to cut costs.  Initiated software based inventory control system to manage inventory and analyze food cost.  Coordinated and executed menu planning, recipe development and daily restaurant operations.  Monitored quality, presentation and proper quantities of plated food across line.  Created new menu items, managed food expenses and supervised quality to ensure adherence to standards.  Oversaw hiring and development of kitchen employees as well as trained numerous kitchen personnel from ground up to take on challenging stations such as Sous-Chef and Chef de Cuisine.  Continually aware of dramatic changes to kitchens, including Health Department Standards and customer requests for healthier food options.  Monitored kitchen area and staff to ensure overall safety and proper food handling techniques.         Restaurant Chef / Executive Sous-Chef  ,     08/2008   to   08/2013     Company Name   –   City  ,   State      Modified standard recipes to account for ingredient issues or customer requests, including allergen concerns.  Created exceptional menu items executed with precision to regularly garner diner praise.  Supervised staff of 30, providing direction in preparing specialty items, including banquets, restaurant and employee dining room.    Developed innovative California driven  menus with over 30 offerings.  Followed proper food handling methods and maintained correct temperature of food products resulting in consistently high scores on health inspections.  Kept stations stocked and ready for use to maximize productivity.  Estimated staffing needs and adjusted hourly schedules to match demand patterns, budget and local labor laws.  Set up and performed initial prep work for food items such as soups, sauces and salads.  Established and maintained open, collaborative relationships with kitchen team to maximize efficiency.  Prepared more than 500 dishes per day in fast-paced all scratch kitchen environment while maintaining high customer satisfaction rate.  Maintained consistent quality and high accuracy when preparing identical dishes every day.  Conducted daily inspections and maintained food sanitation and kitchen equipment safety reports.  Identified opportunities to increase revenue, decrease kitchen expenses and maximize departmental productivity without compromising guest satisfaction.  Enforced proper sanitation practices to prevent spoiling or contamination of foods.  Verified kitchen staff followed all recipes and portion serving guidelines correctly.  Maximized efficiency of kitchen operation by overseeing daily product inventory, purchasing and receiving.  Placed orders for food supplies weekly with understanding of kitchen's budget.  Ensured that the kitchen was always clean, orderly and well-maintained in an effort to avoid mishaps.  Trained and supervised all culinary personnel for $3.5 million annual revenue-grossing restaurant.  Used an array of different cooking techniques in dish creation and educated the kitchen staff in these methods.         Lead Cook / Chef de Cuisine  ,     12/2003   to   08/2008     Company Name   –   City  ,   State      Managed budget, labor and direct operating expenses for restaurant, banquet and a market operation.  Tracked kitchen's inventory and ordered new food and supplies when needed.  Considered seasonal product pricing and availability in development of promotional dishes and menu selections.  Inspected freezer and refrigerator prior to each shift to check temperatures levels, ensuring proper functionality.  Adjusted seasonal plans to source local ingredients and aligned special dishes to complement area events.  Interacted professionally and effectively with wait staff regarding special orders for customers, including those with food allergies and gluten intolerance.  Monitored quality, presentation and proper quantities of plated food across line.  Developed recipes and menus to meet consumer demand and align with culinary trends.  Prepared  mise en place  every day to promote efficient preparation of signature dishes.         Line Prep Cook  ,     12/1999   to   12/2003     Company Name   –   City  ,   State      Kept stations stocked and ready for use to maximize productivity.  Arranged sauces and supplementary garnishes to place in allocated stations.  Sanitized food preparation areas, grills and equipment to avoid cross-contamination from raw items.  Maintained consistent quality and high accuracy when preparing identical dishes every day.  Prepared more than 300 dishes per day in fast-paced Classic French cooking  environment while maintaining high customer satisfaction rate.  Used measuring items, knives and other kitchen tools to properly prepare food resources.  Rotated stock items and ingredients to maintain efficiency and freshness.  Executed proper techniques when preparing menu item ingredients.  Cooked food following specific measurements and recipes.  Improved overall kitchen efficiency through consistency , leading to numerous promotions.         Skills          Customer service oriented  Banquets and catering  Resource Management  Food preparation techniques  Food and beverage pairing  Budgeting and cost control  Dish preparation  Detail-oriented  Purchasing  Inventory control  Portion and cost control      Food inspection  Time management  Strong communication skills  Inventory monitoring  High-volume dining  Outstanding cleanliness  Organizational skills  Trained in food safety guidelines  Problem solving  Flexible schedule            Education and Training      Bachelor of Arts  :   Culinary arts   ,   1996     ITHQ, Institue d'hotelerie du Quebec   -   City  ,   State             Skills      Customer service oriented  Banquets and catering  Resource Management  Food preparation techniques  Food and beverage pairing  Budgeting and cost control  Dish preparation  Detail-oriented  Purchasing  Inventory control  Portion and cost control    Food inspection  Time management  Strong communication skills  Inventory monitoring  High-volume dining  Outstanding cleanliness  Organizational skills  Trained in food safety guidelines  Problem solving  Flexible schedule        Work History      Executive Chef  ,   12/2003   to   Current     Company Name   –   City  ,   State      Managed kitchen and stewarding staff team of 67 and assigned various stages of food production and event management.  designed, managed and created menus for 3 restaurants (offshore 9, Boardwalk and newly opened Henry's), 2 pool pantries and 1 market (Riptide and Surf Hero).  Managed, designed menus and cooked for over 51,000 square feet of meeting space.  Maintained labor at under 11% to promote long-term business profitability.  Purchased ingredients and managed inventory from a variety of vendors which allowed for a hotel wide food costs of 26%.  Worked closely on a daily basis with sales and catering to create dynamic cost effective food selections for small banquets and large events for up to 1000 people.  Experimented new dish creations by incorporating customer recommendations and feedback.  Created recipes, incorporating various techniques, to build flavor and unique visual appeal.  Adjusted seasonal plans to source local ingredients and aligned special dishes to complement area events.  Worked with vendors to locate optimal recipe ingredients at cost-effective rates.  Utilized local, fresh food products to support local economies and showcase community support.  Produced or amended menus and item selections in conjunction with food and beverage team  Performed financial analysis and recommended effective methods to cut costs.  Initiated software based inventory control system to manage inventory and analyze food cost.  Coordinated and executed menu planning, recipe development and daily restaurant operations.  Monitored quality, presentation and proper quantities of plated food across line.  Created new menu items, managed food expenses and supervised quality to ensure adherence to standards.  Oversaw hiring and development of kitchen employees as well as trained numerous kitchen personnel from ground up to take on challenging stations such as Sous-Chef and Chef de Cuisine.  Continually aware of dramatic changes to kitchens, including Health Department Standards and customer requests for healthier food options.  Monitored kitchen area and staff to ensure overall safety and proper food handling techniques.         Restaurant Chef / Executive Sous-Chef  ,   08/2008   to   08/2013     Company Name   –   City  ,   State      Modified standard recipes to account for ingredient issues or customer requests, including allergen concerns.  Created exceptional menu items executed with precision to regularly garner diner praise.  Supervised staff of 30, providing direction in preparing specialty items, including banquets, restaurant and employee dining room.    Developed innovative California driven  menus with over 30 offerings.  Followed proper food handling methods and maintained correct temperature of food products resulting in consistently high scores on health inspections.  Kept stations stocked and ready for use to maximize productivity.  Estimated staffing needs and adjusted hourly schedules to match demand patterns, budget and local labor laws.  Set up and performed initial prep work for food items such as soups, sauces and salads.  Established and maintained open, collaborative relationships with kitchen team to maximize efficiency.  Prepared more than 500 dishes per day in fast-paced all scratch kitchen environment while maintaining high customer satisfaction rate.  Maintained consistent quality and high accuracy when preparing identical dishes every day.  Conducted daily inspections and maintained food sanitation and kitchen equipment safety reports.  Identified opportunities to increase revenue, decrease kitchen expenses and maximize departmental productivity without compromising guest satisfaction.  Enforced proper sanitation practices to prevent spoiling or contamination of foods.  Verified kitchen staff followed all recipes and portion serving guidelines correctly.  Maximized efficiency of kitchen operation by overseeing daily product inventory, purchasing and receiving.  Placed orders for food supplies weekly with understanding of kitchen's budget.  Ensured that the kitchen was always clean, orderly and well-maintained in an effort to avoid mishaps.  Trained and supervised all culinary personnel for $3.5 million annual revenue-grossing restaurant.  Used an array of different cooking techniques in dish creation and educated the kitchen staff in these methods.         Lead Cook / Chef de Cuisine  ,   12/2003   to   08/2008     Company Name   –   City  ,   State      Managed budget, labor and direct operating expenses for restaurant, banquet anda market operation.  Tracked kitchen's inventory and ordered new food and supplies when needed.  Considered seasonal product pricing and availability in development of promotional dishes and menu selections.  Inspected freezer and refrigerator prior to each shift to check temperatures levels, ensuring proper functionality.  Adjusted seasonal plans to source local ingredients and aligned special dishes to complement area events.  Interacted professionally and effectively with wait staff regarding special orders for customers, including those with food allergies and gluten intolerance.  Monitored quality, presentation and proper quantities of plated food across line.  Developed recipes and menus to meet consumer demand and align with culinary trends.  Prepared  mise en place  every day to promote efficient preparation of signature dishes.         Line Prep Cook  ,   12/1999   to   12/2003     Company Name   –   City  ,   State      Kept stations stocked and ready for use to maximize productivity.  Arranged sauces and supplementary garnishes to place in allocated stations.  Sanitized food preparation areas, grills and equipment to avoid cross-contamination from raw items.  Maintained consistent quality and high accuracy when preparing identical dishes every day.  Prepared more than 300 dishes per day in fast-paced Classic French cooking  environment while maintaining high customer satisfaction rate.  Used measuring items, knives and other kitchen tools to properly prepare food resources.  Rotated stock items and ingredients to maintain efficiency and freshness.  Executed proper techniques when preparing menu item ingredients.  Cooked food following specific measurements and recipes.  Improved overall kitchen efficiency through consistency , leading to numerous promotions.      ","Culinary Chef de Cuisine
----------------------------------------
We are seeking a talented and passionate Culinary Chef de Cuisine to lead our kitchen operations and create exceptional dining experiences through innovative cuisine and culinary excellence. This senior leadership role requires a skilled culinary professional who can oversee menu development, manage kitchen staff, maintain food quality standards, and drive operational efficiency. You will be responsible for creating innovative dishes, managing food costs, ensuring health and safety compliance, and leading a high-performing culinary team. The ideal candidate will have extensive culinary expertise, proven leadership abilities, creative vision, and unwavering commitment to culinary excellence and guest satisfaction.
----------------------------------------
* Culinary degree from accredited culinary school or equivalent combination of formal culinary training and professional experience
* Minimum 8-10 years of professional culinary experience with at least 3-5 years in executive chef or chef de cuisine role
* Extensive knowledge of classical and contemporary cooking techniques, international cuisines, and modern culinary trends
* Proven track record of menu development, recipe creation, and culinary innovation in upscale dining environments
* Strong leadership and team management skills with ability to inspire, motivate, and develop diverse culinary teams
* Comprehensive understanding of food cost management, inventory control, and kitchen financial operations
* Expert knowledge of food safety regulations, HACCP principles, and health department requirements
* Excellent palate with refined sense of flavor profiles, seasoning, and ability to create balanced, memorable dishes
* Strong organizational and time management skills with ability to manage high-volume service and multiple stations simultaneously
* Experience with various dietary requirements including vegetarian, vegan, gluten-free, and allergen considerations
* Proficiency with kitchen management software, ordering systems, and inventory tracking applications
* Creativity and artistic vision for menu development, dish presentation, and culinary storytelling
* Physical stamina to work long hours standing, in hot environments, and performing physically demanding kitchen tasks
* Strong communication skills for effective interaction with kitchen staff, service team, management, and occasionally guests
* ServSafe Manager certification or equivalent food safety certification required
* Flexibility to work evenings, weekends, holidays, and adjust schedule based on restaurant operational needs
----------------------------------------
* Design and develop innovative, seasonal menus that reflect culinary trends, showcase local ingredients, and align with restaurant concept and guest preferences
* Oversee all kitchen operations including food preparation, cooking, plating, and quality control to ensure consistent excellence in every dish
* Lead, mentor, and develop kitchen team including sous chefs, line cooks, and prep cooks, providing training, feedback, and career development opportunities
* Create standardized recipes with detailed specifications for ingredients, portions, preparation methods, and presentation to ensure consistency
* Manage food ordering, inventory control, and supplier relationships to ensure quality ingredients while optimizing food costs and minimizing waste
* Develop and manage kitchen budget, monitor food costs, labor expenses, and operational costs to achieve financial targets and profitability goals
* Ensure strict adherence to food safety standards, sanitation protocols, and health department regulations, maintaining safe and clean kitchen environment
* Coordinate with front-of-house management to ensure seamless service execution, address guest feedback, and accommodate special dietary requirements
* Conduct regular tastings and quality checks throughout service to maintain high standards for flavor, temperature, texture, and presentation
* Stay current on culinary trends, new cooking techniques, ingredient innovations, and competitive restaurant offerings to maintain creative edge
* Manage kitchen equipment maintenance, ensuring proper functioning, scheduling repairs, and implementing preventive maintenance programs
* Develop and implement systems for efficient kitchen workflow, station organization, and service timing to optimize productivity during peak periods
* Collaborate with restaurant management on special events, wine pairings, tasting menus, and promotional offerings
* Train staff on proper food handling, knife skills, cooking techniques, and presentation standards to elevate overall team capabilities
",CHEF,"['culinary expertise', 'menu development', 'food cost management', 'food safety regulations', 'HACCP principles', 'kitchen management software', 'inventory control', 'recipe creation', 'cooking techniques', 'dietary requirements knowledge', 'ServSafe Manager certification', 'kitchen operations management', 'staff training', 'budget management', 'quality control', 'ingredient sourcing', 'kitchen equipment maintenance', 'leadership', 'team management', 'creativity', 'communication', 'organizational skills', 'time management', 'mentoring', 'problem solving', 'flexibility', 'attention to detail', 'motivation']","['culinary expertise', 'menu design', 'food production', 'event management', 'inventory management', 'cost control', 'recipe development', 'food safety', 'sanitation practices', 'food inspection', 'high-volume dining', 'budgeting', 'purchasing', 'food preparation techniques', 'customer service', 'catering', 'staff supervision', 'financial analysis', 'software-based inventory control', 'local sourcing', 'cooking techniques', 'mise en place', 'leadership', 'team building', 'communication', 'problem solving', 'organizational skills', 'detail-oriented', 'time management', 'flexibility', 'collaboration', 'customer satisfaction', 'resource management']","['culinary expertise', 'menu development', 'food cost management', 'food safety regulations', 'kitchen management software', 'inventory control', 'recipe creation', 'cooking techniques', 'dietary requirements knowledge', 'kitchen operations management', 'staff training', 'budget management', 'quality control', 'ingredient sourcing', 'kitchen equipment maintenance', 'leadership', 'team management', 'creativity', 'communication', 'organizational skills', 'time management', 'mentoring', 'problem solving', 'flexibility', 'attention to detail', 'motivation']",90.53,28.57,73.49,executive chef summary motivated executive chef with 22 years of culinary expertise recognized for assessing operational needs and developing solutions to save costs improve revenues and drive customer satisfaction resourceful and well organized with excellent leadership and team building record last 4 years were spent actively participating and designing kitchens and restaurants in a 167 million dollars hotel expansion while still managing and maintaining a fiscally responsible operation the waterfront beach resort is recognized by guests and peers as a premier culinary location in orange county experience executive chef 12 2003 to current company name city state managed kitchen and stewarding staff team of 67 and assigned various stages of food production and event management designed managed and created menus for 3 restaurants offshore 9 boardwalk and newly opened henry s 2 pool pantries and 1 market riptide and surf hero managed designed menus and cooked for over 51 000 square feet of meeting space maintained labor at under 11 to promote long term business profitability purchased ingredients and managed inventory from a variety of vendors which allowed for a hotel wide food costs of 26 worked closely on a daily basis with sales and catering to create dynamic cost effective food selections for small banquets and large events for up to 1000 people experimented new dish creations by incorporating customer recommendations and feedback created recipes incorporating various techniques to build flavor and unique visual appeal adjusted seasonal plans to source local ingredients and aligned special dishes to complement area events worked with vendors to locate optimal recipe ingredients at cost effective rates utilized local fresh food products to support local economies and showcase community support produced or amended menus and item selections in conjunction with food and beverage team performed financial analysis and recommended effective methods to cut costs initiated software based inventory control system to manage inventory and analyze food cost coordinated and executed menu planning recipe development and daily restaurant operations monitored quality presentation and proper quantities of plated food across line created new menu items managed food expenses and supervised quality to ensure adherence to standards oversaw hiring and development of kitchen employees as well as trained numerous kitchen personnel from ground up to take on challenging stations such as sous chef and chef de cuisine continually aware of dramatic changes to kitchens including health department standards and customer requests for healthier food options monitored kitchen area and staff to ensure overall safety and proper food handling techniques restaurant chef executive sous chef 08 2008 to 08 2013 company name city state modified standard recipes to account for ingredient issues or customer requests including allergen concerns created exceptional menu items executed with precision to regularly garner diner praise supervised staff of 30 providing direction in preparing specialty items including banquets restaurant and employee dining room developed innovative california driven menus with over 30 offerings followed proper food handling methods and maintained correct temperature of food products resulting in consistently high scores on health inspections kept stations stocked and ready for use to maximize productivity estimated staffing needs and adjusted hourly schedules to match demand patterns budget and local labor laws set up and performed initial prep work for food items such as soups sauces and salads established and maintained open collaborative relationships with kitchen team to maximize efficiency prepared more than 500 dishes per day in fast paced all scratch kitchen environment while maintaining high customer satisfaction rate maintained consistent quality and high accuracy when preparing identical dishes every day conducted daily inspections and maintained food sanitation and kitchen equipment safety reports identified opportunities to increase revenue decrease kitchen expenses and maximize departmental productivity without compromising guest satisfaction enforced proper sanitation practices to prevent spoiling or contamination of foods verified kitchen staff followed all recipes and portion serving guidelines correctly maximized efficiency of kitchen operation by overseeing daily product inventory purchasing and receiving placed orders for food supplies weekly with understanding of kitchen s budget ensured that the kitchen was always clean orderly and well maintained in an effort to avoid mishaps trained and supervised all culinary personnel for 3 5 million annual revenue grossing restaurant used an array of different cooking techniques in dish creation and educated the kitchen staff in these methods lead cook chef de cuisine 12 2003 to 08 2008 company name city state managed budget labor and direct operating expenses for restaurant banquet and a market operation tracked kitchen s inventory and ordered new food and supplies when needed considered seasonal product pricing and availability in development of promotional dishes and menu selections inspected freezer and refrigerator prior to each shift to check temperatures levels ensuring proper functionality adjusted seasonal plans to source local ingredients and aligned special dishes to complement area events interacted professionally and effectively with wait staff regarding special orders for customers including those with food allergies and gluten intolerance monitored quality presentation and proper quantities of plated food across line developed recipes and menus to meet consumer demand and align with culinary trends prepared mise en place every day to promote efficient preparation of signature dishes line prep cook 12 1999 to 12 2003 company name city state kept stations stocked and ready for use to maximize productivity arranged sauces and supplementary garnishes to place in allocated stations sanitized food preparation areas grills and equipment to avoid cross contamination from raw items maintained consistent quality and high accuracy when preparing identical dishes every day prepared more than 300 dishes per day in fast paced classic french cooking environment while maintaining high customer satisfaction rate used measuring items knives and other kitchen tools to properly prepare food resources rotated stock items and ingredients to maintain efficiency and freshness executed proper techniques when preparing menu item ingredients cooked food following specific measurements and recipes improved overall kitchen efficiency through consistency leading to numerous promotions skills customer service oriented banquets and catering resource management food preparation techniques food and beverage pairing budgeting and cost control dish preparation detail oriented purchasing inventory control portion and cost control food inspection time management strong communication skills inventory monitoring high volume dining outstanding cleanliness organizational skills trained in food safety guidelines problem solving flexible schedule education and training bachelor of arts culinary arts 1996 ithq institue d hotelerie du quebec city state skills customer service oriented banquets and catering resource management food preparation techniques food and beverage pairing budgeting and cost control dish preparation detail oriented purchasing inventory control portion and cost control food inspection time management strong communication skills inventory monitoring high volume dining outstanding cleanliness organizational skills trained in food safety guidelines problem solving flexible schedule work history executive chef 12 2003 to current company name city state managed kitchen and stewarding staff team of 67 and assigned various stages of food production and event management designed managed and created menus for 3 restaurants offshore 9 boardwalk and newly opened henry s 2 pool pantries and 1 market riptide and surf hero managed designed menus and cooked for over 51 000 square feet of meeting space maintained labor at under 11 to promote long term business profitability purchased ingredients and managed inventory from a variety of vendors which allowed for a hotel wide food costs of 26 worked closely on a daily basis with sales and catering to create dynamic cost effective food selections for small banquets and large events for up to 1000 people experimented new dish creations by incorporating customer recommendations and feedback created recipes incorporating various techniques to build flavor and unique visual appeal adjusted seasonal plans to source local ingredients and aligned special dishes to complement area events worked with vendors to locate optimal recipe ingredients at cost effective rates utilized local fresh food products to support local economies and showcase community support produced or amended menus and item selections in conjunction with food and beverage team performed financial analysis and recommended effective methods to cut costs initiated software based inventory control system to manage inventory and analyze food cost coordinated and executed menu planning recipe development and daily restaurant operations monitored quality presentation and proper quantities of plated food across line created new menu items managed food expenses and supervised quality to ensure adherence to standards oversaw hiring and development of kitchen employees as well as trained numerous kitchen personnel from ground up to take on challenging stations such as sous chef and chef de cuisine continually aware of dramatic changes to kitchens including health department standards and customer requests for healthier food options monitored kitchen area and staff to ensure overall safety and proper food handling techniques restaurant chef executive sous chef 08 2008 to 08 2013 company name city state modified standard recipes to account for ingredient issues or customer requests including allergen concerns created exceptional menu items executed with precision to regularly garner diner praise supervised staff of 30 providing direction in preparing specialty items including banquets restaurant and employee dining room developed innovative california driven menus with over 30 offerings followed proper food handling methods and maintained correct temperature of food products resulting in consistently high scores on health inspections kept stations stocked and ready for use to maximize productivity estimated staffing needs and adjusted hourly schedules to match demand patterns budget and local labor laws set up and performed initial prep work for food items such as soups sauces and salads established and maintained open collaborative relationships with kitchen team to maximize efficiency prepared more than 500 dishes per day in fast paced all scratch kitchen environment while maintaining high customer satisfaction rate maintained consistent quality and high accuracy when preparing identical dishes every day conducted daily inspections and maintained food sanitation and kitchen equipment safety reports identified opportunities to increase revenue decrease kitchen expenses and maximize departmental productivity without compromising guest satisfaction enforced proper sanitation practices to prevent spoiling or contamination of foods verified kitchen staff followed all recipes and portion serving guidelines correctly maximized efficiency of kitchen operation by overseeing daily product inventory purchasing and receiving placed orders for food supplies weekly with understanding of kitchen s budget ensured that the kitchen was always clean orderly and well maintained in an effort to avoid mishaps trained and supervised all culinary personnel for 3 5 million annual revenue grossing restaurant used an array of different cooking techniques in dish creation and educated the kitchen staff in these methods lead cook chef de cuisine 12 2003 to 08 2008 company name city state managed budget labor and direct operating expenses for restaurant banquet anda market operation tracked kitchen s inventory and ordered new food and supplies when needed considered seasonal product pricing and availability in development of promotional dishes and menu selections inspected freezer and refrigerator prior to each shift to check temperatures levels ensuring proper functionality adjusted seasonal plans to source local ingredients and aligned special dishes to complement area events interacted professionally and effectively with wait staff regarding special orders for customers including those with food allergies and gluten intolerance monitored quality presentation and proper quantities of plated food across line developed recipes and menus to meet consumer demand and align with culinary trends prepared mise en place every day to promote efficient preparation of signature dishes line prep cook 12 1999 to 12 2003 company name city state kept stations stocked and ready for use to maximize productivity arranged sauces and supplementary garnishes to place in allocated stations sanitized food preparation areas grills and equipment to avoid cross contamination from raw items maintained consistent quality and high accuracy when preparing identical dishes every day prepared more than 300 dishes per day in fast paced classic french cooking environment while maintaining high customer satisfaction rate used measuring items knives and other kitchen tools to properly prepare food resources rotated stock items and ingredients to maintain efficiency and freshness executed proper techniques when preparing menu item ingredients cooked food following specific measurements and recipes improved overall kitchen efficiency through consistency leading to numerous promotions,culinary chef de cuisine we are seeking a talented and passionate culinary chef de cuisine to lead our kitchen operations and create exceptional dining experiences through innovative cuisine and culinary excellence this senior leadership role requires a skilled culinary professional who can oversee menu development manage kitchen staff maintain food quality standards and drive operational efficiency you will be responsible for creating innovative dishes managing food costs ensuring health and safety compliance and leading a high performing culinary team the ideal candidate will have extensive culinary expertise proven leadership abilities creative vision and unwavering commitment to culinary excellence and guest satisfaction culinary degree from accredited culinary school or equivalent combination of formal culinary training and professional experience minimum 8 10 years of professional culinary experience with at least 3 5 years in executive chef or chef de cuisine role extensive knowledge of classical and contemporary cooking techniques international cuisines and modern culinary trends proven track record of menu development recipe creation and culinary innovation in upscale dining environments strong leadership and team management skills with ability to inspire motivate and develop diverse culinary teams comprehensive understanding of food cost management inventory control and kitchen financial operations expert knowledge of food safety regulations haccp principles and health department requirements excellent palate with refined sense of flavor profiles seasoning and ability to create balanced memorable dishes strong organizational and time management skills with ability to manage high volume service and multiple stations simultaneously experience with various dietary requirements including vegetarian vegan gluten free and allergen considerations proficiency with kitchen management software ordering systems and inventory tracking applications creativity and artistic vision for menu development dish presentation and culinary storytelling physical stamina to work long hours standing in hot environments and performing physically demanding kitchen tasks strong communication skills for effective interaction with kitchen staff service team management and occasionally guests servsafe manager certification or equivalent food safety certification required flexibility to work evenings weekends holidays and adjust schedule based on restaurant operational needs design and develop innovative seasonal menus that reflect culinary trends showcase local ingredients and align with restaurant concept and guest preferences oversee all kitchen operations including food preparation cooking plating and quality control to ensure consistent excellence in every dish lead mentor and develop kitchen team including sous chefs line cooks and prep cooks providing training feedback and career development opportunities create standardized recipes with detailed specifications for ingredients portions preparation methods and presentation to ensure consistency manage food ordering inventory control and supplier relationships to ensure quality ingredients while optimizing food costs and minimizing waste develop and manage kitchen budget monitor food costs labor expenses and operational costs to achieve financial targets and profitability goals ensure strict adherence to food safety standards sanitation protocols and health department regulations maintaining safe and clean kitchen environment coordinate with front of house management to ensure seamless service execution address guest feedback and accommodate special dietary requirements conduct regular tastings and quality checks throughout service to maintain high standards for flavor temperature texture and presentation stay current on culinary trends new cooking techniques ingredient innovations and competitive restaurant offerings to maintain creative edge manage kitchen equipment maintenance ensuring proper functioning scheduling repairs and implementing preventive maintenance programs develop and implement systems for efficient kitchen workflow station organization and service timing to optimize productivity during peak periods collaborate with restaurant management on special events wine pairings tasting menus and promotional offerings train staff on proper food handling knife skills cooking techniques and presentation standards to elevate overall team capabilities,0.44496432536902814,0.9053,0.685625149988001,0.8125643666323378,0.5906825810073819,59.06825810073819,14
10653119,"         EXECUTIVE CHEF /CHEF MANAGER           Experience      Executive Chef /Chef Manager  ,     01/2014   to   01/2019     Company Name   –   City  ,   State      Developed restaurant concept, menu, and recipes and oversaw daily restaurant operations for 100% gluten free corporate style cafe.  Created daily specials and rotating prepared food selections based on seasonal availability and customer demand.  Hired and managed all back of house staff and front of house staff.  Ensured personnel safety, kitchen sanitation and proper food handling and storage.  Purchased food and cultivated strong vendor relationships.  Coordinated and organized all restaurant inventory.  Planned and executed catered events.  Considered seasonal product pricing and availability in development of promotional dishes and menu selections.  Modified standard recipes to account for ingredient issues or customer requests, including allergen concerns.  Assured customer satisfaction in front of house.  Financial management including food cost & labor.         Chef /Banquet Chef  ,     01/2006   to   01/2014     Company Name   –   City  ,   State      Prepared various a la carte menu items and seasonal specialties for 150 + seat country club.  Planned, organized, and oversaw food preparation of all banquet and catering events including weddings and golf tournaments for 75 - 275 people.  Ensured and maintained five-star quality of food preparation from planning, purchasing, preparing, to plating.  Interacted with Club members when preparing food at remote locations such as outside grilling, pasta nights, clam bakes, etc.  Planned promotional menu additions based on seasonal pricing and product availability.  Supply ordering and inventory.  Hired, trained, scheduled and managed kitchen staff of 8-12.  Monitored line processes to maintain consistency in quality, quantity and presentation.         Chef/Kitchen Manager  ,     01/2005   to   01/2006     Company Name   –   City  ,   State      Managed all aspects of kitchen in accordance with goals, objectives and culture set forth by company.  Managed kitchen staff team and assigned various stages of food production.  Monitored quality, presentation and quantities of plated food across line.  Assessed inventory levels every week and placed orders to replenish goods before supplies depleted.  Monitored kitchen area and staff to ensure overall safety and proper food handling techniques
Twenty Water Street - Executive Sous Chef.         01/1995   to   01/2005       City  ,   State      Prepared and presented menu items and daily specials for 200 seat fine dining restaurant, 40 seat tavern, and seasonal waterfront deck, plus banquet and catering functions.  Managed kitchen staff team of 10-15 and assigned various stages of food production.  Responsible for daily food purchasing and receiving, menu planning, inventory control, and food costing.  Oversaw hiring, training and development of kitchen employees.  Produced or amended menus and item selections in conjunction with Executive Chef.         Work History      Executive Chef /Chef Manager  ,   01/2014   to   01/2019     Company Name   –   City  ,   State      Developed restaurant concept, menu, and recipes and oversaw daily restaurant operations for 100% gluten free corporate style cafe.  Created daily specials and rotating prepared food selections based on seasonal availability and customer demand.  Hired and managed all back of house staff and front of house staff.  Ensured personnel safety, kitchen sanitation and proper food handling and storage.  Purchased food and cultivated strong vendor relationships.  Coordinated and organized all restaurant inventory.  Planned and executed catered events.  Considered seasonal product pricing and availability in development of promotional dishes and menu selections.  Modified standard recipes to account for ingredient issues or customer requests, including allergen concerns.  Assured customer satisfaction in front of house.  Financial management including food cost & labor.         Chef /Banquet Chef  ,   01/2006   to   01/2014     Company Name   –   City  ,   State      Prepared various a la carte menu items and seasonal specialties for 150 + seat country club.  Planned, organized, and oversaw food preparation of all banquet and catering events including weddings and golf tournaments for 75 - 275 people.  Ensured and maintained five-star quality of food preparation from planning, purchasing, preparing, to plating.  Interacted with Club members when preparing food at remote locations such as outside grilling, pasta nights, clam bakes, etc.  Planned promotional menu additions based on seasonal pricing and product availability.  Supply ordering and inventory.  Hired, trained, scheduled and managed kitchen staff of 8-12.  Monitored line processes to maintain consistency in quality, quantity and presentation.         Chef/Kitchen Manager  ,   01/2005   to   01/2006     Company Name   –   City  ,   State      Managed all aspects of kitchen in accordance with goals, objectives and culture set forth by company.  Managed kitchen staff team and assigned various stages of food production.  Monitored quality, presentation and quantities of plated food across line.  Assessed inventory levels every week and placed orders to replenish goods before supplies depleted.  Monitored kitchen area and staff to ensure overall safety and proper food handling techniques
Twenty Water Street - Executive Sous Chef.           01/1995   to   01/2005       City  ,   State      Prepared and presented menu items and daily specials for 200 seat fine dining restaurant, 40 seat tavern, and seasonal waterfront deck, plus banquet and catering functions.  Managed kitchen staff team of 10-15 and assigned various stages of food production.  Responsible for daily food purchasing and receiving, menu planning, inventory control, and food costing.  Oversaw hiring, training and development of kitchen employees.  Produced or amended menus and item selections in conjunction with Executive Chef.         Education      Associate of Science  :   Culinary Arts      Johnson & Wales University   -   City  ,   State           Summary    Skilled, creative, dedicated Executive Chef/Chef Manager with extensive culinary experience and knowledge in varied dining concepts and a large range of cuisines. Focused and efficient with a strong knowledge in food safety and sanitation guidelines. Adept at food purchasing, inventory and controlling food cost. Talented kitchen leader and team motivator successful at maintaining staff focus, efficiency and productivity.      Certifications    Certified Food Safety Manager
National Registry of Food Safety Professionals      Highlights          Hands on knowledge of all phases of food preparation from casual to fine dining and catering  Food & Labor Cost Control  Banquet and catering menu planning, development, and service  Recipe development and standardization  Gluten Free food preparation  Certified Food Safety Manager  Food procurement, inventory and inventory control  Knowledge of P & L accountability  Kitchen equipment maintenance and repair  Customer service orientated  Employee hiring & training      Computer proficiency  Concept  Cost Control  Costing  Customer satisfaction  Customer service  Equipment maintenance and repair  Financial management  Food Safety  Forth  Hiring  Inventory levels  Inventory  Inventory control  Personnel  Pricing  Processes  Procurement  Purchasing  Quality  Receiving  Restaurant operations  Safety            Skills     Hands on knowledge of all phases of food preparation from casual to fine dining and catering  Food & Labor Cost Control  Banquet and catering menu planning, development, and service  Recipe development and standardization  Gluten Free food preparation  Certified Food Safety Manager  Food procurement, inventory and inventory control  Knowledge of P & L accountability  Kitchen equipment maintenance and repair  Customer service orientated  Employee hiring & training  Computer proficiency,  Concept, Cost Control, costing, customer satisfaction, Customer service, equipment maintenance and repair, Financial management, Food Safety, forth, hiring, inventory levels, inventory, inventory control, personnel, pricing, processes, procurement, purchasing, quality, receiving, restaurant operations, safety    ","Culinary Chef de Cuisine
----------------------------------------
We are seeking a talented and passionate Culinary Chef de Cuisine to lead our kitchen operations and create exceptional dining experiences through innovative cuisine and culinary excellence. This senior leadership role requires a skilled culinary professional who can oversee menu development, manage kitchen staff, maintain food quality standards, and drive operational efficiency. You will be responsible for creating innovative dishes, managing food costs, ensuring health and safety compliance, and leading a high-performing culinary team. The ideal candidate will have extensive culinary expertise, proven leadership abilities, creative vision, and unwavering commitment to culinary excellence and guest satisfaction.
----------------------------------------
* Culinary degree from accredited culinary school or equivalent combination of formal culinary training and professional experience
* Minimum 8-10 years of professional culinary experience with at least 3-5 years in executive chef or chef de cuisine role
* Extensive knowledge of classical and contemporary cooking techniques, international cuisines, and modern culinary trends
* Proven track record of menu development, recipe creation, and culinary innovation in upscale dining environments
* Strong leadership and team management skills with ability to inspire, motivate, and develop diverse culinary teams
* Comprehensive understanding of food cost management, inventory control, and kitchen financial operations
* Expert knowledge of food safety regulations, HACCP principles, and health department requirements
* Excellent palate with refined sense of flavor profiles, seasoning, and ability to create balanced, memorable dishes
* Strong organizational and time management skills with ability to manage high-volume service and multiple stations simultaneously
* Experience with various dietary requirements including vegetarian, vegan, gluten-free, and allergen considerations
* Proficiency with kitchen management software, ordering systems, and inventory tracking applications
* Creativity and artistic vision for menu development, dish presentation, and culinary storytelling
* Physical stamina to work long hours standing, in hot environments, and performing physically demanding kitchen tasks
* Strong communication skills for effective interaction with kitchen staff, service team, management, and occasionally guests
* ServSafe Manager certification or equivalent food safety certification required
* Flexibility to work evenings, weekends, holidays, and adjust schedule based on restaurant operational needs
----------------------------------------
* Design and develop innovative, seasonal menus that reflect culinary trends, showcase local ingredients, and align with restaurant concept and guest preferences
* Oversee all kitchen operations including food preparation, cooking, plating, and quality control to ensure consistent excellence in every dish
* Lead, mentor, and develop kitchen team including sous chefs, line cooks, and prep cooks, providing training, feedback, and career development opportunities
* Create standardized recipes with detailed specifications for ingredients, portions, preparation methods, and presentation to ensure consistency
* Manage food ordering, inventory control, and supplier relationships to ensure quality ingredients while optimizing food costs and minimizing waste
* Develop and manage kitchen budget, monitor food costs, labor expenses, and operational costs to achieve financial targets and profitability goals
* Ensure strict adherence to food safety standards, sanitation protocols, and health department regulations, maintaining safe and clean kitchen environment
* Coordinate with front-of-house management to ensure seamless service execution, address guest feedback, and accommodate special dietary requirements
* Conduct regular tastings and quality checks throughout service to maintain high standards for flavor, temperature, texture, and presentation
* Stay current on culinary trends, new cooking techniques, ingredient innovations, and competitive restaurant offerings to maintain creative edge
* Manage kitchen equipment maintenance, ensuring proper functioning, scheduling repairs, and implementing preventive maintenance programs
* Develop and implement systems for efficient kitchen workflow, station organization, and service timing to optimize productivity during peak periods
* Collaborate with restaurant management on special events, wine pairings, tasting menus, and promotional offerings
* Train staff on proper food handling, knife skills, cooking techniques, and presentation standards to elevate overall team capabilities
",CHEF,"['culinary expertise', 'menu development', 'food cost management', 'food safety regulations', 'HACCP principles', 'kitchen management software', 'inventory control', 'recipe creation', 'cooking techniques', 'dietary requirements knowledge', 'ServSafe Manager certification', 'kitchen operations management', 'staff training', 'budget management', 'quality control', 'ingredient sourcing', 'kitchen equipment maintenance', 'leadership', 'team management', 'creativity', 'communication', 'organizational skills', 'time management', 'mentoring', 'problem solving', 'flexibility', 'attention to detail', 'motivation']","['culinary arts', 'food safety', 'menu planning', 'recipe development', 'inventory control', 'food procurement', 'cost control', 'customer service', 'kitchen equipment maintenance', 'financial management', 'gluten free food preparation', 'banquet planning', 'catering service', 'p&l accountability', 'food costing', 'employee training', 'staff management', 'food handling', 'sanitation', 'vendor relationships', 'seasonal menu development', 'food presentation', 'quality control', 'leadership', 'team motivation', 'communication', 'problem solving', 'creativity', 'dedication', 'efficiency', 'customer satisfaction', 'attention to detail', 'organizational skills']","['culinary expertise', 'menu development', 'food cost management', 'food safety regulations', 'inventory control', 'recipe creation', 'cooking techniques', 'dietary requirements knowledge', 'ServSafe Manager certification', 'kitchen operations management', 'staff training', 'budget management', 'quality control', 'ingredient sourcing', 'kitchen equipment maintenance', 'leadership', 'team management', 'creativity', 'communication', 'organizational skills', 'time management', 'mentoring', 'problem solving', 'flexibility', 'attention to detail', 'motivation']",91.72,32.14,75.88,executive chef chef manager experience executive chef chef manager 01 2014 to 01 2019 company name city state developed restaurant concept menu and recipes and oversaw daily restaurant operations for 100 gluten free corporate style cafe created daily specials and rotating prepared food selections based on seasonal availability and customer demand hired and managed all back of house staff and front of house staff ensured personnel safety kitchen sanitation and proper food handling and storage purchased food and cultivated strong vendor relationships coordinated and organized all restaurant inventory planned and executed catered events considered seasonal product pricing and availability in development of promotional dishes and menu selections modified standard recipes to account for ingredient issues or customer requests including allergen concerns assured customer satisfaction in front of house financial management including food cost labor chef banquet chef 01 2006 to 01 2014 company name city state prepared various a la carte menu items and seasonal specialties for 150 seat country club planned organized and oversaw food preparation of all banquet and catering events including weddings and golf tournaments for 75 275 people ensured and maintained five star quality of food preparation from planning purchasing preparing to plating interacted with club members when preparing food at remote locations such as outside grilling pasta nights clam bakes etc planned promotional menu additions based on seasonal pricing and product availability supply ordering and inventory hired trained scheduled and managed kitchen staff of 8 12 monitored line processes to maintain consistency in quality quantity and presentation chef kitchen manager 01 2005 to 01 2006 company name city state managed all aspects of kitchen in accordance with goals objectives and culture set forth by company managed kitchen staff team and assigned various stages of food production monitored quality presentation and quantities of plated food across line assessed inventory levels every week and placed orders to replenish goods before supplies depleted monitored kitchen area and staff to ensure overall safety and proper food handling techniques twenty water street executive sous chef 01 1995 to 01 2005 city state prepared and presented menu items and daily specials for 200 seat fine dining restaurant 40 seat tavern and seasonal waterfront deck plus banquet and catering functions managed kitchen staff team of 10 15 and assigned various stages of food production responsible for daily food purchasing and receiving menu planning inventory control and food costing oversaw hiring training and development of kitchen employees produced or amended menus and item selections in conjunction with executive chef work history executive chef chef manager 01 2014 to 01 2019 company name city state developed restaurant concept menu and recipes and oversaw daily restaurant operations for 100 gluten free corporate style cafe created daily specials and rotating prepared food selections based on seasonal availability and customer demand hired and managed all back of house staff and front of house staff ensured personnel safety kitchen sanitation and proper food handling and storage purchased food and cultivated strong vendor relationships coordinated and organized all restaurant inventory planned and executed catered events considered seasonal product pricing and availability in development of promotional dishes and menu selections modified standard recipes to account for ingredient issues or customer requests including allergen concerns assured customer satisfaction in front of house financial management including food cost labor chef banquet chef 01 2006 to 01 2014 company name city state prepared various a la carte menu items and seasonal specialties for 150 seat country club planned organized and oversaw food preparation of all banquet and catering events including weddings and golf tournaments for 75 275 people ensured and maintained five star quality of food preparation from planning purchasing preparing to plating interacted with club members when preparing food at remote locations such as outside grilling pasta nights clam bakes etc planned promotional menu additions based on seasonal pricing and product availability supply ordering and inventory hired trained scheduled and managed kitchen staff of 8 12 monitored line processes to maintain consistency in quality quantity and presentation chef kitchen manager 01 2005 to 01 2006 company name city state managed all aspects of kitchen in accordance with goals objectives and culture set forth by company managed kitchen staff team and assigned various stages of food production monitored quality presentation and quantities of plated food across line assessed inventory levels every week and placed orders to replenish goods before supplies depleted monitored kitchen area and staff to ensure overall safety and proper food handling techniques twenty water street executive sous chef 01 1995 to 01 2005 city state prepared and presented menu items and daily specials for 200 seat fine dining restaurant 40 seat tavern and seasonal waterfront deck plus banquet and catering functions managed kitchen staff team of 10 15 and assigned various stages of food production responsible for daily food purchasing and receiving menu planning inventory control and food costing oversaw hiring training and development of kitchen employees produced or amended menus and item selections in conjunction with executive chef education associate of science culinary arts johnson wales university city state summary skilled creative dedicated executive chef chef manager with extensive culinary experience and knowledge in varied dining concepts and a large range of cuisines focused and efficient with a strong knowledge in food safety and sanitation guidelines adept at food purchasing inventory and controlling food cost talented kitchen leader and team motivator successful at maintaining staff focus efficiency and productivity certifications certified food safety manager national registry of food safety professionals highlights hands on knowledge of all phases of food preparation from casual to fine dining and catering food labor cost control banquet and catering menu planning development and service recipe development and standardization gluten free food preparation certified food safety manager food procurement inventory and inventory control knowledge of p l accountability kitchen equipment maintenance and repair customer service orientated employee hiring training computer proficiency concept cost control costing customer satisfaction customer service equipment maintenance and repair financial management food safety forth hiring inventory levels inventory inventory control personnel pricing processes procurement purchasing quality receiving restaurant operations safety skills hands on knowledge of all phases of food preparation from casual to fine dining and catering food labor cost control banquet and catering menu planning development and service recipe development and standardization gluten free food preparation certified food safety manager food procurement inventory and inventory control knowledge of p l accountability kitchen equipment maintenance and repair customer service orientated employee hiring training computer proficiency concept cost control costing customer satisfaction customer service equipment maintenance and repair financial management food safety forth hiring inventory levels inventory inventory control personnel pricing processes procurement purchasing quality receiving restaurant operations safety,culinary chef de cuisine we are seeking a talented and passionate culinary chef de cuisine to lead our kitchen operations and create exceptional dining experiences through innovative cuisine and culinary excellence this senior leadership role requires a skilled culinary professional who can oversee menu development manage kitchen staff maintain food quality standards and drive operational efficiency you will be responsible for creating innovative dishes managing food costs ensuring health and safety compliance and leading a high performing culinary team the ideal candidate will have extensive culinary expertise proven leadership abilities creative vision and unwavering commitment to culinary excellence and guest satisfaction culinary degree from accredited culinary school or equivalent combination of formal culinary training and professional experience minimum 8 10 years of professional culinary experience with at least 3 5 years in executive chef or chef de cuisine role extensive knowledge of classical and contemporary cooking techniques international cuisines and modern culinary trends proven track record of menu development recipe creation and culinary innovation in upscale dining environments strong leadership and team management skills with ability to inspire motivate and develop diverse culinary teams comprehensive understanding of food cost management inventory control and kitchen financial operations expert knowledge of food safety regulations haccp principles and health department requirements excellent palate with refined sense of flavor profiles seasoning and ability to create balanced memorable dishes strong organizational and time management skills with ability to manage high volume service and multiple stations simultaneously experience with various dietary requirements including vegetarian vegan gluten free and allergen considerations proficiency with kitchen management software ordering systems and inventory tracking applications creativity and artistic vision for menu development dish presentation and culinary storytelling physical stamina to work long hours standing in hot environments and performing physically demanding kitchen tasks strong communication skills for effective interaction with kitchen staff service team management and occasionally guests servsafe manager certification or equivalent food safety certification required flexibility to work evenings weekends holidays and adjust schedule based on restaurant operational needs design and develop innovative seasonal menus that reflect culinary trends showcase local ingredients and align with restaurant concept and guest preferences oversee all kitchen operations including food preparation cooking plating and quality control to ensure consistent excellence in every dish lead mentor and develop kitchen team including sous chefs line cooks and prep cooks providing training feedback and career development opportunities create standardized recipes with detailed specifications for ingredients portions preparation methods and presentation to ensure consistency manage food ordering inventory control and supplier relationships to ensure quality ingredients while optimizing food costs and minimizing waste develop and manage kitchen budget monitor food costs labor expenses and operational costs to achieve financial targets and profitability goals ensure strict adherence to food safety standards sanitation protocols and health department regulations maintaining safe and clean kitchen environment coordinate with front of house management to ensure seamless service execution address guest feedback and accommodate special dietary requirements conduct regular tastings and quality checks throughout service to maintain high standards for flavor temperature texture and presentation stay current on culinary trends new cooking techniques ingredient innovations and competitive restaurant offerings to maintain creative edge manage kitchen equipment maintenance ensuring proper functioning scheduling repairs and implementing preventive maintenance programs develop and implement systems for efficient kitchen workflow station organization and service timing to optimize productivity during peak periods collaborate with restaurant management on special events wine pairings tasting menus and promotional offerings train staff on proper food handling knife skills cooking techniques and presentation standards to elevate overall team capabilities,0.36768946112878853,0.9172,0.7712982961363092,0.8535873669756265,0.5859516928004124,58.59516928004124,15
17392859,"         DIRECTOR OF FINANCE           Professional Summary    Seeking a position in financial/general accounting. Highly meticulous and reliable Finance Director with an outstanding client service record. Adept multitasker able to handle a number of cash management projects with professionalism and accuracy. Strong research skills in optimizing current and efficient cash management team operation.      Experience      Director of Finance    May 2016   to   Current     Company Name   －   City  ,   State      Manages the day to day accounting department, including hands on monthly close, commission reports, financial statements.  Manages financial tasks, budgeting and overall accounting of the company.  Develop and implement short and long-term financial strategies and tactics in alignment with the company's business plan and strategic initiatives.  Develop and monitor policies and procedures within generally accepted accounting principles and corporate guidelines to ensure sufficient cash flow, reduced operating cost, and increased revenues.  Forecast, monitor performance and prepare analytical information and management reports to enable effective decision making by the CEO.  Manage and develop clear and precise financial records, analyze financial statement while ensuring the integrity of all financials, and maintain internal control.  Manages monthly and yearly closing responsibilities including system closing, journal entry preparation and inventory reconciliation.  Prepare and review all documentation required to meet reporting deadlines.  Provide financial reports and analysis to Executive Staff.  Serve as primary liaison to outside CPA firm for assurance and income tax preparation services.          Sr. Operations Analyst-Fund Accounting    September 2015   to   April 2016     Company Name   －   City  ,   State      Process funds' trade activity and communicate with the funds' investment manager on a daily basis.  Prepares and review position and cash reconciliations between investment manager and custodians utilizing internal  and third party custody platforms.  Resolve cash and position reconciling items on a timely basis.  Evaluate confirms and trades for settlements.  Prepares Cash and Portfolio Reconciliations for equities and fixed income.  Performs daily and monthly analysis  and quarterly reporting for institutional investors.  Communicates daily with custodians and prime brokers to resolve trading, operational and accounting issues.  Prepares financial statement for the funds and participate in other Ad Hoc projects as needed.          Financial Analyst-General Accounting    October 2013   to   September 2015     Company Name   －   City  ,   State      Prepares month-end, quarter-end, year-end account analysis and reconciliation, including reconciliation of bank statements to the finance ledger.  Prepares financial reports by utilizing accounting and support systems within the scope of established controls and procedures to research and prove account balances.  Maintains and reconciles general ledger, subsidiary ledger and DDA accounts.  Performs a variety of routine accounting functions in accordance with United States Generally Accepted Accounting Principles and Sarbanes Oxley Act.  Prepares financial statement reconciliation report, by analyzing general ledger activity and propose appropriate adjusting entries.  Assists with audits by providing supporting records and documentation.  Prepares, reviews and verifies the accuracy of journal entries and accounting classifications assigned to various records.  Reconciles intercompany and all balance sheet accounts on a monthly basis and report on variances.  Assists in the documentation of processes and establishment of internal controls.  I do evaluate the effectiveness and efficiency of business processes, procedures and accounting assumptions on an ongoing basis.  Leads and participate in various finance ad hoc projects as needed (SAP/eLedger transition).​          Tax Analyst    June 2011   to   August 2011     Company Name   －   City  ,   State      Trained in preparation of Federal tax provisions and related financial statements disclosures.  Trained in preparation of Federal excise tax calculations.  Experienced in reconciliation of detailed realized gain/loss reports.  Experienced in PFIC mark to market adjustment computation using Passive Foreign Investment Company(PFIC) identification procedures.          Team Lead- Sr. Research/Financial Analyst    June 2007   to   September 2012     Company Name   －   City  ,   State      Helped clients understand their historical transaction statements.  Analyzed and explained transactional transcripts, i.e.general ledger to financial advisors to assist their clients.  Researched cost basis for shareholders and CPAs to help in preparation of tax returns.  Processed corrections, adjustments or complex transactions for clients, i.e.monetary adjustments, non-monetary, account maintenance, and monetary distributions.  Researched retirement accounts for shareholders to enable them make contributory/distributor decisions.  Recorded and managed data within appropriate timelines.  Gathered, analyzed, and presented data to resolve client escalation issues.  Worked closely with the legal department to resolve legal issues; such as investment fraud and subpoenas.  Assisted department manager with implementation of quality control procedures.  Communicated with clients to resolve any problems on a regular basis.          Investor Services Specialist    October 2001   to   June 2007     Company Name   －   City  ,   State      Reviewed market quotes for acceptable fluctuation, reasonableness and accuracy.  Responsible for quality control of financial transactions.  Performed data entry to generate shareholder reports.  Regularly communicated with clients to assist them with their retirement accounts.  Assisted in quality control processes which include: monitoring status of reconciling and fee bill processing, assuring written policies and procedures are consistently applied and identifying areas where additional training is needed.  Utilized a variety of databases and applications to complete shareholders request.  Results oriented and hands on skill in research and analysis, business operations and customer/client support.          Education      MBA   :   Accounting  ,   2011    Johnson & Wales University   －   City  ,   State       Accounting         Bachelor of Science   :   Accounting  ,   2009    Johnson & Wales University   －   City  ,   State      Accounting        Skills     Accurate, Bloomberg, DTCC, PACE, Asset Arena, Essbase, Great Plains, Hyperion, ELedger/SAP, Access, Excel, Word, PowerPoint, Oracle, QuickBooks, fiscal budgeting knowledge and financial reporting.    ","Financial Controller
----------------------------------------
We are seeking an experienced Financial Controller to oversee all accounting operations, financial reporting, and internal controls while providing strategic financial leadership to the organization. This senior role requires a detail-oriented financial professional who can manage accounting teams, ensure accurate financial statements, implement robust controls, and provide insightful analysis to support business decisions. You will be responsible for month-end close processes, budgeting and forecasting, audit coordination, compliance management, and continuous improvement of financial systems and processes. The ideal candidate will have strong technical accounting knowledge, proven leadership abilities, exceptional analytical skills, and strategic mindset to partner effectively with executive leadership.
----------------------------------------
* Bachelor's degree in Accounting, Finance, or related field required; MBA or Master's in Accounting preferred
* CPA certification required; CMA or other relevant professional certifications beneficial
* Minimum 8-10 years of progressive accounting experience with at least 4-5 years in controller or senior accounting management role
* Deep knowledge of GAAP, financial reporting standards, and regulatory compliance requirements
* Proven experience managing complete accounting cycle, preparing financial statements, and coordinating external audits
* Strong understanding of internal controls, SOX compliance, and risk management practices
* Expert proficiency with accounting systems (NetSuite, SAP, Oracle, or similar ERP platforms) and advanced Excel skills
* Excellent analytical and problem-solving abilities with talent for translating complex financial data into clear insights
* Strong leadership and team management skills with ability to build, develop, and retain high-performing accounting teams
* Experience with budgeting, forecasting, financial planning, and variance analysis processes
* Knowledge of tax accounting, transfer pricing, and multi-entity/multi-jurisdictional accounting preferred
* Exceptional attention to detail with commitment to accuracy and quality in all financial reporting and analysis
* Strong business acumen with ability to partner effectively with operations and provide strategic financial guidance
* Excellent communication and presentation skills for reporting to executives, board members, and external stakeholders
* Experience with IPO preparation, SEC reporting, or public company accounting beneficial for growth-stage companies
* Ability to thrive in dynamic, fast-paced environments and manage multiple priorities with tight deadlines
----------------------------------------
* Oversee all accounting operations including accounts payable, accounts receivable, general ledger, payroll, fixed assets, and cash management
* Manage month-end and year-end close processes, ensuring timely and accurate completion of financial statements in accordance with GAAP
* Prepare consolidated financial statements, management reports, variance analyses, and executive dashboards for senior leadership and board of directors
* Lead annual budgeting and quarterly forecasting processes, working with department heads to develop realistic plans aligned with strategic objectives
* Develop and maintain robust internal control framework to safeguard company assets, ensure accuracy of financial records, and prevent fraud
* Coordinate external audit activities, preparing audit schedules, responding to auditor requests, and ensuring smooth audit process and clean opinions
* Ensure compliance with all regulatory requirements, tax filings, statutory reporting, and financial covenants for debt agreements
* Implement and optimize financial systems, accounting software, and reporting tools to improve efficiency, accuracy, and analytical capabilities
* Manage and develop accounting team including accountants, financial analysts, and accounts payable/receivable staff, providing mentorship and professional development
* Analyze financial performance, identify trends and variances, and provide actionable insights and recommendations to improve profitability and efficiency
* Develop and monitor key performance indicators and financial metrics to track business performance against goals and industry benchmarks
* Oversee cash flow management, working capital optimization, and liquidity planning to ensure adequate funding for operational needs
* Support strategic initiatives including financial modeling for investments, acquisitions, new ventures, and major capital expenditures
* Establish and document accounting policies, procedures, and controls to ensure consistent application of accounting principles
",FINANCE,"['financial reporting', 'accounting operations', 'GAAP', 'internal controls', 'audit coordination', 'budgeting', 'forecasting', 'compliance management', 'financial analysis', 'ERP systems', 'Excel', 'CPA certification', 'tax accounting', 'transfer pricing', 'multi-entity accounting', 'SOX compliance', 'risk management', 'financial modeling', 'cash flow management', 'financial statements preparation', 'statutory reporting', 'IPO preparation', 'SEC reporting', 'leadership', 'team management', 'strategic mindset', 'analytical skills', 'attention to detail', 'business acumen', 'communication', 'problem solving', 'mentorship', 'presentation skills', 'ability to work under pressure']","['financial accounting', 'cash management', 'budgeting', 'financial reporting', 'financial analysis', 'reconciliation', 'gaap', 'sarbanes oxley', 'journal entries', 'internal controls', 'forecasting', 'data analysis', 'excel', 'oracle', 'quickbooks', 'sap', 'bloomberg', 'dtcc', 'pace', 'asset arena', 'essbase', 'great plains', 'hyperion', 'eledger', 'access', 'word', 'powerpoint', 'client service', 'multitasking', 'problem solving', 'communication', 'teamwork', 'attention to detail', 'analytical thinking', 'leadership', 'time management', 'adaptability']","['financial reporting', 'accounting operations', 'GAAP', 'internal controls', 'audit coordination', 'budgeting', 'forecasting', 'compliance management', 'financial analysis', 'ERP systems', 'Excel', 'tax accounting', 'SOX compliance', 'risk management', 'cash flow management', 'financial statements preparation', 'leadership', 'team management', 'strategic mindset', 'analytical skills', 'attention to detail', 'business acumen', 'communication', 'problem solving', 'mentorship', 'presentation skills', 'ability to work under pressure']",81.08,32.35,67.84,director of finance professional summary seeking a position in financial general accounting highly meticulous and reliable finance director with an outstanding client service record adept multitasker able to handle a number of cash management projects with professionalism and accuracy strong research skills in optimizing current and efficient cash management team operation experience director of finance may 2016 to current company name city state manages the day to day accounting department including hands on monthly close commission reports financial statements manages financial tasks budgeting and overall accounting of the company develop and implement short and long term financial strategies and tactics in alignment with the company s business plan and strategic initiatives develop and monitor policies and procedures within generally accepted accounting principles and corporate guidelines to ensure sufficient cash flow reduced operating cost and increased revenues forecast monitor performance and prepare analytical information and management reports to enable effective decision making by the ceo manage and develop clear and precise financial records analyze financial statement while ensuring the integrity of all financials and maintain internal control manages monthly and yearly closing responsibilities including system closing journal entry preparation and inventory reconciliation prepare and review all documentation required to meet reporting deadlines provide financial reports and analysis to executive staff serve as primary liaison to outside cpa firm for assurance and income tax preparation services sr operations analyst fund accounting september 2015 to april 2016 company name city state process funds trade activity and communicate with the funds investment manager on a daily basis prepares and review position and cash reconciliations between investment manager and custodians utilizing internal and third party custody platforms resolve cash and position reconciling items on a timely basis evaluate confirms and trades for settlements prepares cash and portfolio reconciliations for equities and fixed income performs daily and monthly analysis and quarterly reporting for institutional investors communicates daily with custodians and prime brokers to resolve trading operational and accounting issues prepares financial statement for the funds and participate in other ad hoc projects as needed financial analyst general accounting october 2013 to september 2015 company name city state prepares month end quarter end year end account analysis and reconciliation including reconciliation of bank statements to the finance ledger prepares financial reports by utilizing accounting and support systems within the scope of established controls and procedures to research and prove account balances maintains and reconciles general ledger subsidiary ledger and dda accounts performs a variety of routine accounting functions in accordance with united states generally accepted accounting principles and sarbanes oxley act prepares financial statement reconciliation report by analyzing general ledger activity and propose appropriate adjusting entries assists with audits by providing supporting records and documentation prepares reviews and verifies the accuracy of journal entries and accounting classifications assigned to various records reconciles intercompany and all balance sheet accounts on a monthly basis and report on variances assists in the documentation of processes and establishment of internal controls i do evaluate the effectiveness and efficiency of business processes procedures and accounting assumptions on an ongoing basis leads and participate in various finance ad hoc projects as needed sap eledger transition tax analyst june 2011 to august 2011 company name city state trained in preparation of federal tax provisions and related financial statements disclosures trained in preparation of federal excise tax calculations experienced in reconciliation of detailed realized gain loss reports experienced in pfic mark to market adjustment computation using passive foreign investment company pfic identification procedures team lead sr research financial analyst june 2007 to september 2012 company name city state helped clients understand their historical transaction statements analyzed and explained transactional transcripts i e general ledger to financial advisors to assist their clients researched cost basis for shareholders and cpas to help in preparation of tax returns processed corrections adjustments or complex transactions for clients i e monetary adjustments non monetary account maintenance and monetary distributions researched retirement accounts for shareholders to enable them make contributory distributor decisions recorded and managed data within appropriate timelines gathered analyzed and presented data to resolve client escalation issues worked closely with the legal department to resolve legal issues such as investment fraud and subpoenas assisted department manager with implementation of quality control procedures communicated with clients to resolve any problems on a regular basis investor services specialist october 2001 to june 2007 company name city state reviewed market quotes for acceptable fluctuation reasonableness and accuracy responsible for quality control of financial transactions performed data entry to generate shareholder reports regularly communicated with clients to assist them with their retirement accounts assisted in quality control processes which include monitoring status of reconciling and fee bill processing assuring written policies and procedures are consistently applied and identifying areas where additional training is needed utilized a variety of databases and applications to complete shareholders request results oriented and hands on skill in research and analysis business operations and customer client support education mba accounting 2011 johnson wales university city state accounting bachelor of science accounting 2009 johnson wales university city state accounting skills accurate bloomberg dtcc pace asset arena essbase great plains hyperion eledger sap access excel word powerpoint oracle quickbooks fiscal budgeting knowledge and financial reporting,financial controller we are seeking an experienced financial controller to oversee all accounting operations financial reporting and internal controls while providing strategic financial leadership to the organization this senior role requires a detail oriented financial professional who can manage accounting teams ensure accurate financial statements implement robust controls and provide insightful analysis to support business decisions you will be responsible for month end close processes budgeting and forecasting audit coordination compliance management and continuous improvement of financial systems and processes the ideal candidate will have strong technical accounting knowledge proven leadership abilities exceptional analytical skills and strategic mindset to partner effectively with executive leadership bachelor s degree in accounting finance or related field required mba or master s in accounting preferred cpa certification required cma or other relevant professional certifications beneficial minimum 8 10 years of progressive accounting experience with at least 4 5 years in controller or senior accounting management role deep knowledge of gaap financial reporting standards and regulatory compliance requirements proven experience managing complete accounting cycle preparing financial statements and coordinating external audits strong understanding of internal controls sox compliance and risk management practices expert proficiency with accounting systems netsuite sap oracle or similar erp platforms and advanced excel skills excellent analytical and problem solving abilities with talent for translating complex financial data into clear insights strong leadership and team management skills with ability to build develop and retain high performing accounting teams experience with budgeting forecasting financial planning and variance analysis processes knowledge of tax accounting transfer pricing and multi entity multi jurisdictional accounting preferred exceptional attention to detail with commitment to accuracy and quality in all financial reporting and analysis strong business acumen with ability to partner effectively with operations and provide strategic financial guidance excellent communication and presentation skills for reporting to executives board members and external stakeholders experience with ipo preparation sec reporting or public company accounting beneficial for growth stage companies ability to thrive in dynamic fast paced environments and manage multiple priorities with tight deadlines oversee all accounting operations including accounts payable accounts receivable general ledger payroll fixed assets and cash management manage month end and year end close processes ensuring timely and accurate completion of financial statements in accordance with gaap prepare consolidated financial statements management reports variance analyses and executive dashboards for senior leadership and board of directors lead annual budgeting and quarterly forecasting processes working with department heads to develop realistic plans aligned with strategic objectives develop and maintain robust internal control framework to safeguard company assets ensure accuracy of financial records and prevent fraud coordinate external audit activities preparing audit schedules responding to auditor requests and ensuring smooth audit process and clean opinions ensure compliance with all regulatory requirements tax filings statutory reporting and financial covenants for debt agreements implement and optimize financial systems accounting software and reporting tools to improve efficiency accuracy and analytical capabilities manage and develop accounting team including accountants financial analysts and accounts payable receivable staff providing mentorship and professional development analyze financial performance identify trends and variances and provide actionable insights and recommendations to improve profitability and efficiency develop and monitor key performance indicators and financial metrics to track business performance against goals and industry benchmarks oversee cash flow management working capital optimization and liquidity planning to ensure adequate funding for operational needs support strategic initiatives including financial modeling for investments acquisitions new ventures and major capital expenditures establish and document accounting policies procedures and controls to ensure consistent application of accounting principles,0.41805216397800554,0.8108,0.7763378929685626,0.7155853072433919,0.58504451132825,58.504451132825,16
18825446,"         EXECUTIVE CHEF       Professional Summary     Talented Executive Chef with twenty five years experience developing menus and working as head chef/owner of mobile catering business, fast food Cajun and Classical Seafood/Cajun/Creole Family restaurant.Twenty five years professional experience as a dynamic, resourceful and skilled Executive Head Chef with a proved success record in both fine dining and catering.Highly skilled chef with proved ability to produce quality menu items under tight deadlines.       Core Qualifications                   Food and beverage handling expert    Italian cuisine expertise Skillful kitchen staff trainer    Ethnic foods preparation Capable concession stands manager     Food cost control specialist French cuisine talent    Food cost analysis expert American cuisine expert          International culinary skills Ability to handle fast-paced          Back of house operations environment  as well as front of house understanding Ability to handle/resolve problems          Kitchen productivity Successful kitchen staff supervisor          Strong customer relationship builder Cash handling          Plate presentation skills Special dietary needs expert          Proficiency in inventory and ordering Food handling knowledge          Proved leadership skills Food production quality knowledge          Reliable, punctual and committed to High level of cleanly kitchen          customer service maintenance          Staff scheduling knowledge Interviewing and training ability          Sensitive to cultural diversity Knowledge of basic food preparation          Strong restaurant serving experience Knowledge of products and          Team-oriented selections          Willing to work under pressure Menu development skills          Written and oral communication skills Open Table experience          Good personal hygiene Proved success in up-selling          Works well under pressure Basic knife skills          Preparation of various food items Consistently complies with polices          Uses proper sanitation practices and procedures          Able to work in a fast paced Banquet operations and off-site          environment catering expert          Able to work with hands continuously             Experience     December 1987       Company Name   City  ,   State     Executive Chef        Operations Management: Food Preparation Responsible for coordination of up to 12 servers in restaurant with capacity of 200.  Baked, roasted, broiled, and steamed meats, fish, vegetables and other foods.  Estimated amounts and costs of required supplies, such as food and ingredients.  Helped with preparation, set-up, and service for catering events.  Performed all transactions in a cordial, efficient and professional manner.  Prepared food items.  Cleaned and inspected galley equipment, kitchen appliances, and work areas.  Spoke with patrons to ensure satisfaction with food and service.  Trained new employees.  Trained kitchen staff on proper use of equipment, food handling and portion sizing.  Responsible for the design and preparation of all menu items for private home/office setting.  Supervised kitchen staff of 10 people and ensured proper event set-up, food preparation, kitchen clean-up and proper shut down.  Adjusted monthly menus to maximize use of seasonal local ingredients and delicacies.  Developed variety of menu items catering to customers with food allergies and diet restrictions such as gluten-free and vegan items.  Managed kitchen operations for high grossing, fast-paced fair concession kitchen.  Trained staff of eight employees for correct facility procedures, safety codes, proper recipes and plating techniques.  Managed preparation and presentation of the desserts for all catered events.  Responsible for all kitchen operations such as banquet events, buffet lines, room service orders and hotel restaurant.  Hired and trained staff of 12 food preparation employees.  Oversaw 10 cooks and a Sous Chef as part of overall back of the house operations.  Managed food and produce receiving process with 100% accuracy.  Frequently switched between positions as Cold Food prep, Soup Station Chef and Relief Chef mid shift to support changing needs of large industrial kitchen Developed popular daily specials with personally sourced ingredients for broiler and sauté stations.  Responsible for daily set up of five stations.  Developed popular daily specials with personally sourced ingredients for broiler and sauté stations.  Ensured minimal product shrink and coordinated secondary usage of product Executed various kitchen stations and assisted with, meat, fish, sauté or pantry Informed patrons of establishment specialties and features Instructed cooks and other workers in the preparation, cooking, garnishing, and presentation of food Loaded dishwashers and hand-washed items such as pots, pans, knives Planned and prepared food for parties, holiday meals, luncheons, special functions, and other social events Specialized in preparing fancy dishes and/or food for special diets Stocked and rotated products, stocked supplies, and paper goods in a timely basis Supervised and coordinated activities of cooks and workers engaged in food preparation Used all food handling standards Collaborated with other personnel to plan and develop recipes and menus Compiled and maintained records of food use and expenditures Cooked food properly and in a timely fashion, using safety precautions Cooked the exact number of items ordered by each customer, working on several different orders simultaneously Created and explored new cuisines Directed the operation and organization of kitchens and all food-related activities, including the presentation and serving of food Ensured consistent high quality of plate presentation Ensured first-in-first-out system with all ingredients labeled and stored properly Maintained contact with kitchen staff, management, serving staff, and customers Maintained system of control for storage temperatures and proper functioning of kitchen equipment Oversaw kitchen employee operations to ensure production levels and service standards were maintained Seasoned and cooked food according to recipes or personal judgment and experience Suggested additional items to customers, as appropriate, to increase restaurant sales.  Maintained knowledge of current menu items, garnishes, ingredients and preparation methods.  Consistently adhered to quality expectations and standards.  Delivered an exceptional dining experience with friendly, fast service.  Completed closing duties, including restocking items and closing out the cash drawer.  Accurately recorded orders and partnered with team members to serve food and beverages that exceeded guests' expectations.  Effectively used items in stock to decrease waste and profit loss.  Correctly calculated charges, issued bills and collected payments.  Checked in deliveries and signed off on products received.  Received frequent customer compliments for going above and beyond normal duties.          Education     2011     Le Cordon Bleu Culinary School   City  ,   State  ,   USA     Associate of Arts  :   Culinary Arts Hospitality and Restaurant Management     Le Cordon Bleu Culinary Arts Hospitality and Restaurant Management Specialized in all aspects of culinary cuisine         Professional Affiliations     Member, Small Business Association (2005 - present)  Member, USPCA   United States Private Chef Association          Skills     allergies, Basic, Cash handling, closing, oral communication, cooking, cost analysis, cost control, customer service, fashion, fast, features, inventory,  leadership skills, office, Works, Operations Management, personnel, presentation skills, profit, quality, receiving, safety, safety codes, selling, sales, scheduling, servers, supervisor, trainer, Health Department certified    ","Culinary Chef de Cuisine
----------------------------------------
We are seeking a talented and passionate Culinary Chef de Cuisine to lead our kitchen operations and create exceptional dining experiences through innovative cuisine and culinary excellence. This senior leadership role requires a skilled culinary professional who can oversee menu development, manage kitchen staff, maintain food quality standards, and drive operational efficiency. You will be responsible for creating innovative dishes, managing food costs, ensuring health and safety compliance, and leading a high-performing culinary team. The ideal candidate will have extensive culinary expertise, proven leadership abilities, creative vision, and unwavering commitment to culinary excellence and guest satisfaction.
----------------------------------------
* Culinary degree from accredited culinary school or equivalent combination of formal culinary training and professional experience
* Minimum 8-10 years of professional culinary experience with at least 3-5 years in executive chef or chef de cuisine role
* Extensive knowledge of classical and contemporary cooking techniques, international cuisines, and modern culinary trends
* Proven track record of menu development, recipe creation, and culinary innovation in upscale dining environments
* Strong leadership and team management skills with ability to inspire, motivate, and develop diverse culinary teams
* Comprehensive understanding of food cost management, inventory control, and kitchen financial operations
* Expert knowledge of food safety regulations, HACCP principles, and health department requirements
* Excellent palate with refined sense of flavor profiles, seasoning, and ability to create balanced, memorable dishes
* Strong organizational and time management skills with ability to manage high-volume service and multiple stations simultaneously
* Experience with various dietary requirements including vegetarian, vegan, gluten-free, and allergen considerations
* Proficiency with kitchen management software, ordering systems, and inventory tracking applications
* Creativity and artistic vision for menu development, dish presentation, and culinary storytelling
* Physical stamina to work long hours standing, in hot environments, and performing physically demanding kitchen tasks
* Strong communication skills for effective interaction with kitchen staff, service team, management, and occasionally guests
* ServSafe Manager certification or equivalent food safety certification required
* Flexibility to work evenings, weekends, holidays, and adjust schedule based on restaurant operational needs
----------------------------------------
* Design and develop innovative, seasonal menus that reflect culinary trends, showcase local ingredients, and align with restaurant concept and guest preferences
* Oversee all kitchen operations including food preparation, cooking, plating, and quality control to ensure consistent excellence in every dish
* Lead, mentor, and develop kitchen team including sous chefs, line cooks, and prep cooks, providing training, feedback, and career development opportunities
* Create standardized recipes with detailed specifications for ingredients, portions, preparation methods, and presentation to ensure consistency
* Manage food ordering, inventory control, and supplier relationships to ensure quality ingredients while optimizing food costs and minimizing waste
* Develop and manage kitchen budget, monitor food costs, labor expenses, and operational costs to achieve financial targets and profitability goals
* Ensure strict adherence to food safety standards, sanitation protocols, and health department regulations, maintaining safe and clean kitchen environment
* Coordinate with front-of-house management to ensure seamless service execution, address guest feedback, and accommodate special dietary requirements
* Conduct regular tastings and quality checks throughout service to maintain high standards for flavor, temperature, texture, and presentation
* Stay current on culinary trends, new cooking techniques, ingredient innovations, and competitive restaurant offerings to maintain creative edge
* Manage kitchen equipment maintenance, ensuring proper functioning, scheduling repairs, and implementing preventive maintenance programs
* Develop and implement systems for efficient kitchen workflow, station organization, and service timing to optimize productivity during peak periods
* Collaborate with restaurant management on special events, wine pairings, tasting menus, and promotional offerings
* Train staff on proper food handling, knife skills, cooking techniques, and presentation standards to elevate overall team capabilities
",CHEF,"['culinary expertise', 'menu development', 'food cost management', 'food safety regulations', 'HACCP principles', 'kitchen management software', 'inventory control', 'recipe creation', 'cooking techniques', 'dietary requirements knowledge', 'ServSafe Manager certification', 'kitchen operations management', 'staff training', 'budget management', 'quality control', 'ingredient sourcing', 'kitchen equipment maintenance', 'leadership', 'team management', 'creativity', 'communication', 'organizational skills', 'time management', 'mentoring', 'problem solving', 'flexibility', 'attention to detail', 'motivation']","['food handling', 'italian cuisine', 'ethnic foods', 'concession stands management', 'food cost control', 'french cuisine', 'american cuisine', 'international culinary skills', 'kitchen productivity', 'cash handling', 'plate presentation', 'special dietary needs', 'inventory management', 'menu development', 'open table', 'basic knife skills', 'banquet operations', 'catering expertise', 'food preparation', 'food production quality', 'sanitation practices', 'safety codes', 'cooking techniques', 'garnishing', 'recipe development', 'food storage', 'customer service', 'culinary arts', 'team-oriented', 'problem solving', 'communication', 'leadership', 'training', 'customer relationship building', 'reliability', 'punctuality', 'commitment', 'cultural sensitivity', 'adaptability', 'time management', 'creativity', 'attention to detail', 'work under pressure']","['culinary expertise', 'menu development', 'food cost management', 'food safety regulations', 'inventory control', 'recipe creation', 'cooking techniques', 'dietary requirements knowledge', 'kitchen operations management', 'staff training', 'budget management', 'quality control', 'ingredient sourcing', 'kitchen equipment maintenance', 'leadership', 'team management', 'creativity', 'communication', 'organizational skills', 'time management', 'mentoring', 'problem solving', 'flexibility', 'attention to detail', 'motivation']",86.98,28.57,69.22,executive chef professional summary talented executive chef with twenty five years experience developing menus and working as head chef owner of mobile catering business fast food cajun and classical seafood cajun creole family restaurant twenty five years professional experience as a dynamic resourceful and skilled executive head chef with a proved success record in both fine dining and catering highly skilled chef with proved ability to produce quality menu items under tight deadlines core qualifications food and beverage handling expert italian cuisine expertise skillful kitchen staff trainer ethnic foods preparation capable concession stands manager food cost control specialist french cuisine talent food cost analysis expert american cuisine expert international culinary skills ability to handle fast paced back of house operations environment as well as front of house understanding ability to handle resolve problems kitchen productivity successful kitchen staff supervisor strong customer relationship builder cash handling plate presentation skills special dietary needs expert proficiency in inventory and ordering food handling knowledge proved leadership skills food production quality knowledge reliable punctual and committed to high level of cleanly kitchen customer service maintenance staff scheduling knowledge interviewing and training ability sensitive to cultural diversity knowledge of basic food preparation strong restaurant serving experience knowledge of products and team oriented selections willing to work under pressure menu development skills written and oral communication skills open table experience good personal hygiene proved success in up selling works well under pressure basic knife skills preparation of various food items consistently complies with polices uses proper sanitation practices and procedures able to work in a fast paced banquet operations and off site environment catering expert able to work with hands continuously experience december 1987 company name city state executive chef operations management food preparation responsible for coordination of up to 12 servers in restaurant with capacity of 200 baked roasted broiled and steamed meats fish vegetables and other foods estimated amounts and costs of required supplies such as food and ingredients helped with preparation set up and service for catering events performed all transactions in a cordial efficient and professional manner prepared food items cleaned and inspected galley equipment kitchen appliances and work areas spoke with patrons to ensure satisfaction with food and service trained new employees trained kitchen staff on proper use of equipment food handling and portion sizing responsible for the design and preparation of all menu items for private home office setting supervised kitchen staff of 10 people and ensured proper event set up food preparation kitchen clean up and proper shut down adjusted monthly menus to maximize use of seasonal local ingredients and delicacies developed variety of menu items catering to customers with food allergies and diet restrictions such as gluten free and vegan items managed kitchen operations for high grossing fast paced fair concession kitchen trained staff of eight employees for correct facility procedures safety codes proper recipes and plating techniques managed preparation and presentation of the desserts for all catered events responsible for all kitchen operations such as banquet events buffet lines room service orders and hotel restaurant hired and trained staff of 12 food preparation employees oversaw 10 cooks and a sous chef as part of overall back of the house operations managed food and produce receiving process with 100 accuracy frequently switched between positions as cold food prep soup station chef and relief chef mid shift to support changing needs of large industrial kitchen developed popular daily specials with personally sourced ingredients for broiler and saut stations responsible for daily set up of five stations developed popular daily specials with personally sourced ingredients for broiler and saut stations ensured minimal product shrink and coordinated secondary usage of product executed various kitchen stations and assisted with meat fish saut or pantry informed patrons of establishment specialties and features instructed cooks and other workers in the preparation cooking garnishing and presentation of food loaded dishwashers and hand washed items such as pots pans knives planned and prepared food for parties holiday meals luncheons special functions and other social events specialized in preparing fancy dishes and or food for special diets stocked and rotated products stocked supplies and paper goods in a timely basis supervised and coordinated activities of cooks and workers engaged in food preparation used all food handling standards collaborated with other personnel to plan and develop recipes and menus compiled and maintained records of food use and expenditures cooked food properly and in a timely fashion using safety precautions cooked the exact number of items ordered by each customer working on several different orders simultaneously created and explored new cuisines directed the operation and organization of kitchens and all food related activities including the presentation and serving of food ensured consistent high quality of plate presentation ensured first in first out system with all ingredients labeled and stored properly maintained contact with kitchen staff management serving staff and customers maintained system of control for storage temperatures and proper functioning of kitchen equipment oversaw kitchen employee operations to ensure production levels and service standards were maintained seasoned and cooked food according to recipes or personal judgment and experience suggested additional items to customers as appropriate to increase restaurant sales maintained knowledge of current menu items garnishes ingredients and preparation methods consistently adhered to quality expectations and standards delivered an exceptional dining experience with friendly fast service completed closing duties including restocking items and closing out the cash drawer accurately recorded orders and partnered with team members to serve food and beverages that exceeded guests expectations effectively used items in stock to decrease waste and profit loss correctly calculated charges issued bills and collected payments checked in deliveries and signed off on products received received frequent customer compliments for going above and beyond normal duties education 2011 le cordon bleu culinary school city state usa associate of arts culinary arts hospitality and restaurant management le cordon bleu culinary arts hospitality and restaurant management specialized in all aspects of culinary cuisine professional affiliations member small business association 2005 present member uspca united states private chef association skills allergies basic cash handling closing oral communication cooking cost analysis cost control customer service fashion fast features inventory leadership skills office works operations management personnel presentation skills profit quality receiving safety safety codes selling sales scheduling servers supervisor trainer health department certified,culinary chef de cuisine we are seeking a talented and passionate culinary chef de cuisine to lead our kitchen operations and create exceptional dining experiences through innovative cuisine and culinary excellence this senior leadership role requires a skilled culinary professional who can oversee menu development manage kitchen staff maintain food quality standards and drive operational efficiency you will be responsible for creating innovative dishes managing food costs ensuring health and safety compliance and leading a high performing culinary team the ideal candidate will have extensive culinary expertise proven leadership abilities creative vision and unwavering commitment to culinary excellence and guest satisfaction culinary degree from accredited culinary school or equivalent combination of formal culinary training and professional experience minimum 8 10 years of professional culinary experience with at least 3 5 years in executive chef or chef de cuisine role extensive knowledge of classical and contemporary cooking techniques international cuisines and modern culinary trends proven track record of menu development recipe creation and culinary innovation in upscale dining environments strong leadership and team management skills with ability to inspire motivate and develop diverse culinary teams comprehensive understanding of food cost management inventory control and kitchen financial operations expert knowledge of food safety regulations haccp principles and health department requirements excellent palate with refined sense of flavor profiles seasoning and ability to create balanced memorable dishes strong organizational and time management skills with ability to manage high volume service and multiple stations simultaneously experience with various dietary requirements including vegetarian vegan gluten free and allergen considerations proficiency with kitchen management software ordering systems and inventory tracking applications creativity and artistic vision for menu development dish presentation and culinary storytelling physical stamina to work long hours standing in hot environments and performing physically demanding kitchen tasks strong communication skills for effective interaction with kitchen staff service team management and occasionally guests servsafe manager certification or equivalent food safety certification required flexibility to work evenings weekends holidays and adjust schedule based on restaurant operational needs design and develop innovative seasonal menus that reflect culinary trends showcase local ingredients and align with restaurant concept and guest preferences oversee all kitchen operations including food preparation cooking plating and quality control to ensure consistent excellence in every dish lead mentor and develop kitchen team including sous chefs line cooks and prep cooks providing training feedback and career development opportunities create standardized recipes with detailed specifications for ingredients portions preparation methods and presentation to ensure consistency manage food ordering inventory control and supplier relationships to ensure quality ingredients while optimizing food costs and minimizing waste develop and manage kitchen budget monitor food costs labor expenses and operational costs to achieve financial targets and profitability goals ensure strict adherence to food safety standards sanitation protocols and health department regulations maintaining safe and clean kitchen environment coordinate with front of house management to ensure seamless service execution address guest feedback and accommodate special dietary requirements conduct regular tastings and quality checks throughout service to maintain high standards for flavor temperature texture and presentation stay current on culinary trends new cooking techniques ingredient innovations and competitive restaurant offerings to maintain creative edge manage kitchen equipment maintenance ensuring proper functioning scheduling repairs and implementing preventive maintenance programs develop and implement systems for efficient kitchen workflow station organization and service timing to optimize productivity during peak periods collaborate with restaurant management on special events wine pairings tasting menus and promotional offerings train staff on proper food handling knife skills cooking techniques and presentation standards to elevate overall team capabilities,0.4625529931598938,0.8698,0.685625149988001,0.7392722279437006,0.5848184871650873,58.481848716508736,17
21830565,"         HR CONSULTANT           Summary     Certified Human Resources Professional with 15 years background in full range of HR functions with extensive experience in employee management, hiring, training  State and Federal compliance and the ability to incorporate HR practices to achieve business results.        Highlights          Training and development  Recruiting  Exceptional interpersonal skills  Manager coaching and training      Performance management   Employment law compliance  Employee relations            Accomplishments      Established HR infrastructure as companies transitioned from small to mid-size.  Trained HR staff in proper creation and retention of HR documentation  Instituted Performance Management process with supporting training and follow-up.  Supported Company through change management during and after acquisition.  Implemented process for leave management incorporating the complex interaction of FMLA, CFRA, ADAAA and PDL.         Experience      HR Consultant    July 2014   to   December 2014     Company Name   －   City  ,   State     Partnered with legal department of multi-state client (40,000+ employees) to establish ADAAA and other workplace compliance. Identified and updated a backlog of LOA and accommodation issues.         Human Resource Specialist    August 2008   to   June 2014     Company Name   －   City  ,   State      Human resources advisor to a diverse group of clients from various industries, delivering customized HR service solutions that positively impact client business and ensure compliance with State and Federal laws.   Reviewed federal and state laws to confirm and enforce company compliance.Designed the employee performance evaluation process and merit program.Created and implemented the exit and interview program process.Advised top management on appropriate employee corrective actions.Created and modified job descriptions within all departments.Worked with senior-level management to create fair and consistent HR policies and procedures.Worked with HR advisors and HR representatives on establishing consistent hiring practices.Created and managed more than [Number] confidential personnel records.Guided clients on how to conduct background checks and verify references.Developed more than [Number] employee handbooks, including design and layout.Facilitated monthly meetings to develop strategies that would positively influence workplace relationships.Conducted an average of [Number] employee exit interviews per year.Processed all salary changes stemming from merit increases, promotions, bonuses and pay adjustments.Processed all salary changes stemming from merit increases, promotions, bonuses and pay adjustments.Guided the startup and management of all HR operations, systems and programs for a new location within the company.Led a weekly open enrollment question and answer session with employees on benefit program updates.Supported [Number] employees at all levels, including executive leadership.Recruited and interviewed [Number] applicants per [Time period].Increased the employee base by [Number]% to meet changing staffing needs.Implemented an innovative employee incentive program, which resulted in a [Number]% increase in staff productivity.Directed [Initiative] to maximize [Positive outcome].Answered employee questions regarding [Topic] and [Topic] and resolved any issues.Advised managers on organizational policy matters and recommend needed changes.Conducted new employee orientation to foster positive attitude toward organizational objectives.Directed personnel, training and labor relations activities.Identified staff vacancies and recruited, interviewed and selected applicants.Served as a link between management and employees by handling questions, interpreting and administering contracts and helping resolve work-related problems.   Worked directly with small business owners and start-up companies to build, redefine and update HR department to support organization's strategic goals and objectives. Provided liability management training to supervisors and managers. Created and implemented interview and selection, performance management, succession planning processes. Utilized HR Metrics to support creative solutions for Human Capital Management.  Provide guidance on compliance as well as design programs to attract, retain and grow staff.  Manage ER matters to provide conflict resolution and mitigate liability.          Human Resource Generalist    April 2007   to   April 2008     Company Name   －   City  ,   State      Partnered with managers to interpret and implement company policy, providing insight and guidance on employment law in order to maintain consistency and compliance. Provided coaching and counsel in the areas of employee relations, performance management and corrective actions. Acted as liaison between managers, employees and centralized HR functions during implementation of organizational process changes. Identified issues and proposed changes that challenge the status quo to align growth with corporate goals. Considered SME (subject matter expert) for Leaves of Absences, Workers Compensation and I-9 compliance. ""Go-to"" person for HR staff.  Created and implemented processes for rectification of compliance issues.  Worked closely with corporate benefits in order to implement new leave process.  Developed materials to guide employees through newly implemented processes.          Human Resources Coordinator    January 2003   to   January 2007     Company Name   －   City  ,   State      Partnered with managers and supervisors in order to provide HR support for 3 sites in Southern California, with over 600 employees. Managed all LOA including FMLA, CFRA and PDL to ensure compliance with State and Federal regulations and company policies. Provide coaching and counseling in the areas of compliance, employee relations, disciplinary actions and review process.  Worked closely with the VP and legal department to respond to EDD, FEHA and company hotline complaints. Successfully avoided litigation by consistent practice and clear documentation.  Conducted investigations, documented and determined appropriate resolution.  Proactively determined training needs and created programs to develop workforce for anticipated technology, reducing staff turnover, increasing productivity and quality.  Developed screening matrix for government funded training program resulting in 100% successful completion and overall improvement in workforce.  Supported Distribution center with all HR related needs during automation, including change management and department restructure and compensation structure.  Working member of implementation team for Oracle HR.  Provided staffing and recruiting support for positions ranging from hourly to technical specialties.  Conducted market analysis using compensation surveys to ensure equity for employees.  Calculated quarterly and annual bonuses per multiple national and international programs.  Maintained training record to comply with ISO9001 audits.  Resolved employee issues with payroll and Benefits.  Conducted New Hire orientation, Sexual Harassment Prevention and other training as required.  Administered review process for non-exempt and exempt employees.  Evaluated, selected and built relations with vendors resulting in 50% reduced cost and better service. Provided support for HR department and coordinate all on-site and off-site events. Interacted with workers' compensation and medical facilities to facilitate claims resolution. Maintained FMLA and WC documents and logs. Worked closely with VP of HR on matters ranging from creation of new awards program to facility closures. Compiled and filed OSHA and AQMD reports per requirements.          Administrative Assistant    January 2000   to   January 2001     Company Name   －   City  ,   State    Provided general support for the HR department and director of HR. Responsible for all company events, recreation programs, answering general benefits inquiries and ensuring completion of all paperwork.        Education      B.S.   :   Pharmacology      University of Dundee           B.S., Pharmacology, University of Dundee, Scotland          Certifications      PHR , GPHR   SHRM-SCP - Senior Certified Professional       Professional Affiliations    Society of Human Resources Managers (SHRM) and PIHRA      Skills         ","Human Resources Business Partner
----------------------------------------
We are seeking an experienced Human Resources Business Partner to serve as a strategic advisor to leadership teams while managing the full employee lifecycle. This role requires a dynamic professional who can balance strategic HR initiatives with hands-on operational support, fostering a positive workplace culture and driving organizational effectiveness. You will work closely with department heads to align HR strategies with business objectives, manage talent acquisition and retention programs, and ensure compliance with employment laws and regulations. The ideal candidate will have exceptional interpersonal skills, strong business acumen, and the ability to influence at all levels of the organization.
----------------------------------------
* Bachelor's degree in Human Resources, Business Administration, Psychology, or related field; Master's degree or MBA preferred
* Minimum 5-7 years of progressive HR experience with at least 3 years in a business partner or strategic HR role
* Professional HR certification such as SHRM-CP, SHRM-SCP, PHR, or SPHR strongly preferred
* Deep knowledge of employment law, HR best practices, and current trends in talent management and organizational development
* Proven experience managing full-cycle recruitment processes and building effective talent acquisition strategies
* Strong business acumen with ability to understand financial statements, business models, and organizational dynamics
* Exceptional interpersonal and communication skills with ability to build trust and influence stakeholders at all organizational levels
* Demonstrated experience with HRIS systems and HR analytics tools; proficiency in Microsoft Office Suite required
* Strong problem-solving and critical thinking abilities with a solutions-oriented mindset
* Ability to handle sensitive and confidential information with discretion and maintain high ethical standards
* Experience leading change management initiatives and supporting organizations through periods of transformation
* Project management skills with ability to manage multiple priorities and deadlines simultaneously
----------------------------------------
* Partner with business leaders to understand organizational goals and develop HR strategies that support achievement of business objectives
* Lead talent acquisition efforts including workforce planning, recruitment strategy development, candidate screening, interviewing, and onboarding processes
* Design and implement comprehensive employee development programs including training initiatives, succession planning, and career progression frameworks
* Manage employee relations issues by conducting thorough investigations, providing coaching to managers, mediating conflicts, and recommending appropriate solutions
* Develop and maintain compensation and benefits programs that are competitive, equitable, and aligned with organizational budget and market standards
* Drive performance management processes including goal setting, mid-year reviews, annual evaluations, and performance improvement plans
* Ensure compliance with federal, state, and local employment laws and regulations including FMLA, ADA, FLSA, and EEO requirements
* Analyze HR metrics and workforce data to identify trends, develop insights, and make data-driven recommendations to leadership
* Lead organizational change management initiatives including restructuring, mergers, acquisitions, and cultural transformation projects
* Develop and implement employee engagement strategies including surveys, feedback mechanisms, recognition programs, and retention initiatives
",HR,"['human resources management', 'talent acquisition', 'employment law compliance', 'employee relations', 'performance management', 'compensation and benefits', 'HRIS systems', 'HR analytics', 'organizational development', 'change management', 'project management', 'training and development', 'succession planning', 'business acumen', 'data analysis', 'Microsoft Office Suite', 'interpersonal skills', 'communication', 'influencing', 'problem solving', 'critical thinking', 'ethical judgment', 'confidentiality', 'teamwork']","['hr functions', 'employee management', 'hiring', 'training', 'state compliance', 'federal compliance', 'performance management', 'employment law compliance', 'employee relations', 'leave management', 'fmla', 'cfra', 'adaaa', 'pdl', 'background checks', 'job descriptions', 'hr policies', 'hr metrics', 'conflict resolution', 'compliance', 'succession planning', 'oracle hr', 'payroll', 'benefits', 'osha', 'aqmd reports', 'employee handbooks', 'training programs', 'market analysis', 'staffing', 'recruiting', 'employee orientation', 'performance evaluation', 'merit program', 'exit interviews', 'employee incentive program', 'interpersonal skills', 'coaching', 'communication', 'problem solving', 'organizational skills', 'teamwork', 'adaptability', 'leadership', 'strategic thinking', 'conflict management', 'relationship building', 'change management', 'analytical thinking', 'initiative']","['human resources management', 'talent acquisition', 'employment law compliance', 'employee relations', 'performance management', 'compensation and benefits', 'HRIS systems', 'HR analytics', 'organizational development', 'change management', 'project management', 'training and development', 'succession planning', 'business acumen', 'data analysis', 'interpersonal skills', 'communication', 'influencing', 'problem solving', 'critical thinking', 'ethical judgment', 'confidentiality', 'teamwork']",96.51,37.5,68.31,hr consultant summary certified human resources professional with 15 years background in full range of hr functions with extensive experience in employee management hiring training state and federal compliance and the ability to incorporate hr practices to achieve business results highlights training and development recruiting exceptional interpersonal skills manager coaching and training performance management employment law compliance employee relations accomplishments established hr infrastructure as companies transitioned from small to mid size trained hr staff in proper creation and retention of hr documentation instituted performance management process with supporting training and follow up supported company through change management during and after acquisition implemented process for leave management incorporating the complex interaction of fmla cfra adaaa and pdl experience hr consultant july 2014 to december 2014 company name city state partnered with legal department of multi state client 40 000 employees to establish adaaa and other workplace compliance identified and updated a backlog of loa and accommodation issues human resource specialist august 2008 to june 2014 company name city state human resources advisor to a diverse group of clients from various industries delivering customized hr service solutions that positively impact client business and ensure compliance with state and federal laws reviewed federal and state laws to confirm and enforce company compliance designed the employee performance evaluation process and merit program created and implemented the exit and interview program process advised top management on appropriate employee corrective actions created and modified job descriptions within all departments worked with senior level management to create fair and consistent hr policies and procedures worked with hr advisors and hr representatives on establishing consistent hiring practices created and managed more than number confidential personnel records guided clients on how to conduct background checks and verify references developed more than number employee handbooks including design and layout facilitated monthly meetings to develop strategies that would positively influence workplace relationships conducted an average of number employee exit interviews per year processed all salary changes stemming from merit increases promotions bonuses and pay adjustments processed all salary changes stemming from merit increases promotions bonuses and pay adjustments guided the startup and management of all hr operations systems and programs for a new location within the company led a weekly open enrollment question and answer session with employees on benefit program updates supported number employees at all levels including executive leadership recruited and interviewed number applicants per time period increased the employee base by number to meet changing staffing needs implemented an innovative employee incentive program which resulted in a number increase in staff productivity directed initiative to maximize positive outcome answered employee questions regarding topic and topic and resolved any issues advised managers on organizational policy matters and recommend needed changes conducted new employee orientation to foster positive attitude toward organizational objectives directed personnel training and labor relations activities identified staff vacancies and recruited interviewed and selected applicants served as a link between management and employees by handling questions interpreting and administering contracts and helping resolve work related problems worked directly with small business owners and start up companies to build redefine and update hr department to support organization s strategic goals and objectives provided liability management training to supervisors and managers created and implemented interview and selection performance management succession planning processes utilized hr metrics to support creative solutions for human capital management provide guidance on compliance as well as design programs to attract retain and grow staff manage er matters to provide conflict resolution and mitigate liability human resource generalist april 2007 to april 2008 company name city state partnered with managers to interpret and implement company policy providing insight and guidance on employment law in order to maintain consistency and compliance provided coaching and counsel in the areas of employee relations performance management and corrective actions acted as liaison between managers employees and centralized hr functions during implementation of organizational process changes identified issues and proposed changes that challenge the status quo to align growth with corporate goals considered sme subject matter expert for leaves of absences workers compensation and i 9 compliance go to person for hr staff created and implemented processes for rectification of compliance issues worked closely with corporate benefits in order to implement new leave process developed materials to guide employees through newly implemented processes human resources coordinator january 2003 to january 2007 company name city state partnered with managers and supervisors in order to provide hr support for 3 sites in southern california with over 600 employees managed all loa including fmla cfra and pdl to ensure compliance with state and federal regulations and company policies provide coaching and counseling in the areas of compliance employee relations disciplinary actions and review process worked closely with the vp and legal department to respond to edd feha and company hotline complaints successfully avoided litigation by consistent practice and clear documentation conducted investigations documented and determined appropriate resolution proactively determined training needs and created programs to develop workforce for anticipated technology reducing staff turnover increasing productivity and quality developed screening matrix for government funded training program resulting in 100 successful completion and overall improvement in workforce supported distribution center with all hr related needs during automation including change management and department restructure and compensation structure working member of implementation team for oracle hr provided staffing and recruiting support for positions ranging from hourly to technical specialties conducted market analysis using compensation surveys to ensure equity for employees calculated quarterly and annual bonuses per multiple national and international programs maintained training record to comply with iso9001 audits resolved employee issues with payroll and benefits conducted new hire orientation sexual harassment prevention and other training as required administered review process for non exempt and exempt employees evaluated selected and built relations with vendors resulting in 50 reduced cost and better service provided support for hr department and coordinate all on site and off site events interacted with workers compensation and medical facilities to facilitate claims resolution maintained fmla and wc documents and logs worked closely with vp of hr on matters ranging from creation of new awards program to facility closures compiled and filed osha and aqmd reports per requirements administrative assistant january 2000 to january 2001 company name city state provided general support for the hr department and director of hr responsible for all company events recreation programs answering general benefits inquiries and ensuring completion of all paperwork education b s pharmacology university of dundee b s pharmacology university of dundee scotland certifications phr gphr shrm scp senior certified professional professional affiliations society of human resources managers shrm and pihra skills,human resources business partner we are seeking an experienced human resources business partner to serve as a strategic advisor to leadership teams while managing the full employee lifecycle this role requires a dynamic professional who can balance strategic hr initiatives with hands on operational support fostering a positive workplace culture and driving organizational effectiveness you will work closely with department heads to align hr strategies with business objectives manage talent acquisition and retention programs and ensure compliance with employment laws and regulations the ideal candidate will have exceptional interpersonal skills strong business acumen and the ability to influence at all levels of the organization bachelor s degree in human resources business administration psychology or related field master s degree or mba preferred minimum 5 7 years of progressive hr experience with at least 3 years in a business partner or strategic hr role professional hr certification such as shrm cp shrm scp phr or sphr strongly preferred deep knowledge of employment law hr best practices and current trends in talent management and organizational development proven experience managing full cycle recruitment processes and building effective talent acquisition strategies strong business acumen with ability to understand financial statements business models and organizational dynamics exceptional interpersonal and communication skills with ability to build trust and influence stakeholders at all organizational levels demonstrated experience with hris systems and hr analytics tools proficiency in microsoft office suite required strong problem solving and critical thinking abilities with a solutions oriented mindset ability to handle sensitive and confidential information with discretion and maintain high ethical standards experience leading change management initiatives and supporting organizations through periods of transformation project management skills with ability to manage multiple priorities and deadlines simultaneously partner with business leaders to understand organizational goals and develop hr strategies that support achievement of business objectives lead talent acquisition efforts including workforce planning recruitment strategy development candidate screening interviewing and onboarding processes design and implement comprehensive employee development programs including training initiatives succession planning and career progression frameworks manage employee relations issues by conducting thorough investigations providing coaching to managers mediating conflicts and recommending appropriate solutions develop and maintain compensation and benefits programs that are competitive equitable and aligned with organizational budget and market standards drive performance management processes including goal setting mid year reviews annual evaluations and performance improvement plans ensure compliance with federal state and local employment laws and regulations including fmla ada flsa and eeo requirements analyze hr metrics and workforce data to identify trends develop insights and make data driven recommendations to leadership lead organizational change management initiatives including restructuring mergers acquisitions and cultural transformation projects develop and implement employee engagement strategies including surveys feedback mechanisms recognition programs and retention initiatives,0.3330159529487472,0.9651000000000001,0.8999280057595392,0.7236525918297289,0.5812168965681811,58.12168965681811,18
26048718,"         SR. HR CONSULTANT         Executive Profile      Ambitious Human Resources professional who creates strategic alliances with organization leaders to effectively align with and support key business initiatives. Possess the ability to build and retain high performance teams by hiring, developing and motivating skilled professionals. A results-oriented Human Resources Professional with demonstrated ability to deliver mission-critical results, with an entrepreneurial attitude offering outstanding presentation, communication and cross-cultural team management skills.    ?                 Skill Highlights          Proficient in Microsoft Word Suite (Word, PowerPoint, Excel, Outlook and Access)   Kronos Timekeeper  Hyperion   PeopleSoft      Project Management   Leadership/Communication Skills   Employee Relations   Market research and analysis              Core Accomplishments      Project Management:    Initiated  ""Caught You Serving"" program to recognize and highlight employees and departments who exceeded patient outcome goals and provided exceptional customer service. This program resulted in a 33% improvement in patient satisfaction scores over a 180 day period.    Assisted Executive Team with aligning departments to reduce service redundancy and utilizing untapped resources to create billable services.    Through job redesigning, reduced total compensation budget by $400k.    Human Resources:   Spearheaded new  healthcare provider  program which increased retention by 22%, with overall 93% retention rate.  Instituted monthly HR file audit to ensure compliance and accuracy of approximately 575 FTE's and 63 subcontractors employee files.  Reviewed and revised employee handbook to address redundant employee issues which resulted in 25% reduction in TWC claims.   Staff Development:   Launched well-received program of professional development courses for all staff.    Mentored and coached employees resulting in a 20% increase in productivity.  Developed compentency map per each job family to improve performance evaluation.  Reduced turnover by 15%.  Negotiated benefits for 575 FTE's in the wake of Obamacare.        Professional Experience      Company Name    City  ,   State    Sr. HR Consultant   01/2014   to   Current        Spearheaded  Coach One Project , resulting in a  50 % increase in revenue.      Accountable for  attracting and retaining  including overall customer satisfaction.          Created new revenue streams through  business owner surveys .          Generated new business through  networking with local Chambers and business referral groups .            Increased profits by 60% in one year through restructure of business line.              Strengthened company's business by participating in speaking engagements.                Developed and directed strategy for launch of new product that landed 1st customer in 60-90 days post-launch.                  Company Name    City  ,   State    Director of Human Resources   01/2013   to   06/2014       Administered policies relating to all phases of human resources activity.   Identified legal requirements and government reporting regulations affecting human resources functions and ensures policies, procedures, and reporting are in compliance.   Recruited, interviewed, and selected employees to fill vacant positions.   Planned and conducted new employee orientation to foster positive attitude toward the lab's goals.  Maintained records of personnel transactions such as hires, promotions, transfers, performance reviews, terminations, and employee statistics for government reporting.   Coordinated management training in interviewing, hiring, terminations, promotions, performance review, safety, HIPAA, and sexual harassment.   Advised management in appropriate resolution of employee relations issues.  Responded to inquiries regarding policies, procedures, and programs.   Administered and maintained records of benefits programs such as life, health, dental and disability insurances, pension plans, vacation, sick leave, leave of absence, and employee assistance.   Investigated accidents/incidents and prepared reports for insurance carrier.   Prepared budget of human resources operations.  Prepared employee separation notices and related documentation, and conducted exit interviews.  Created and maintained job descriptions.  Developed and maintained a human resources system that meets Executive Management's needs.  Managed affirmative action and equal employment opportunity programs.  Ensured employee adherence to company policies and practices including, but not limited to, issues of client confidentiality, and ethical and legal behavior.   Strategic business partner with CEO to streamline costs, increase efficiency, while maximizing benefits to all stakeholders.   Collaborated with Administrators and Director of Nursing on project to reduce hospital readmission for at-risk patients.          Company Name    City  ,   State    Human Resources/Education Instructor III   01/2009   to   11/2012       Forecasted customers' needs by utilizing Need Assessments of assigned departments to plan, design, develop, implement, and evaluate educational programs.  Developed Leadership and Management/Supervisor level courses as well as track pre-course and post-course progress.  Facilitated New Hire and Leadership Orientation.  Instructed all Mandatory Classes required by Harris County Hospital District and the Federal Government and update policies in real-time.  Organized logistics for course offerings.  Instructed CPR, SAMA, and Driver's Safety courses for Harris County Hospital District.  Collaborated with interdisciplinary team members to develop hospital-wide workshops/seminars and provide applicable training and/or coaching.  Prepared statistical analysis on course evaluations for all educational offerings and revise programs according to Performance and Program Improvement initiatives.  Liaised with VP of Human Resources to meet Joint Commission's Guidelines and Survey Readiness for the Human Resources Department.  Project Manager for Harris County Hospital District's Literacy and ESL Initiative.  Collaborated with Harris County's LBJ Hospital's Administrator on a Hospital Readmissions Project to reduce costs and improve patient outcomes.  Developed a 14-week course for employees to utilize as a resource for obtaining and improving core supervisory competencies.  Developed a ""Let's Break for Customer Service"" series of classes for clinic Administrators.          Company Name    City  ,   State    Administrative Manager   07/2007   to   09/2008       Responsible for human resource management of staff including recruitment, selection, wage determination, promotions, employee relations, explanation of benefits, disciplinary actions, credentialing, and performance appraisals.  Managed and reconciled faculty's research grant accounts, PRS Funds, and Kronos Timekeeper as well as communicated balances on a monthly basis.  Collaborated with faculty to ensure compliance, training, and institutional and departmental goals were met.  Analyzed data and reported results in monthly meetings.  Prepared, justified, administered, and monitored budgets for section.  Provided budgetary and financial reports as well as analysis of over/under budget detail for assigned projects and cost centers.  Approved RFPs, travel, check reimbursements, acquisitions, and leave requests for section.  Prepared weekly clinic, lecture, Grand Rounds, and on-call schedules for clinical and research faculty to ensure effective and efficient patient care.  Developed and ensured accuracy of grant proposals, budgets, RFP's, and contractual agreements.  Ensured the integrity and confidentiality of department records and confirmed that the faculty and staff were in compliance with internal controls, HIPPA, Joint Commission, and other privacy regulations.  Collaborated across all sections on special projects.          Company Name    City  ,   State    Media Specialist   08/2005   to   07/2007       Taught Research Techniques to Grade School and Middle School students.  Prepared budgets for circulation and guided superintendent and principal in the selection and acquisition of materials and equipment.  Provided effective leadership in developing, implementing and evaluating plans for a comprehensive school media program.  Responsible for the department's operational functions, training of students, faculty and staff on utilization of new and existing online resources.  Position held while completing MBA.          Company Name    City  ,   State    Business Unit Vice President / Human Resources Branch Manager   01/2000   to   03/2005       Liaised with the Executive Vice President of Global Oil & Gas and Power, a team of Relationship Managers, representatives and customers through strong communication, critical thinking and interpersonal skills in an effort to deliver effective and efficient products to clients.  Created reports and presented to Executive Management such as Annual Budgets, Client Risk Management Reports, Monthly/Quarterly Revenue Expense Reports, Revenue Forecasting, Doubtful Debtor Reports, presentations, financial spreadsheets, analytical/statistical and ad hoc reports.  Acted as primary contact for RFPs, internal and federal audits and advised Branch Manager of recommendations to maintain compliance.  Conducted employee performance appraisals, mid-year reviews, compensation, employee relations, bi-weekly time approvals, promotions, new hire orientation, wage determination, filing I-9s, annual mandatory training, employee screening, explanation of benefits, coaching, and training and development.  Developed and administered Leadership and Sales Training in conjunction with outside vendor.  Functioned as Project Manager on various local and global projects and responsible for creating and presenting analytical reports on the project.  Assessed training needs of staff and ensured efficient training timelines were met (via internal or external sources).  Coordinated confidential meetings for Executive Management.          Company Name    City  ,   State    Bank Officer   10/1998   to   01/2000       Trained Relationship Bankers globally in manipulating the bank's internal software (CIDAR) to ensure efficient marketing and tracking of clients' progress on a monthly and annual basis.  Coordinated Regional and Global Account Planning and internally published results to Executive Management.  Created and implemented databases for storing quantitative data related to top-tier clients and Industry Planning North America.  Trained Business Development Coordinator, Executive Assistants, and contractors.  Selected to assist in the restructuring of the bank in conjunction with consultant firm.          Company Name    City  ,   State    Human Resources Consultant   09/2008   to   01/2009       Assisted with the coordination of the Employee Satisfaction Survey (YOU COUNT) and generated statistical reports for Executive Leadership.  Collaborated with physicians to develop and coordinate the Physician Satisfaction Survey and generated statistical reports to Executive Leadership.  Delivered the FISH Philosophy and State required sections of New Employee Orientation.  Coordinated and generated reports on the Leadership Development Courses ROI Work Projects.  Facilitated Leadership Orientation on campus and at CMC sites.  Assisted department with UTMB Recognition Events (Service Awards and GEM Program).  Collaborated with UTMB Recruiters to facilitate Job Fairs and classes (i.e. Resume Writing, Interviewing and Job Search) for employees whose employment was affected by Hurricane Ike.  This position eliminated due to aftermath of Hurricane Ike).          Education      Doctorate of Business Administration  :  Leadership   December 2016     Walden University  ,   City  ,   State      Leadership        Master of Business Administration  :  Finance   May 2006     University of St. Thomas  ,   City  ,   State      Finance        Bachelor of Science  :  Political Science Business Management   August 1990     Texas A & M University   ,   City  ,   State      Political Science Business Management        Professional Affiliations      American College of Healthcare Executives (ACHE)   Society for Human Resources Management (SHRM) - National and Bay Area Chapter   Association for Talent Development  HR Houston   AMOCO Select Business Partners   Rotary of League City   Clear Lake Chamber of Commerce   League City Chamber of Commerce (Ambassador Member)   Texas City/La Marque Chamber of Commerce   Bay Area Houston Economic Partnership Alliance (Small Business Committee; BAHEP Cares for Veterans)        Skills      



Proficient
in Microsoft Office and HRIS systems.   Extensive HR experience including
strategic talent acquisition, orientation, benefits, compensation, employee
retention, training and development, employee relations, labor laws, and implementing
compliance, policies and procedures.   Expertise in management, analysis, researching
market trends, performance improvement, and forecasting.   Excellent
interpersonal, coaching, and conflict resolution skills.

     ","Human Resources Business Partner
----------------------------------------
We are seeking an experienced Human Resources Business Partner to serve as a strategic advisor to leadership teams while managing the full employee lifecycle. This role requires a dynamic professional who can balance strategic HR initiatives with hands-on operational support, fostering a positive workplace culture and driving organizational effectiveness. You will work closely with department heads to align HR strategies with business objectives, manage talent acquisition and retention programs, and ensure compliance with employment laws and regulations. The ideal candidate will have exceptional interpersonal skills, strong business acumen, and the ability to influence at all levels of the organization.
----------------------------------------
* Bachelor's degree in Human Resources, Business Administration, Psychology, or related field; Master's degree or MBA preferred
* Minimum 5-7 years of progressive HR experience with at least 3 years in a business partner or strategic HR role
* Professional HR certification such as SHRM-CP, SHRM-SCP, PHR, or SPHR strongly preferred
* Deep knowledge of employment law, HR best practices, and current trends in talent management and organizational development
* Proven experience managing full-cycle recruitment processes and building effective talent acquisition strategies
* Strong business acumen with ability to understand financial statements, business models, and organizational dynamics
* Exceptional interpersonal and communication skills with ability to build trust and influence stakeholders at all organizational levels
* Demonstrated experience with HRIS systems and HR analytics tools; proficiency in Microsoft Office Suite required
* Strong problem-solving and critical thinking abilities with a solutions-oriented mindset
* Ability to handle sensitive and confidential information with discretion and maintain high ethical standards
* Experience leading change management initiatives and supporting organizations through periods of transformation
* Project management skills with ability to manage multiple priorities and deadlines simultaneously
----------------------------------------
* Partner with business leaders to understand organizational goals and develop HR strategies that support achievement of business objectives
* Lead talent acquisition efforts including workforce planning, recruitment strategy development, candidate screening, interviewing, and onboarding processes
* Design and implement comprehensive employee development programs including training initiatives, succession planning, and career progression frameworks
* Manage employee relations issues by conducting thorough investigations, providing coaching to managers, mediating conflicts, and recommending appropriate solutions
* Develop and maintain compensation and benefits programs that are competitive, equitable, and aligned with organizational budget and market standards
* Drive performance management processes including goal setting, mid-year reviews, annual evaluations, and performance improvement plans
* Ensure compliance with federal, state, and local employment laws and regulations including FMLA, ADA, FLSA, and EEO requirements
* Analyze HR metrics and workforce data to identify trends, develop insights, and make data-driven recommendations to leadership
* Lead organizational change management initiatives including restructuring, mergers, acquisitions, and cultural transformation projects
* Develop and implement employee engagement strategies including surveys, feedback mechanisms, recognition programs, and retention initiatives
",HR,"['human resources management', 'talent acquisition', 'employment law compliance', 'employee relations', 'performance management', 'compensation and benefits', 'HRIS systems', 'HR analytics', 'organizational development', 'change management', 'project management', 'training and development', 'succession planning', 'business acumen', 'data analysis', 'Microsoft Office Suite', 'interpersonal skills', 'communication', 'influencing', 'problem solving', 'critical thinking', 'ethical judgment', 'confidentiality', 'teamwork']","['microsoft word suite', 'kronos timekeeper', 'hyperion', 'peoplesoft', 'project management', 'employee relations', 'market research', 'data analysis', 'hris systems', 'talent acquisition', 'benefits administration', 'compensation management', 'training and development', 'labor laws', 'performance improvement', 'forecasting', 'leadership', 'communication', 'interpersonal skills', 'coaching', 'conflict resolution', 'team management', 'presentation skills', 'strategic thinking', 'problem solving', 'customer service', 'networking', 'mentoring', 'cross-cultural management', 'analytical thinking']","['human resources management', 'talent acquisition', 'employment law compliance', 'employee relations', 'performance management', 'compensation and benefits', 'HRIS systems', 'HR analytics', 'organizational development', 'change management', 'project management', 'training and development', 'business acumen', 'data analysis', 'Microsoft Office Suite', 'interpersonal skills', 'communication', 'influencing', 'problem solving', 'critical thinking', 'ethical judgment', 'confidentiality', 'teamwork']",95.81,37.5,73.11,sr hr consultant executive profile ambitious human resources professional who creates strategic alliances with organization leaders to effectively align with and support key business initiatives possess the ability to build and retain high performance teams by hiring developing and motivating skilled professionals a results oriented human resources professional with demonstrated ability to deliver mission critical results with an entrepreneurial attitude offering outstanding presentation communication and cross cultural team management skills skill highlights proficient in microsoft word suite word powerpoint excel outlook and access kronos timekeeper hyperion peoplesoft project management leadership communication skills employee relations market research and analysis core accomplishments project management initiated caught you serving program to recognize and highlight employees and departments who exceeded patient outcome goals and provided exceptional customer service this program resulted in a 33 improvement in patient satisfaction scores over a 180 day period assisted executive team with aligning departments to reduce service redundancy and utilizing untapped resources to create billable services through job redesigning reduced total compensation budget by 400k human resources spearheaded new healthcare provider program which increased retention by 22 with overall 93 retention rate instituted monthly hr file audit to ensure compliance and accuracy of approximately 575 fte s and 63 subcontractors employee files reviewed and revised employee handbook to address redundant employee issues which resulted in 25 reduction in twc claims staff development launched well received program of professional development courses for all staff mentored and coached employees resulting in a 20 increase in productivity developed compentency map per each job family to improve performance evaluation reduced turnover by 15 negotiated benefits for 575 fte s in the wake of obamacare professional experience company name city state sr hr consultant 01 2014 to current spearheaded coach one project resulting in a 50 increase in revenue accountable for attracting and retaining including overall customer satisfaction created new revenue streams through business owner surveys generated new business through networking with local chambers and business referral groups increased profits by 60 in one year through restructure of business line strengthened company s business by participating in speaking engagements developed and directed strategy for launch of new product that landed 1st customer in 60 90 days post launch company name city state director of human resources 01 2013 to 06 2014 administered policies relating to all phases of human resources activity identified legal requirements and government reporting regulations affecting human resources functions and ensures policies procedures and reporting are in compliance recruited interviewed and selected employees to fill vacant positions planned and conducted new employee orientation to foster positive attitude toward the lab s goals maintained records of personnel transactions such as hires promotions transfers performance reviews terminations and employee statistics for government reporting coordinated management training in interviewing hiring terminations promotions performance review safety hipaa and sexual harassment advised management in appropriate resolution of employee relations issues responded to inquiries regarding policies procedures and programs administered and maintained records of benefits programs such as life health dental and disability insurances pension plans vacation sick leave leave of absence and employee assistance investigated accidents incidents and prepared reports for insurance carrier prepared budget of human resources operations prepared employee separation notices and related documentation and conducted exit interviews created and maintained job descriptions developed and maintained a human resources system that meets executive management s needs managed affirmative action and equal employment opportunity programs ensured employee adherence to company policies and practices including but not limited to issues of client confidentiality and ethical and legal behavior strategic business partner with ceo to streamline costs increase efficiency while maximizing benefits to all stakeholders collaborated with administrators and director of nursing on project to reduce hospital readmission for at risk patients company name city state human resources education instructor iii 01 2009 to 11 2012 forecasted customers needs by utilizing need assessments of assigned departments to plan design develop implement and evaluate educational programs developed leadership and management supervisor level courses as well as track pre course and post course progress facilitated new hire and leadership orientation instructed all mandatory classes required by harris county hospital district and the federal government and update policies in real time organized logistics for course offerings instructed cpr sama and driver s safety courses for harris county hospital district collaborated with interdisciplinary team members to develop hospital wide workshops seminars and provide applicable training and or coaching prepared statistical analysis on course evaluations for all educational offerings and revise programs according to performance and program improvement initiatives liaised with vp of human resources to meet joint commission s guidelines and survey readiness for the human resources department project manager for harris county hospital district s literacy and esl initiative collaborated with harris county s lbj hospital s administrator on a hospital readmissions project to reduce costs and improve patient outcomes developed a 14 week course for employees to utilize as a resource for obtaining and improving core supervisory competencies developed a let s break for customer service series of classes for clinic administrators company name city state administrative manager 07 2007 to 09 2008 responsible for human resource management of staff including recruitment selection wage determination promotions employee relations explanation of benefits disciplinary actions credentialing and performance appraisals managed and reconciled faculty s research grant accounts prs funds and kronos timekeeper as well as communicated balances on a monthly basis collaborated with faculty to ensure compliance training and institutional and departmental goals were met analyzed data and reported results in monthly meetings prepared justified administered and monitored budgets for section provided budgetary and financial reports as well as analysis of over under budget detail for assigned projects and cost centers approved rfps travel check reimbursements acquisitions and leave requests for section prepared weekly clinic lecture grand rounds and on call schedules for clinical and research faculty to ensure effective and efficient patient care developed and ensured accuracy of grant proposals budgets rfp s and contractual agreements ensured the integrity and confidentiality of department records and confirmed that the faculty and staff were in compliance with internal controls hippa joint commission and other privacy regulations collaborated across all sections on special projects company name city state media specialist 08 2005 to 07 2007 taught research techniques to grade school and middle school students prepared budgets for circulation and guided superintendent and principal in the selection and acquisition of materials and equipment provided effective leadership in developing implementing and evaluating plans for a comprehensive school media program responsible for the department s operational functions training of students faculty and staff on utilization of new and existing online resources position held while completing mba company name city state business unit vice president human resources branch manager 01 2000 to 03 2005 liaised with the executive vice president of global oil gas and power a team of relationship managers representatives and customers through strong communication critical thinking and interpersonal skills in an effort to deliver effective and efficient products to clients created reports and presented to executive management such as annual budgets client risk management reports monthly quarterly revenue expense reports revenue forecasting doubtful debtor reports presentations financial spreadsheets analytical statistical and ad hoc reports acted as primary contact for rfps internal and federal audits and advised branch manager of recommendations to maintain compliance conducted employee performance appraisals mid year reviews compensation employee relations bi weekly time approvals promotions new hire orientation wage determination filing i 9s annual mandatory training employee screening explanation of benefits coaching and training and development developed and administered leadership and sales training in conjunction with outside vendor functioned as project manager on various local and global projects and responsible for creating and presenting analytical reports on the project assessed training needs of staff and ensured efficient training timelines were met via internal or external sources coordinated confidential meetings for executive management company name city state bank officer 10 1998 to 01 2000 trained relationship bankers globally in manipulating the bank s internal software cidar to ensure efficient marketing and tracking of clients progress on a monthly and annual basis coordinated regional and global account planning and internally published results to executive management created and implemented databases for storing quantitative data related to top tier clients and industry planning north america trained business development coordinator executive assistants and contractors selected to assist in the restructuring of the bank in conjunction with consultant firm company name city state human resources consultant 09 2008 to 01 2009 assisted with the coordination of the employee satisfaction survey you count and generated statistical reports for executive leadership collaborated with physicians to develop and coordinate the physician satisfaction survey and generated statistical reports to executive leadership delivered the fish philosophy and state required sections of new employee orientation coordinated and generated reports on the leadership development courses roi work projects facilitated leadership orientation on campus and at cmc sites assisted department with utmb recognition events service awards and gem program collaborated with utmb recruiters to facilitate job fairs and classes i e resume writing interviewing and job search for employees whose employment was affected by hurricane ike this position eliminated due to aftermath of hurricane ike education doctorate of business administration leadership december 2016 walden university city state leadership master of business administration finance may 2006 university of st thomas city state finance bachelor of science political science business management august 1990 texas a m university city state political science business management professional affiliations american college of healthcare executives ache society for human resources management shrm national and bay area chapter association for talent development hr houston amoco select business partners rotary of league city clear lake chamber of commerce league city chamber of commerce ambassador member texas city la marque chamber of commerce bay area houston economic partnership alliance small business committee bahep cares for veterans skills proficient in microsoft office and hris systems extensive hr experience including strategic talent acquisition orientation benefits compensation employee retention training and development employee relations labor laws and implementing compliance policies and procedures expertise in management analysis researching market trends performance improvement and forecasting excellent interpersonal coaching and conflict resolution skills,human resources business partner we are seeking an experienced human resources business partner to serve as a strategic advisor to leadership teams while managing the full employee lifecycle this role requires a dynamic professional who can balance strategic hr initiatives with hands on operational support fostering a positive workplace culture and driving organizational effectiveness you will work closely with department heads to align hr strategies with business objectives manage talent acquisition and retention programs and ensure compliance with employment laws and regulations the ideal candidate will have exceptional interpersonal skills strong business acumen and the ability to influence at all levels of the organization bachelor s degree in human resources business administration psychology or related field master s degree or mba preferred minimum 5 7 years of progressive hr experience with at least 3 years in a business partner or strategic hr role professional hr certification such as shrm cp shrm scp phr or sphr strongly preferred deep knowledge of employment law hr best practices and current trends in talent management and organizational development proven experience managing full cycle recruitment processes and building effective talent acquisition strategies strong business acumen with ability to understand financial statements business models and organizational dynamics exceptional interpersonal and communication skills with ability to build trust and influence stakeholders at all organizational levels demonstrated experience with hris systems and hr analytics tools proficiency in microsoft office suite required strong problem solving and critical thinking abilities with a solutions oriented mindset ability to handle sensitive and confidential information with discretion and maintain high ethical standards experience leading change management initiatives and supporting organizations through periods of transformation project management skills with ability to manage multiple priorities and deadlines simultaneously partner with business leaders to understand organizational goals and develop hr strategies that support achievement of business objectives lead talent acquisition efforts including workforce planning recruitment strategy development candidate screening interviewing and onboarding processes design and implement comprehensive employee development programs including training initiatives succession planning and career progression frameworks manage employee relations issues by conducting thorough investigations providing coaching to managers mediating conflicts and recommending appropriate solutions develop and maintain compensation and benefits programs that are competitive equitable and aligned with organizational budget and market standards drive performance management processes including goal setting mid year reviews annual evaluations and performance improvement plans ensure compliance with federal state and local employment laws and regulations including fmla ada flsa and eeo requirements analyze hr metrics and workforce data to identify trends develop insights and make data driven recommendations to leadership lead organizational change management initiatives including restructuring mergers acquisitions and cultural transformation projects develop and implement employee engagement strategies including surveys feedback mechanisms recognition programs and retention initiatives,0.29893037833180686,0.9581000000000001,0.8999280057595392,0.8060418812221078,0.5806519671381867,58.065196713818665,19
28531493,"         MANAGER, INDUSTRY ANALYST RELATIONS       Summary     Creative communications professional with over a decade of experience in planning and implementing strategic, results driven communication programs that integrate traditional public relations with emerging social and digital media communications strategies. Extensive experience in semiconductor, wireless networking, telecommunications, cloud computing and PCB design market segments.       Skills      Proficient in Microsoft Office Suite  Experienced with multiple media databases, including: Vocus, Cision and MyMediaInfo.  Familiar with social media and influencer management tools, such as Hootsuite, Buffer, SocialBro, TrendKite and BuzzSumo.        Experience      Manager, Industry Analyst Relations     Aug 2015   to   Current      Company Name   -   City  ,   State    •Contributed to the development of a strategic analyst relations plan designed to communicate overall vision and major initiatives around comprehensive eCommerce suite and marketing solutions.  •Cultivate and strengthen relationships with key influencers at major industry analyst firms, ensuring that they are up to speed on company strategy, objectives, capabilities, client case studies and messaging.  •Collaborate with product marketing, subject matter experts and executives to advance company rankings in analyst benchmark reports, including Forrester Waves™ and Gartner Magic Quadrant.  •Provide strategic insights to senior management and cross-functional marketing teams on analyst research reports to help guide product strategy and roadmaps.  •Support in the negotiation of industry analyst firm subscription contracts during renewal process.        Account Director     Sep 2014   to   May 2015      Company Name   -   City  ,   State    Clients included: Alcatel Lucent, Rajant Corporation, ASE Group, Inc., Altium, The City of Fremont   Served as lead day-to-day strategic advisor on client programs and initiatives including: strategic planning, company and product launches, media and analyst relations, social media strategy, visual storytelling, thought leadership campaigns, corporate brand positioning, crisis communications, industry events, budget management and forecasting.  Collaborated on the global launch of Alcatel Lucent's cloud-based unified communications platform, Rapport, securing coverage with key industry analysts and media outlets including: Wireless Week, No Jitter, Current Analysis, Fierce Enterprise Communications, Converge! Network Digest, UC Strategies, Light Reading and Europe Outlook.   Demonstrated ability to manage global account teams of up to six direct reports, providing strategic guidance on multiple campaign initiatives from concept through implementation on time and within budget parameters.  Cultivated ongoing thought leadership opportunities for Rajant Corporation executives in key industry outlets such as: Network Computing, Urgent Communications, Network World and eWeek.  Provided strategic guidance on analyst relations programs across all accounts including: development of outreach strategy, coordination of analyst tours, creation of briefing materials, message development, corporate strategy days and spokesperson preparation.   Oversaw the development and execution of owned and earned client social media campaigns, including: optimization of client LinkedIn pages and executive profiles, blog post content calendars, microsite development, SEO enhancement, Twitter, Google+ and Instagram engagement strategies.         Account Manager     Jul 2011   to   Sep 2014      Company Name   -   City  ,   State     Clients Included: IDT, Ineda Systems, Intelepeer, RAE Systems, Altium, Rajant Corporation  Provided strategic day-to-day counsel for clients on the execution of communication initiatives to support organizational objectives including: media and analyst relations, content creation strategy, social media strategy, product launches, industry awards, event planning and execution.  Spearheaded the global launch of wearable technology start-up Ineda systems, securing coverage with top-tier media outlets such as Venture Beat, Re/Code, The Wall Street Journal, EE Times, Reuters and GigaOm.  Developed written content reinforcing key messages and thought leadership including: press releases, byline article abstracts, customer case studies, FAQs, executive bios, guest blog posts, company backgrounders and story pitches.  Proven track record in cultivating relationships with technology media, resulting in placements with key trade publications, such as: EE Times, eWeek, Network Computing, Electronic Design, EE Journal, IEEE Spectrum and Design News.   Managed speaking and awards programs, including researching and vetting opportunities, coordination with event organizers and developing preparation materials.  Assisted in managing budgets, forecasting, resources and project management.         Partner     Oct 2008   to   Dec 2012      Company Name   -   City  ,   State    Clients Included: Pure Matter Branding+Interactive, Cellphone Mate, Asigra, Bay Area Lyme Foundation, California Childen's Health Initiative, Heritage Bank, Toeniskeotter & Breeding, Inc.   Served as marketing communications consultant delivering holistic, integrated communications counsel across a broad array of disciplines including: public relations, advertising, social media strategy, direct marketing, customer retention strategy and branding.  Created high-level marketing communications materials including: strategic plans, market analysis reports, press releases, backgrounders, website copy, case studies, FAQ's, and contributed articles.  Consistently achieved coverage for clients with high-level media outlets such as: The Wall Street Journal, Oprah Magazine, Salon.com, CNN Small Business, G4TV, MSN Games, Massively.com and The Globe and Mail.  Managed external vendors in the development of client newsletters, campaign datasheets, brochures, tradeshow exhibits and website copy to ensure adherence to client communication objectives.         Senior Public Relations Specialist     Feb 2005   to   Jul 2007      Company Name   -   City  ,   State    Clients Included: Amulet Technologies, SPX Automotive, CalTrain   Managed integrated campaigns that included advertising planning, public relations, social media and tradeshow coordination.  Composed high-level documents including: public relations strategic plans, press releases, contributed articles, backgrounders, Q&As, pitch letters and case studies.  Organized local and national media tours in support of strategic initiatives and product launches.  Achieved media coverage with a variety of high-level national outlets including: The Wall Street Journal, San Francisco Times and San Jose Mercury News.         Marketing Associate     Jan 2003   to   Jan 2004      Company Name   -   City  ,   State     Developed and managed overall budget for event marketing, sponsorship and tradeshow coordination.  Planned and organized all on-site race promotions and events for employees, athletes and business associates.  Served as primary liaison to national and international sales staff for all events marketing support.         Director of Special Events     Mar 2002   to   Jan 2003      Company Name   -   City  ,   State     Composed and managed event budgets to meet organizational objectives.  Drove negotiation of event site contracts for fundraising events, including: menu selection, AV needs, technological requirements, entertainment, travel and accommodations.  Oversaw recruitment of committee members and supervised all activities.         Account Executive     Aug 1999   to   Feb 2001      Company Name   -   City  ,   State    Clients Included: Silicon Valley Bank, Sand Hill Capital, MeriWest Credit Union, Toeniskoetter & Breeding, Inc.    Developed and implemented strategic public relations plans for clients involved in technology, law enforcement, finance, real estate, hospitality and community affairs.  Composed and distributed strategic client pitches, press releases, fact sheets, backgrounders and public service announcements.  Provided support  in strategic planning and publicity for new product launches.         Education      Bachelor of Science  ,   Public Relations   2000     San Jose State University   -   City  ,   State  ,   USA     Spring 1998 - Participated in study abroad program in Bath, England     ","Public Relations Manager
----------------------------------------
We are seeking a strategic and creative Public Relations Manager to develop and execute comprehensive PR strategies that enhance brand reputation, manage media relationships, and drive positive public perception. This role requires a communications professional who can craft compelling narratives, secure media coverage, manage crisis communications, and coordinate integrated PR campaigns. You will be responsible for media relations, press release development, event coordination, social media strategy, and reputation management while serving as primary spokesperson for organizational communications. The ideal candidate will have exceptional writing and storytelling abilities, strong media contacts, crisis management experience, and proven track record securing meaningful media placements.
----------------------------------------
* Bachelor's degree in Public Relations, Communications, Journalism, or related field; Master's degree preferred
* Minimum 6-8 years of public relations experience with proven track record securing meaningful media coverage for organizations or clients
* Exceptional writing, editing, and storytelling skills with portfolio demonstrating press releases, pitch letters, and published placements
* Established relationships with media contacts across relevant beats including business, technology, lifestyle, or industry-specific journalists
* Strong understanding of media landscape, editorial calendars, newsroom operations, and what makes stories newsworthy
* Experience developing and executing crisis communication strategies and managing sensitive communications situations
* Proven ability to develop strategic PR campaigns that achieve measurable results and support business objectives
* Excellent verbal communication and presentation skills for media interviews, executive briefings, and stakeholder presentations
* Strong relationship-building abilities with talent for establishing trust with journalists, influencers, and key stakeholders
* Experience with media monitoring and PR measurement tools such as Cision, Meltwater, or similar platforms
* Understanding of digital PR including blogger outreach, online reputation management, and earned media in digital channels
* Strategic thinking capabilities with ability to identify opportunities, anticipate challenges, and develop proactive communication strategies
* Strong project management skills with ability to manage multiple campaigns, deadlines, and priorities simultaneously
* Experience working with C-level executives, preparing messaging, and providing media coaching
* Knowledge of industry regulations, ethical standards, and best practices governing public relations activities
* Flexibility to respond to media inquiries and manage issues outside standard business hours when necessary
----------------------------------------
* Develop and implement comprehensive public relations strategies aligned with organizational objectives, brand positioning, and communication goals
* Build and maintain strong relationships with journalists, editors, bloggers, and media outlets across print, broadcast, and digital platforms
* Write, edit, and distribute press releases, media advisories, pitch letters, and other media materials that generate coverage and tell compelling stories
* Secure media placements and interviews in target publications and outlets, pitching story ideas and facilitating journalist access to organizational spokespeople
* Monitor media coverage and public sentiment, tracking mentions, analyzing coverage tone, and providing regular reports to leadership
* Develop and implement crisis communication plans, serving as primary communications contact during issues or negative situations to protect organizational reputation
* Coordinate press conferences, media briefings, and press events including logistics, materials preparation, and spokesperson coaching
* Train executives and spokespeople on media interview techniques, message development, and effective communication strategies
* Collaborate with marketing, social media, and content teams to ensure consistent messaging across all communication channels
* Create thought leadership opportunities through op-eds, bylined articles, speaking engagements, and industry panel participation
* Manage PR agency relationships if applicable, providing direction, reviewing deliverables, and ensuring alignment with organizational priorities
* Develop content for corporate communications including executive communications, employee newsletters, and stakeholder updates
* Plan and coordinate corporate events, community engagement activities, and sponsorship activations that enhance brand visibility
* Measure and report on PR performance using metrics including media impressions, share of voice, sentiment analysis, and campaign effectiveness
",PUBLIC-RELATIONS,"['public relations', 'media relations', 'crisis communication', 'press release writing', 'media monitoring', 'PR campaign development', 'social media strategy', 'media coaching', 'digital PR', 'event coordination', 'content development', 'media measurement tools', 'executive communications', 'storytelling', 'journalism', 'media pitching', 'strategic thinking', 'communication', 'relationship building', 'presentation skills', 'flexibility', 'project management', 'creativity', 'problem solving']","['microsoft office suite', 'vocus', 'cision', 'mymediainfo', 'hootsuite', 'buffer', 'socialbro', 'trendkite', 'buzzsumo', 'seo', 'social media', 'content creation', 'public relations', 'advertising', 'direct marketing', 'event planning', 'budget management', 'project management', 'analyst relations', 'strategic planning', 'media relations', 'crisis communications', 'thought leadership', 'case studies', 'press releases', 'backgrounders', 'q&as', 'pitch letters', 'social media campaigns', 'tradeshow coordination', 'communication', 'strategic thinking', 'relationship building', 'team leadership', 'collaboration', 'problem solving', 'creativity', 'negotiation', 'time management', 'adaptability', 'client management', 'analytical skills', 'attention to detail']","['public relations', 'media relations', 'crisis communication', 'press release writing', 'PR campaign development', 'social media strategy', 'digital PR', 'event coordination', 'content development', 'executive communications', 'storytelling', 'media pitching', 'strategic thinking', 'communication', 'relationship building', 'presentation skills', 'flexibility', 'project management', 'creativity', 'problem solving']",82.46,33.33,70.2,manager industry analyst relations summary creative communications professional with over a decade of experience in planning and implementing strategic results driven communication programs that integrate traditional public relations with emerging social and digital media communications strategies extensive experience in semiconductor wireless networking telecommunications cloud computing and pcb design market segments skills proficient in microsoft office suite experienced with multiple media databases including vocus cision and mymediainfo familiar with social media and influencer management tools such as hootsuite buffer socialbro trendkite and buzzsumo experience manager industry analyst relations aug 2015 to current company name city state contributed to the development of a strategic analyst relations plan designed to communicate overall vision and major initiatives around comprehensive ecommerce suite and marketing solutions cultivate and strengthen relationships with key influencers at major industry analyst firms ensuring that they are up to speed on company strategy objectives capabilities client case studies and messaging collaborate with product marketing subject matter experts and executives to advance company rankings in analyst benchmark reports including forrester waves and gartner magic quadrant provide strategic insights to senior management and cross functional marketing teams on analyst research reports to help guide product strategy and roadmaps support in the negotiation of industry analyst firm subscription contracts during renewal process account director sep 2014 to may 2015 company name city state clients included alcatel lucent rajant corporation ase group inc altium the city of fremont served as lead day to day strategic advisor on client programs and initiatives including strategic planning company and product launches media and analyst relations social media strategy visual storytelling thought leadership campaigns corporate brand positioning crisis communications industry events budget management and forecasting collaborated on the global launch of alcatel lucent s cloud based unified communications platform rapport securing coverage with key industry analysts and media outlets including wireless week no jitter current analysis fierce enterprise communications converge network digest uc strategies light reading and europe outlook demonstrated ability to manage global account teams of up to six direct reports providing strategic guidance on multiple campaign initiatives from concept through implementation on time and within budget parameters cultivated ongoing thought leadership opportunities for rajant corporation executives in key industry outlets such as network computing urgent communications network world and eweek provided strategic guidance on analyst relations programs across all accounts including development of outreach strategy coordination of analyst tours creation of briefing materials message development corporate strategy days and spokesperson preparation oversaw the development and execution of owned and earned client social media campaigns including optimization of client linkedin pages and executive profiles blog post content calendars microsite development seo enhancement twitter google and instagram engagement strategies account manager jul 2011 to sep 2014 company name city state clients included idt ineda systems intelepeer rae systems altium rajant corporation provided strategic day to day counsel for clients on the execution of communication initiatives to support organizational objectives including media and analyst relations content creation strategy social media strategy product launches industry awards event planning and execution spearheaded the global launch of wearable technology start up ineda systems securing coverage with top tier media outlets such as venture beat re code the wall street journal ee times reuters and gigaom developed written content reinforcing key messages and thought leadership including press releases byline article abstracts customer case studies faqs executive bios guest blog posts company backgrounders and story pitches proven track record in cultivating relationships with technology media resulting in placements with key trade publications such as ee times eweek network computing electronic design ee journal ieee spectrum and design news managed speaking and awards programs including researching and vetting opportunities coordination with event organizers and developing preparation materials assisted in managing budgets forecasting resources and project management partner oct 2008 to dec 2012 company name city state clients included pure matter branding interactive cellphone mate asigra bay area lyme foundation california childen s health initiative heritage bank toeniskeotter breeding inc served as marketing communications consultant delivering holistic integrated communications counsel across a broad array of disciplines including public relations advertising social media strategy direct marketing customer retention strategy and branding created high level marketing communications materials including strategic plans market analysis reports press releases backgrounders website copy case studies faq s and contributed articles consistently achieved coverage for clients with high level media outlets such as the wall street journal oprah magazine salon com cnn small business g4tv msn games massively com and the globe and mail managed external vendors in the development of client newsletters campaign datasheets brochures tradeshow exhibits and website copy to ensure adherence to client communication objectives senior public relations specialist feb 2005 to jul 2007 company name city state clients included amulet technologies spx automotive caltrain managed integrated campaigns that included advertising planning public relations social media and tradeshow coordination composed high level documents including public relations strategic plans press releases contributed articles backgrounders q as pitch letters and case studies organized local and national media tours in support of strategic initiatives and product launches achieved media coverage with a variety of high level national outlets including the wall street journal san francisco times and san jose mercury news marketing associate jan 2003 to jan 2004 company name city state developed and managed overall budget for event marketing sponsorship and tradeshow coordination planned and organized all on site race promotions and events for employees athletes and business associates served as primary liaison to national and international sales staff for all events marketing support director of special events mar 2002 to jan 2003 company name city state composed and managed event budgets to meet organizational objectives drove negotiation of event site contracts for fundraising events including menu selection av needs technological requirements entertainment travel and accommodations oversaw recruitment of committee members and supervised all activities account executive aug 1999 to feb 2001 company name city state clients included silicon valley bank sand hill capital meriwest credit union toeniskoetter breeding inc developed and implemented strategic public relations plans for clients involved in technology law enforcement finance real estate hospitality and community affairs composed and distributed strategic client pitches press releases fact sheets backgrounders and public service announcements provided support in strategic planning and publicity for new product launches education bachelor of science public relations 2000 san jose state university city state usa spring 1998 participated in study abroad program in bath england,public relations manager we are seeking a strategic and creative public relations manager to develop and execute comprehensive pr strategies that enhance brand reputation manage media relationships and drive positive public perception this role requires a communications professional who can craft compelling narratives secure media coverage manage crisis communications and coordinate integrated pr campaigns you will be responsible for media relations press release development event coordination social media strategy and reputation management while serving as primary spokesperson for organizational communications the ideal candidate will have exceptional writing and storytelling abilities strong media contacts crisis management experience and proven track record securing meaningful media placements bachelor s degree in public relations communications journalism or related field master s degree preferred minimum 6 8 years of public relations experience with proven track record securing meaningful media coverage for organizations or clients exceptional writing editing and storytelling skills with portfolio demonstrating press releases pitch letters and published placements established relationships with media contacts across relevant beats including business technology lifestyle or industry specific journalists strong understanding of media landscape editorial calendars newsroom operations and what makes stories newsworthy experience developing and executing crisis communication strategies and managing sensitive communications situations proven ability to develop strategic pr campaigns that achieve measurable results and support business objectives excellent verbal communication and presentation skills for media interviews executive briefings and stakeholder presentations strong relationship building abilities with talent for establishing trust with journalists influencers and key stakeholders experience with media monitoring and pr measurement tools such as cision meltwater or similar platforms understanding of digital pr including blogger outreach online reputation management and earned media in digital channels strategic thinking capabilities with ability to identify opportunities anticipate challenges and develop proactive communication strategies strong project management skills with ability to manage multiple campaigns deadlines and priorities simultaneously experience working with c level executives preparing messaging and providing media coaching knowledge of industry regulations ethical standards and best practices governing public relations activities flexibility to respond to media inquiries and manage issues outside standard business hours when necessary develop and implement comprehensive public relations strategies aligned with organizational objectives brand positioning and communication goals build and maintain strong relationships with journalists editors bloggers and media outlets across print broadcast and digital platforms write edit and distribute press releases media advisories pitch letters and other media materials that generate coverage and tell compelling stories secure media placements and interviews in target publications and outlets pitching story ideas and facilitating journalist access to organizational spokespeople monitor media coverage and public sentiment tracking mentions analyzing coverage tone and providing regular reports to leadership develop and implement crisis communication plans serving as primary communications contact during issues or negative situations to protect organizational reputation coordinate press conferences media briefings and press events including logistics materials preparation and spokesperson coaching train executives and spokespeople on media interview techniques message development and effective communication strategies collaborate with marketing social media and content teams to ensure consistent messaging across all communication channels create thought leadership opportunities through op eds bylined articles speaking engagements and industry panel participation manage pr agency relationships if applicable providing direction reviewing deliverables and ensuring alignment with organizational priorities develop content for corporate communications including executive communications employee newsletters and stakeholder updates plan and coordinate corporate events community engagement activities and sponsorship activations that enhance brand visibility measure and report on pr performance using metrics including media impressions share of voice sentiment analysis and campaign effectiveness,0.37087598685460593,0.8246,0.7998560115190785,0.7560933745279782,0.5766134717886222,57.66134717886222,20
