ID,category,tfidf_similarity,ai_match_score,skill_string_match_score,fuzzy_match_score,baseline_merit_score,baseline_merit_percentage,rank
16852973,HR,0.15404790858328152,49.4,12.5,63.24,0.2943425358494004,29.43425358494004,868
22323967,HR,0.13848175078386107,77.64,16.67,59.07,0.30226591618990256,30.226591618990255,821
33176873,HR,0.24966134493789408,100.0,20.83,61.89,0.39748605880220106,39.748605880220104,361
27018550,HR,0.10701334278470205,32.63,8.33,52.95,0.20547924685098995,20.547924685098995,1668
17812897,HR,0.39711645615961516,86.03,29.17,64.36,0.5397360419906372,53.973604199063715,49
11592605,HR,0.153740055962583,73.15,16.67,58.22,0.3069771147799501,30.69771147799501,788
25824789,HR,0.20779567064194496,71.36,29.17,64.29,0.44483534713774087,44.483534713774084,207
15375009,HR,0.21836371186742615,86.03,8.33,56.12,0.272036683366262,27.2036683366262,1062
11847784,HR,0.21836503484205988,95.81,25.0,65.34,0.4237029623765767,42.37029623765767,270
32896934,HR,0.3063427238367658,90.92,33.33,64.88,0.526083881131058,52.608388113105796,67
29149998,HR,0.16273021726745668,78.74,16.67,60.73,0.3200887419480065,32.008874194800654,717
11480899,HR,0.34991956164355176,86.03,20.83,68.44,0.4701005773850333,47.01005773850333,150
23155093,HR,0.18121715370552535,90.22,16.67,63.14,0.337605467976859,33.7605467976859,614
11763983,HR,0.19006522617647897,81.84,12.5,60.85,0.3041465945773414,30.41465945773414,806
27490876,HR,0.228634922624385,78.34,20.83,64.17,0.39479983013772246,39.47998301377225,379
32977530,HR,0.10429612319690437,38.92,12.5,57.46,0.24962455596088057,24.962455596088056,1245
93002334,HR,0.20099826113105976,90.22,20.83,65.0,0.38383079564921296,38.383079564921296,415
24184357,HR,0.35539398643392595,95.81,25.0,65.21,0.49177116285496764,49.177116285496766,106
73077810,HR,0.23446451276019195,95.81,8.33,53.65,0.27160785277934596,27.160785277934597,1066
13879043,HR,0.31109885744425525,91.62,29.17,63.05,0.49223016058695646,49.22301605869565,104
30163002,HR,0.12440635206258922,42.42,4.17,65.46,0.22717156455403356,22.717156455403355,1453
18827609,HR,0.21960916463322075,81.84,33.33,69.14,0.49734120039643276,49.73412003964327,98
25676643,HR,0.2805360466231606,86.03,25.0,66.33,0.45818702645456266,45.81870264545627,173
12786012,HR,0.2575216432802891,85.33,37.5,69.59,0.5478638371682123,54.78638371682123,40
87968870,HR,0.23968990323151584,76.95,29.17,71.15,0.4843320686505147,48.43320686505147,119
46258701,HR,0.1456198526187851,80.44,16.67,62.44,0.31740379649287775,31.740379649287775,733
14225422,HR,0.23515455600195825,95.81,20.83,62.02,0.39067893965177525,39.067893965177525,392
29297973,HR,0.19034052722415543,92.32,16.67,61.26,0.33571332706710433,33.571332706710436,626
18334783,HR,0.17181622854036313,57.39,12.5,55.59,0.27696510983412037,27.696510983412036,1008
19717385,HR,0.08298452768174862,69.96,12.5,55.66,0.23278956149887425,23.278956149887424,1403
49937469,HR,0.21282373572893779,81.84,16.67,61.69,0.3484310727544423,34.84310727544423,561
18316239,HR,0.3059088914998188,86.03,33.33,71.4,0.5482493885808475,54.82493885808475,39
17855844,HR,0.3418620656189986,83.93,25.0,64.66,0.48311711456559525,48.31171145655952,121
57667857,HR,0.26301615167365855,83.23,25.0,67.87,0.4547137250491559,45.47137250491559,182
17422560,HR,0.14842007614370653,83.23,20.83,62.51,0.348993814381077,34.8993814381077,558
32947778,HR,0.24726499690042486,95.81,25.0,67.44,0.44536200622759226,44.536200622759225,206
23914451,HR,0.23973398561621628,91.62,33.33,62.66,0.48515850275198824,48.51585027519882,118
21265194,HR,0.28609286893868247,71.36,25.0,64.5,0.45468325429615464,45.46832542961546,183
51769822,HR,0.13638477401434224,66.17,16.67,56.88,0.29369940514808857,29.369940514808857,874
19616406,HR,0.15371503900009073,66.47,16.67,61.71,0.31894538213117907,31.894538213117908,725
41523474,HR,0.19014126140475712,79.74,12.5,60.87,0.30425326993264074,30.425326993264072,804
59962788,HR,0.24523590115301283,93.41,16.67,77.23,0.41798422034804517,41.79842203480452,289
86184722,HR,0.2618652941796387,95.11,33.33,66.81,0.510470638324465,51.047063832446504,86
28419173,HR,0.11164040873648919,52.89,12.5,57.59,0.253742974048215,25.3742974048215,1221
18155310,HR,0.22218846830581895,86.03,16.67,56.81,0.33636095019976586,33.63609501997659,625
26780935,HR,0.15608057460184854,79.74,8.33,58.55,0.2492370302844516,24.92370302844516,1252
34554248,HR,0.24895191257681354,90.92,25.0,67.84,0.447578618888993,44.7578618888993,202
26202430,HR,0.2516855781273344,89.52,20.83,62.77,0.40151911600797513,40.15191160079751,342
19867922,HR,0.1935746637726497,85.33,29.17,63.89,0.4363516888798869,43.63516888798869,233
91930382,HR,0.14938080310425556,64.37,16.67,56.98,0.3005407083988468,30.054070839884677,830
30646367,HR,0.08542654322541149,71.36,12.5,53.84,0.22776271482511695,22.776271482511696,1445
39650734,HR,0.21434344415377696,81.84,16.67,64.89,0.3601761655525124,36.017616555251244,509
72231872,HR,0.24122774119566434,90.92,20.83,64.27,0.4014395281291637,40.143952812916375,344
13520837,HR,0.24867580731888717,75.55,20.83,64.6,0.40629641391992033,40.62964139199203,328
18422164,HR,0.21120812918699788,72.06,20.83,62.16,0.37918633043241723,37.91863304324173,437
30862904,HR,0.328976416866652,96.51,33.33,64.98,0.5377440163518028,53.77440163518028,53
52979663,HR,0.150860202360724,86.73,25.0,66.02,0.3922849093353594,39.228490933535944,387
28828844,HR,0.21877111851126985,100.0,12.5,59.64,0.31434574740453775,31.434574740453776,751
21830565,HR,0.3330159529487472,96.51,37.5,68.31,0.5812168965681811,58.12168965681811,18
27523575,HR,0.10223235338044534,45.51,29.17,67.89,0.40441208191584793,40.44120819158479,335
39081840,HR,0.2189878604559534,80.44,29.17,69.53,0.46841977022874787,46.84197702287479,155
20925036,HR,0.20831259207256964,95.81,12.5,64.07,0.3243241738521975,32.43241738521975,689
15576950,HR,0.13251344508114504,90.22,16.67,64.19,0.3168581450755854,31.68581450755854,740
29564653,HR,0.1041744779234735,90.22,8.33,52.76,0.20340756587935266,20.340756587935267,1692
14886205,HR,0.19937280758516804,62.97,20.83,63.37,0.37742246297170134,37.742246297170134,443
17412079,HR,0.324297071592076,95.11,33.33,67.87,0.5453253873121804,54.53253873121804,44
16861758,HR,0.09907825503378807,64.07,16.67,61.66,0.29145534579512694,29.145534579512695,892
93112113,HR,0.24966426164137534,87.43,20.83,62.3,0.39889500084772817,39.88950008477282,355
15041689,HR,0.2508953034999665,77.64,20.83,68.3,0.4201078441251185,42.010784412511846,283
80162314,HR,0.2547557133428277,76.95,25.0,63.51,0.43561611831079167,43.56161183107917,238
20993320,HR,0.24486030327277344,90.92,20.83,68.87,0.419047089634591,41.9047089634591,285
14640322,HR,0.1870948775569229,48.3,16.67,61.14,0.33367855578652617,33.367855578652616,639
26289308,HR,0.3107369190680805,90.22,33.33,62.44,0.5199047343251568,51.990473432515685,69
23408537,HR,0.21218432306658438,93.41,33.33,62.12,0.46952991246584375,46.952991246584375,153
28808263,HR,0.15830389020134306,58.48,12.5,58.7,0.2808852194150395,28.088521941503952,974
18084150,HR,0.24838834362497386,81.84,20.83,60.32,0.3914599254646562,39.14599254646562,391
26671167,HR,0.13445291163492568,52.89,12.5,58.19,0.26720895773224274,26.720895773224274,1099
44476983,HR,0.3944224755086231,95.81,12.5,67.1,0.4277807633560121,42.77807633560121,260
16877897,HR,0.23516373345166142,84.63,12.5,62.71,0.33308101814284197,33.3081018142842,643
29091445,HR,0.18117248184089582,90.92,12.5,61.84,0.3030987805969855,30.309878059698548,813
25724495,HR,0.19797523942667228,72.75,29.17,61.87,0.43161754484970627,43.16175448497063,249
24508725,HR,0.35080465715990156,95.81,29.17,70.26,0.5368341761330735,53.68341761330735,54
11698189,HR,0.152072887380288,57.39,12.5,59.53,0.28061901426266506,28.061901426266505,980
27165830,HR,0.2880306385348909,95.11,12.5,63.18,0.36112792760172413,36.11279276017241,507
47470864,HR,0.19554231094173558,64.37,12.5,65.14,0.32161222243885745,32.161222243885746,705
34740556,HR,0.3211279947375326,95.81,25.0,65.42,0.47535907328895427,47.535907328895426,133
18557164,HR,0.2938419425698282,75.55,20.83,66.67,0.43598555775548364,43.59855577554836,234
19179079,HR,0.23737561502749702,86.73,20.83,63.28,0.3961149068576444,39.61149068576444,372
13376919,HR,0.23715539609388067,67.86,25.0,64.55,0.43038616222665455,43.03861622266545,253
26048718,HR,0.29893037833180686,95.81,37.5,73.11,0.5806519671381867,58.065196713818665,19
17150707,HR,0.2560732093710804,78.04,16.67,63.48,0.3762006774093618,37.62006774093618,450
18297650,HR,0.20809268759269714,86.03,16.67,56.73,0.3290384288785636,32.903842887856364,663
23510685,HR,0.3174419286315175,100.0,29.17,68.32,0.5134930109763308,51.34930109763308,78
39970711,HR,0.27859952935801896,90.92,41.67,73.1,0.6004738120528508,60.04738120528508,12
20806155,HR,0.20751727316026441,100.0,12.5,57.83,0.30250529915402635,30.250529915402634,818
28640735,HR,0.2519880700285561,85.33,25.0,64.69,0.4382831033821145,43.82831033821145,229
15575117,HR,0.07818042332255928,69.26,16.67,56.86,0.26452857206103675,26.452857206103676,1129
27496514,HR,0.15605700125544844,82.53,8.33,55.77,0.23968181758996765,23.968181758996764,1338
14256329,HR,0.125459966938164,55.69,8.33,56.45,0.22671766363077617,22.671766363077616,1457
19336728,HR,0.13043097291515995,37.13,0.0,51.23,0.15131229387261602,15.131229387261602,2155
10694288,HR,0.13564616290789258,76.25,12.5,56.77,0.26293088374634377,26.293088374634376,1144
28175164,HR,0.43171738232894014,100.0,33.33,71.21,0.6105013854543851,61.050138545438514,7
10399912,HR,0.12657868139951678,43.81,12.5,58.37,0.2638897622849811,26.388976228498112,1135
20417897,HR,0.17308618735036652,84.63,16.67,58.04,0.316032260803399,31.6032260803399,743
18731098,HR,0.26419660767013714,88.52,29.17,70.33,0.49377045348225235,49.37704534822524,103
30563572,HR,0.41692600719220657,86.03,33.33,71.47,0.6039982485211025,60.39982485211025,9
24402267,HR,0.18745456714748232,65.07,20.83,66.18,0.38110975538588293,38.11097553858829,431
32308556,HR,0.2315873320844073,64.07,12.5,59.04,0.318694121956297,31.8694121956297,726
27847081,HR,0.2598803544404993,90.92,25.0,61.52,0.43134699361417606,43.1346993614176,251
25150191,HR,0.1942302709796677,95.81,8.33,52.22,0.24658170339612123,24.658170339612123,1274
37058472,DESIGNER,0.22211427666403932,21.88,11.43,55.92,0.29554360289580206,29.554360289580206,861
68240723,DESIGNER,0.17413424404466799,24.12,11.43,56.37,0.2730983857622235,27.30983857622235,1049
76010167,DESIGNER,0.10906021649862285,8.25,8.57,49.47,0.1962840985171137,19.62840985171137,1756
19164410,DESIGNER,0.2117315617123655,18.94,14.29,57.07,0.31489041830846154,31.489041830846155,749
29147100,DESIGNER,0.18236745187071904,23.42,5.71,45.77,0.1996456813167251,19.96456813167251,1729
25061645,DESIGNER,0.24616053118211692,22.9,22.86,57.96,0.39685923659984534,39.68592365998453,368
11919526,DESIGNER,0.14281400595681915,23.42,20.0,58.97,0.32806283714401413,32.80628371440141,670
81011612,DESIGNER,0.031693946504572884,19.07,5.71,47.08,0.12880601067965272,12.880601067965273,2274
11722421,DESIGNER,0.23255081247888806,23.42,14.29,54.58,0.3167521549172635,31.675215491726348,741
13774329,DESIGNER,0.2086304213124771,12.48,8.57,53.6,0.26024702447364606,26.024702447364607,1163
35990852,DESIGNER,0.15835668470610864,61.48,17.14,56.91,0.3081720764073681,30.81720764073681,780
36269672,DESIGNER,0.03756973056780393,13.63,5.71,48.48,0.13654994459249037,13.654994459249037,2232
90066849,DESIGNER,0.087849835062852,14.01,14.29,47.1,0.21872367101528736,21.872367101528738,1542
27529455,DESIGNER,0.14619179354001668,17.59,8.57,52.7,0.22593811223520163,22.593811223520163,1462
85101052,DESIGNER,0.1365248085461045,15.23,5.71,50.29,0.1922410091566492,19.22410091566492,1806
22567495,DESIGNER,0.07551432566813589,14.01,14.29,54.87,0.239229448758712,23.9229448758712,1344
10751444,DESIGNER,0.22187272558699878,11.84,8.57,51.13,0.2583889455776079,25.83889455776079,1181
11807040,DESIGNER,0.08314702242430463,24.76,8.57,46.73,0.17392139094099132,17.392139094099132,1968
12415691,DESIGNER,0.06446874561297555,16.76,14.29,52.85,0.22677222687393994,22.677222687393993,1456
38565119,DESIGNER,0.2045135493002043,14.46,8.57,54.4,0.2609348981139223,26.093489811392228,1158
21705160,DESIGNER,0.06072391130949824,9.34,2.86,40.96,0.10179336575574127,10.179336575574126,2355
26496059,DESIGNER,0.2100488189173228,29.05,31.43,60.55,0.44939362202258315,44.939362202258316,196
29524570,DESIGNER,0.1196690503693797,20.35,14.29,56.65,0.26741735007260203,26.741735007260203,1097
15936656,DESIGNER,0.044836081247158675,19.9,14.29,55.17,0.22492019266562813,22.492019266562814,1470
13557622,DESIGNER,0.1521627322740528,15.87,2.86,41.89,0.15070536120197323,15.070536120197323,2159
41506705,DESIGNER,0.24227278790843426,13.56,8.57,54.66,0.28070706805312134,28.070706805312135,977
32954522,DESIGNER,0.09681768386441585,12.48,5.71,48.81,0.16730677396994154,16.730677396994153,2028
44185767,DESIGNER,0.17535274984901883,14.01,5.71,54.78,0.2270686426985973,22.706864269859732,1455
14014749,DESIGNER,0.10041237776605488,17.21,11.43,50.91,0.2174938892861507,21.749388928615073,1553
34349255,DESIGNER,0.23076640371992152,16.7,8.57,51.69,0.2647582013965581,26.47582013965581,1125
16288901,DESIGNER,0.151295466047302,16.51,2.86,51.0,0.18154532918712168,18.154532918712167,1905
25422388,DESIGNER,0.15721642690605972,32.18,14.29,51.49,0.26847734112158056,26.847734112158054,1089
22496394,DESIGNER,0.08095816409909876,6.72,5.71,54.11,0.17757131549476668,17.757131549476668,1938
38744475,DESIGNER,0.1522531973023041,16.25,17.14,61.61,0.32125490187814004,32.125490187814,707
67582956,DESIGNER,0.20980564657018594,14.01,2.86,48.06,0.20070773149799723,20.070773149799724,1723
26676567,DESIGNER,0.2206811781949417,37.3,17.14,56.31,0.3372745909169752,33.72745909169752,617
14724186,DESIGNER,0.14831312864590465,24.76,11.43,49.76,0.23749644460935743,23.74964446093574,1359
10748989,DESIGNER,0.42416911408597835,30.13,2.86,54.24,0.32910470727443103,32.910470727443105,660
26924514,DESIGNER,0.11737376112615588,17.59,2.86,53.23,0.17223981486592382,17.223981486592383,1986
12674307,DESIGNER,0.08657015258556236,18.04,14.29,54.59,0.24379615384118083,24.379615384118082,1302
23951429,DESIGNER,0.09756709896460478,17.02,0.0,51.89,0.13714606235562887,13.714606235562886,2228
26046064,DESIGNER,0.27854071425494864,29.24,17.14,60.65,0.3811030887787672,38.11030887787672,432
28326441,DESIGNER,0.23232708988638848,20.28,2.86,48.12,0.21217442637957942,21.21744263795794,1603
78149576,DESIGNER,0.09989375822338259,5.18,5.71,44.0,0.15233262440036893,15.233262440036894,2143
17555081,DESIGNER,0.07860308311396257,17.15,14.29,59.67,0.2572516853601011,25.725168536010113,1189
39776400,DESIGNER,0.2596653593479517,12.73,5.71,48.78,0.248627625099969,24.862762509996898,1258
37263609,DESIGNER,0.3846887526973864,18.94,11.43,53.39,0.36814563665569566,36.814563665569565,479
13518263,DESIGNER,0.2484025015982014,16.57,11.43,59.05,0.3194326518544725,31.94326518544725,720
11155153,DESIGNER,0.20650485450630762,12.67,8.57,51.62,0.25238712469569,25.238712469569002,1225
54201930,DESIGNER,0.21472871284667291,23.42,14.29,56.79,0.31542778549937084,31.542778549937083,746
10466583,DESIGNER,0.048330709668956195,18.3,0.0,47.7,0.09814407093471841,9.814407093471841,2363
26790545,DESIGNER,0.2917910266538249,51.18,28.57,61.88,0.4742401129062169,47.42401129062169,136
11958994,DESIGNER,0.05435534107517967,7.04,2.86,47.5,0.12106016199800525,12.106016199800525,2304
30968749,DESIGNER,0.2065260687334801,21.63,11.43,55.03,0.2846942294488884,28.46942294488884,949
20932019,DESIGNER,0.19766425990568123,17.59,5.71,51.18,0.22586600431807163,22.586600431807163,1463
51681660,DESIGNER,0.018353193029372796,28.34,14.29,56.0,0.2145280448148883,21.45280448148883,1583
34657584,DESIGNER,0.02863971347707206,20.28,5.71,51.21,0.14145671771550752,14.145671771550752,2207
15471999,DESIGNER,0.037702086913105816,6.53,8.57,50.82,0.1652394312526765,16.52394312526765,2038
18979238,DESIGNER,0.10761651919348153,9.21,8.57,53.69,0.2100490332493697,21.00490332493697,1626
26622051,DESIGNER,0.11633607597334848,11.64,5.71,50.35,0.18235261609375214,18.235261609375215,1897
22675694,DESIGNER,0.1959617601959644,17.21,8.57,48.48,0.23633631217834886,23.633631217834886,1368
25023614,DESIGNER,0.3124227691471556,11.32,8.57,52.94,0.3098774929326949,30.98774929326949,770
20390397,DESIGNER,0.10516867967176764,15.87,5.71,49.58,0.17412559490828958,17.412559490828958,1966
17199951,DESIGNER,0.20474035716734088,16.25,11.43,54.52,0.2820506012662307,28.20506012662307,966
14743911,DESIGNER,0.07820474504354794,14.01,8.57,58.41,0.21154637308823737,21.154637308823737,1610
24455357,DESIGNER,0.15932132704505234,10.75,8.57,52.33,0.2312327107762536,23.12327107762536,1412
91153752,DESIGNER,0.4200623253417003,61.48,17.14,60.43,0.45110865916937953,45.110865916937954,192
14528265,DESIGNER,0.09272043258335133,14.72,2.86,50.45,0.15036972457323766,15.036972457323767,2162
18460045,DESIGNER,0.3043220552172907,14.2,8.57,48.71,0.29130602371235564,29.130602371235565,894
20986595,DESIGNER,0.04966593479998782,20.28,8.57,53.6,0.18076478121740142,18.07647812174014,1912
20748926,DESIGNER,0.029122264310610598,7.87,5.71,49.55,0.13599940061597057,13.599940061597056,2235
32532982,DESIGNER,0.09145908815158409,12.28,5.71,50.6,0.17077234394737392,17.077234394737392,2001
34317538,DESIGNER,0.3450462021885725,53.87,20.0,57.49,0.4240982624140274,42.40982624140274,269
19195747,DESIGNER,0.26243678666748094,20.09,17.14,56.28,0.35804940854150435,35.80494085415044,519
12547982,DESIGNER,0.1764384275055703,14.01,2.86,50.64,0.19288097057537013,19.288097057537012,1797
94417768,DESIGNER,0.2021481272947752,12.28,2.86,50.33,0.2046716254819877,20.46716254819877,1677
24655918,DESIGNER,0.2044617411054701,18.75,14.29,54.57,0.3026732903599744,30.26732903599744,817
27497542,DESIGNER,0.08683752674645515,14.01,17.14,57.4,0.2740946120859691,27.40946120859691,1044
62312955,DESIGNER,0.25243102355229796,19.0,8.57,49.15,0.2668709781853862,26.687097818538618,1101
22506245,DESIGNER,0.11498827680622174,25.02,5.71,44.86,0.1628321665616821,16.283216656168207,2047
28663949,DESIGNER,0.2263406093348536,14.72,5.71,53.24,0.24727592637217033,24.727592637217032,1267
39434376,DESIGNER,0.03875839776133145,18.75,0.0,33.33,0.04402732795721911,4.402732795721911,2384
13998435,DESIGNER,0.29839592778178897,27.45,17.14,58.11,0.3823111624148272,38.231116241482724,422
30965258,DESIGNER,0.11859335104652724,17.21,17.14,56.72,0.28763816103655443,28.763816103655444,924
18835363,DESIGNER,0.09352851239608148,22.07,14.29,59.36,0.2636502050131757,26.36502050131757,1137
26503829,DESIGNER,0.2398224526845633,14.72,2.86,53.55,0.23456268450369258,23.456268450369258,1384
18198627,DESIGNER,0.14864535277837335,32.82,17.14,52.14,0.2869415391767651,28.694153917676513,927
39252859,DESIGNER,0.27040204747458996,23.42,14.29,55.35,0.3383210954497866,33.832109544978664,607
34051710,DESIGNER,0.17876058256386432,30.39,17.14,56.06,0.31545607133693254,31.545607133693252,745
37664296,DESIGNER,0.37207493235720873,69.55,20.0,65.57,0.4653503549271132,46.535035492711316,163
21916744,DESIGNER,0.11213244649579686,33.72,22.86,59.27,0.334342276302686,33.434227630268595,635
15425154,DESIGNER,0.20285126942349221,21.63,11.43,54.14,0.2798015603122604,27.980156031226038,982
24285142,DESIGNER,0.13420241139495404,25.21,8.57,52.9,0.22062999857427346,22.062999857427346,1510
24583187,DESIGNER,0.26272706710193877,20.28,14.29,54.5,0.3315656512641476,33.15656512641476,651
29865476,DESIGNER,0.05423788973338664,16.51,8.57,54.29,0.18541945075413171,18.54194507541317,1873
25949631,DESIGNER,0.058902089524999854,14.01,8.57,52.64,0.18208728700421228,18.20872870042123,1900
21283733,DESIGNER,0.2213312094413837,33.72,17.14,53.55,0.32812483826007255,32.81248382600725,669
51018476,DESIGNER,0.07042527275592664,12.48,0.0,43.78,0.09573443521078173,9.573443521078174,2367
13014900,DESIGNER,0.19566465339259784,66.86,14.29,54.84,0.2992016260092025,29.920162600920253,834
44145704,DESIGNER,0.22892967995968097,20.09,8.57,55.28,0.2761639040547145,27.616390405471453,1018
18795567,DESIGNER,0.43445155810579134,52.98,22.86,62.03,0.5049766003878068,50.49766003878068,89
42384185,DESIGNER,0.10988351570601212,26.55,14.29,56.31,0.2613574011411929,26.135740114119287,1155
26942552,DESIGNER,0.10806204825284313,12.67,8.57,56.49,0.21988388154149469,21.98838815414947,1528
67645662,DESIGNER,0.07567306781165804,11.13,17.14,54.01,0.256874895491897,25.687489549189703,1193
34511655,DESIGNER,0.14050342501315535,47.6,25.71,59.75,0.3706939098805303,37.06939098805303,469
37695494,DESIGNER,0.09374274144350446,8.57,11.43,52.43,0.2193770594530595,21.93770594530595,1535
93301686,DESIGNER,0.05044261535313851,14.01,8.57,50.82,0.17160969547269284,17.160969547269282,1993
36856210,INFORMATION-TECHNOLOGY,0.18960769459553622,62.82,8.7,53.24,0.25043574690027987,25.043574690027988,1238
21780877,INFORMATION-TECHNOLOGY,0.18419705064626887,78.55,26.09,62.77,0.40564382274980376,40.564382274980375,332
33241454,INFORMATION-TECHNOLOGY,0.11573553071589432,67.82,13.04,57.9,0.26074241901078365,26.074241901078366,1159
25990239,INFORMATION-TECHNOLOGY,0.11846046719767166,41.37,17.39,51.78,0.2724131130570477,27.24131130570477,1054
16899268,INFORMATION-TECHNOLOGY,0.1310679686920871,32.79,8.7,50.0,0.2100433298805841,21.00433298805841,1627
91635250,INFORMATION-TECHNOLOGY,0.22427936543943874,75.69,8.7,57.51,0.2824300100599585,28.24300100599585,961
19796840,INFORMATION-TECHNOLOGY,0.2628105777979511,72.83,17.39,51.77,0.3445538394866072,34.455383948660725,579
15651486,INFORMATION-TECHNOLOGY,0.14980453442006197,80.69,21.74,52.62,0.32228626639740804,32.2286266397408,701
52246737,INFORMATION-TECHNOLOGY,0.29926272483712485,78.55,8.7,51.27,0.2985004745167831,29.850047451678307,838
12045067,INFORMATION-TECHNOLOGY,0.16235666928549816,62.1,17.39,55.11,0.3057927280041535,30.579272800415353,793
13836471,INFORMATION-TECHNOLOGY,0.10914183135638694,78.55,4.35,51.03,0.17129864028205832,17.129864028205834,1997
14789139,INFORMATION-TECHNOLOGY,0.14365665590958693,67.82,21.74,55.13,0.3278288736577902,32.78288736577902,672
36434348,INFORMATION-TECHNOLOGY,0.20352822850307806,57.81,17.39,57.55,0.334754752034502,33.4754752034502,629
27536013,INFORMATION-TECHNOLOGY,0.21625501240605793,57.81,17.39,63.7,0.36223039939278906,36.223039939278905,498
18301617,INFORMATION-TECHNOLOGY,0.24649372141897333,84.98,17.39,57.11,0.35472702818692264,35.47270281869226,536
24913648,INFORMATION-TECHNOLOGY,0.2493075528152218,77.12,13.04,57.77,0.32708215474290536,32.70821547429053,679
26801767,INFORMATION-TECHNOLOGY,0.19560431122892571,77.83,17.39,66.91,0.3629246162604536,36.29246162604536,497
27372171,INFORMATION-TECHNOLOGY,0.24221626782257116,83.55,8.7,50.8,0.2683637890922388,26.83637890922388,1090
91697974,INFORMATION-TECHNOLOGY,0.16514193943250782,30.03,13.04,54.62,0.2741857538187986,27.41857538187986,1043
28672970,INFORMATION-TECHNOLOGY,0.2964345041071359,79.98,8.7,58.67,0.3224897283811054,32.24897283811054,698
66832845,INFORMATION-TECHNOLOGY,0.14199684836174858,65.68,8.7,52.23,0.22316310785479007,22.316310785479008,1487
25207620,INFORMATION-TECHNOLOGY,0.2128275629865466,41.37,8.7,48.69,0.24642604498181314,24.642604498181313,1276
41344156,INFORMATION-TECHNOLOGY,0.22518235887183125,92.13,26.09,64.72,0.4328306066257158,43.28306066257158,244
68460556,INFORMATION-TECHNOLOGY,0.06390450622747515,19.31,8.7,44.66,0.15812998175847381,15.812998175847381,2093
10247517,INFORMATION-TECHNOLOGY,0.2107720466305333,87.84,17.39,52.03,0.31942712453798244,31.942712453798244,721
25959103,INFORMATION-TECHNOLOGY,0.23958421708877786,82.84,17.39,66.01,0.38182497083816547,38.18249708381655,425
13385306,INFORMATION-TECHNOLOGY,0.15877123978542823,47.09,21.74,59.48,0.3503192242980795,35.03192242980795,554
38753827,INFORMATION-TECHNOLOGY,0.3395190444537446,90.7,30.43,69.06,0.5361431796084322,53.614317960843216,55
17681064,INFORMATION-TECHNOLOGY,0.27832180527862854,63.53,26.09,61.59,0.44865539333752497,44.865539333752494,197
25905275,INFORMATION-TECHNOLOGY,0.16496067503056167,44.94,17.39,60.76,0.3264905427544745,32.64905427544745,680
11580408,INFORMATION-TECHNOLOGY,0.18116550215550126,83.55,8.7,47.68,0.22712779863769456,22.712779863769455,1454
19201175,INFORMATION-TECHNOLOGY,0.13369295316094465,30.75,17.39,59.58,0.3068058750912073,30.680587509120734,789
12635195,INFORMATION-TECHNOLOGY,0.11896051785806089,36.47,17.39,57.59,0.29260821219431404,29.260821219431403,883
32959732,INFORMATION-TECHNOLOGY,0.2587236689931172,85.7,21.74,58.31,0.39627896104404553,39.627896104404556,371
17688766,INFORMATION-TECHNOLOGY,0.1843145702028479,87.13,21.74,52.44,0.33892336461835815,33.89233646183582,600
20024870,INFORMATION-TECHNOLOGY,0.0956798980837333,27.07,13.04,55.36,0.24199506956734307,24.199506956734307,1312
22450718,INFORMATION-TECHNOLOGY,0.22222156355560466,83.55,4.35,51.45,0.22928031894603385,22.928031894603386,1429
46260230,INFORMATION-TECHNOLOGY,0.24349618499065637,82.12,21.74,59.19,0.391686159653869,39.1686159653869,389
10839851,INFORMATION-TECHNOLOGY,0.14457022775176037,45.66,17.39,56.96,0.30325034829461384,30.325034829461384,812
18752129,INFORMATION-TECHNOLOGY,0.04260277501465842,28.5,8.7,50.22,0.16656596819463323,16.656596819463324,2030
37764298,INFORMATION-TECHNOLOGY,0.07406811829786646,57.81,8.7,49.79,0.18082249840129044,18.082249840129045,1911
90867631,INFORMATION-TECHNOLOGY,0.21740477502702948,74.26,17.39,57.81,0.3425855759315618,34.25855759315618,592
17641670,INFORMATION-TECHNOLOGY,0.26131259275461205,84.27,26.09,52.94,0.4104563140236801,41.04563140236801,312
24889109,INFORMATION-TECHNOLOGY,0.18143758232826865,64.35,4.35,47.41,0.19501946461798203,19.5019464617982,1769
24083609,INFORMATION-TECHNOLOGY,0.16323763887658477,42.9,0.0,51.85,0.16984401682929823,16.98440168292982,2008
24038620,INFORMATION-TECHNOLOGY,0.2291760226527674,83.55,17.39,61.67,0.3617221437883717,36.17221437883717,502
29051656,INFORMATION-TECHNOLOGY,0.13263590532871655,84.98,17.39,54.18,0.287739761061808,28.773976106180797,922
20237244,INFORMATION-TECHNOLOGY,0.15128206516025203,55.77,8.7,58.33,0.24874632730793814,24.874632730793813,1254
20001721,INFORMATION-TECHNOLOGY,0.14289925151781452,21.96,17.39,53.23,0.289610191451242,28.9610191451242,911
92069209,INFORMATION-TECHNOLOGY,0.1981675126046136,67.11,13.04,55.81,0.2947836760038903,29.47836760038903,863
13405733,INFORMATION-TECHNOLOGY,0.24475592588826192,59.96,13.04,57.25,0.3230212400092572,32.30212400092572,693
28697203,INFORMATION-TECHNOLOGY,0.14198891621174803,30.64,17.39,49.05,0.27480555589570277,27.480555589570276,1032
28035460,INFORMATION-TECHNOLOGY,0.18842261697040333,61.39,13.04,56.4,0.29193663155101446,29.193663155101447,888
21283365,INFORMATION-TECHNOLOGY,0.27747882278559566,75.69,26.09,64.35,0.4577086703711321,45.77086703711321,174
17987433,INFORMATION-TECHNOLOGY,0.05051393435965058,9.19,8.7,48.62,0.16502892857430407,16.502892857430407,2040
10553553,INFORMATION-TECHNOLOGY,0.20827087442570794,94.99,8.7,59.75,0.2821154315630485,28.211543156304852,964
15118506,INFORMATION-TECHNOLOGY,0.20075407358890884,80.69,21.74,57.11,0.36317469887232234,36.317469887232235,495
18176523,INFORMATION-TECHNOLOGY,0.28069451778624704,85.7,13.04,56.15,0.3372143601944324,33.72143601944324,619
24020470,INFORMATION-TECHNOLOGY,0.1892525794500283,86.41,8.7,50.16,0.23968489718883723,23.968489718883724,1337
70089206,INFORMATION-TECHNOLOGY,0.12629087242396575,48.52,17.39,53.66,0.2827821433392644,28.27821433392644,959
27770859,INFORMATION-TECHNOLOGY,0.18129205899259584,82.84,4.35,41.81,0.1757225354252572,17.572253542525722,1953
57002858,INFORMATION-TECHNOLOGY,0.19864270984626875,77.12,4.35,50.7,0.21491622679785405,21.491622679785404,1578
13477922,INFORMATION-TECHNOLOGY,0.15284182727563775,58.53,0.0,53.25,0.16945215291004684,16.945215291004683,2014
28126340,INFORMATION-TECHNOLOGY,0.193761309499029,72.11,21.74,57.41,0.3607081829447872,36.07081829447872,508
37242217,INFORMATION-TECHNOLOGY,0.2562831565069621,78.55,17.39,49.26,0.3326735823254931,33.26735823254931,645
10089434,INFORMATION-TECHNOLOGY,0.23157308471038854,91.42,17.39,53.45,0.33470234320029246,33.47023432002925,630
11957080,INFORMATION-TECHNOLOGY,0.18203890390122482,66.39,13.04,52.77,0.2762833949958279,27.628339499582786,1016
35325329,INFORMATION-TECHNOLOGY,0.15602937696714092,62.1,26.09,57.88,0.3747731681965426,37.47731681965426,457
10840430,INFORMATION-TECHNOLOGY,0.2270149646416382,74.26,21.74,54.99,0.3690274238356936,36.90274238356936,478
64017585,INFORMATION-TECHNOLOGY,0.14355641473549016,70.68,13.04,60.14,0.28234252803053694,28.234252803053693,962
19850482,INFORMATION-TECHNOLOGY,0.24807323185523172,76.4,13.04,47.28,0.29045400902432467,29.045400902432466,901
52618188,INFORMATION-TECHNOLOGY,0.1727238835433421,38.51,21.74,51.68,0.33051902712451325,33.05190271245132,657
28897981,INFORMATION-TECHNOLOGY,0.15465006824329405,69.25,8.7,51.86,0.22821954958409696,22.821954958409695,1439
51639418,INFORMATION-TECHNOLOGY,0.2098506323422824,76.4,17.39,56.22,0.33335021416694316,33.33502141669432,641
20674668,INFORMATION-TECHNOLOGY,0.15049936692431634,34.22,26.09,57.97,0.3723171230103517,37.23171230103517,464
23527321,INFORMATION-TECHNOLOGY,0.14775759054057278,40.65,26.09,62.03,0.38488375627402405,38.488375627402405,410
18159866,INFORMATION-TECHNOLOGY,0.2943372605083773,81.41,26.09,70.0,0.48553370111031213,48.553370111031214,117
22776912,INFORMATION-TECHNOLOGY,0.25969097240848343,96.42,26.09,61.93,0.44050715850217775,44.05071585021778,220
23864648,INFORMATION-TECHNOLOGY,0.288553624073117,90.7,26.09,64.06,0.46225053376806824,46.22505337680683,169
18187364,INFORMATION-TECHNOLOGY,0.19581826444809086,81.41,21.74,61.86,0.37701300782748837,37.70130078274884,444
83816738,INFORMATION-TECHNOLOGY,0.13801992288837678,40.65,13.04,49.47,0.24294537719795178,24.29453771979518,1308
20824105,INFORMATION-TECHNOLOGY,0.1672547572910486,57.51,8.7,47.78,0.2205157149112698,22.051571491126982,1513
33381211,INFORMATION-TECHNOLOGY,0.16692218858893873,74.97,8.7,57.69,0.2543693413051513,25.436934130515134,1218
16533554,INFORMATION-TECHNOLOGY,0.2520313191711283,89.27,17.39,48.37,0.3274923941759421,32.74923941759421,677
20879311,INFORMATION-TECHNOLOGY,0.30589027765772925,84.98,39.13,59.73,0.5499349491600011,54.99349491600011,36
31111279,INFORMATION-TECHNOLOGY,0.22883570978684212,54.95,30.43,63.44,0.4615086870089321,46.15086870089321,170
17111768,INFORMATION-TECHNOLOGY,0.25719480988276855,90.7,21.74,58.09,0.3947592963361077,39.47592963361077,380
11584809,INFORMATION-TECHNOLOGY,0.3105346627694987,69.97,26.09,56.16,0.44612124535793424,44.61212453579343,205
20408458,INFORMATION-TECHNOLOGY,0.1293254502918975,65.07,4.35,45.17,0.1612737315898411,16.12737315898411,2059
91121135,INFORMATION-TECHNOLOGY,0.0763072565678897,29.21,4.35,51.58,0.15676944076971838,15.676944076971838,2104
24230851,INFORMATION-TECHNOLOGY,0.0779632759484555,21.45,13.04,53.06,0.22524111826626786,22.524111826626786,1466
40018190,INFORMATION-TECHNOLOGY,0.17300943034532731,44.33,13.04,57.91,0.28941369769608033,28.941369769608034,912
16186411,INFORMATION-TECHNOLOGY,0.07539681823512877,37.79,13.04,53.35,0.22495342665642903,22.4953426656429,1469
29975124,INFORMATION-TECHNOLOGY,0.15067846605731003,70.68,17.39,52.21,0.28999825392181366,28.999825392181368,906
26746496,INFORMATION-TECHNOLOGY,0.07712838657489861,25.54,13.04,52.89,0.2242400827796267,22.42400827796267,1480
89413122,INFORMATION-TECHNOLOGY,0.15174279154996512,34.93,8.7,56.27,0.24190494316328215,24.190494316328216,1315
12334140,INFORMATION-TECHNOLOGY,0.06462715735408722,4.9,4.35,51.73,0.15144432422151952,15.14443242215195,2152
10641230,INFORMATION-TECHNOLOGY,0.16521421415423562,72.83,17.39,47.52,0.2811658876681824,28.11658876681824,972
10265057,INFORMATION-TECHNOLOGY,0.09375889487105865,37.79,0.0,46.9,0.118111853889357,11.8111853889357,2317
30223363,INFORMATION-TECHNOLOGY,0.12859931469131336,36.36,21.74,50.84,0.3055731175697657,30.557311756976567,794
15791766,INFORMATION-TECHNOLOGY,0.19005088869559444,72.11,8.7,52.4,0.2477737188215757,24.77737188215757,1264
29075857,INFORMATION-TECHNOLOGY,0.15214322865740312,42.8,26.09,54.16,0.3600597541858549,36.00597541858549,511
12763627,INFORMATION-TECHNOLOGY,0.08430079578006244,30.75,13.04,53.44,0.2297143752641173,22.97143752641173,1426
39718499,INFORMATION-TECHNOLOGY,0.0903029258065095,10.42,8.7,49.23,0.18701748540312313,18.701748540312312,1850
27058381,INFORMATION-TECHNOLOGY,0.1593849143262313,74.26,8.7,55.97,0.2446961384340105,24.46961384340105,1296
25857360,INFORMATION-TECHNOLOGY,0.0762753002793108,32.07,4.35,53.09,0.1619371220830328,16.19371220830328,2051
26768723,INFORMATION-TECHNOLOGY,0.10722766645123674,22.68,13.04,53.35,0.24086885076448306,24.086885076448304,1324
31243710,INFORMATION-TECHNOLOGY,0.16234516637979607,90.7,8.7,44.52,0.20686970764651208,20.686970764651207,1655
15297298,INFORMATION-TECHNOLOGY,0.23423359939759836,74.26,26.09,55.73,0.4064945722370373,40.64945722370373,327
27295996,INFORMATION-TECHNOLOGY,0.3190050578192934,94.99,4.35,53.37,0.2842632092292685,28.426320922926852,952
39413067,INFORMATION-TECHNOLOGY,0.2535738357053992,73.54,17.39,56.87,0.3574431924362118,35.74431924362118,523
48037995,INFORMATION-TECHNOLOGY,0.09421162868118341,22.88,13.04,51.4,0.22766670211632556,22.766670211632555,1446
15802627,INFORMATION-TECHNOLOGY,0.2601571570235863,79.26,17.39,66.67,0.3943771462638601,39.43771462638601,381
51363762,INFORMATION-TECHNOLOGY,0.22329740879402693,72.83,21.74,59.52,0.38271962428469947,38.27196242846995,420
18067556,INFORMATION-TECHNOLOGY,0.2056108788442304,97.85,26.09,56.84,0.3959937165947509,39.59937165947509,373
27485716,INFORMATION-TECHNOLOGY,0.32052418866004795,78.55,21.74,62.75,0.44242123941510103,44.2421239415101,215
26480367,INFORMATION-TECHNOLOGY,0.1697665682999042,72.83,13.04,57.31,0.2857325344385593,28.57325344385593,940
81761658,INFORMATION-TECHNOLOGY,0.2652988764837917,82.84,13.04,58.54,0.33772113961186245,33.77211396118624,612
79541391,INFORMATION-TECHNOLOGY,0.09586052792010963,54.95,13.04,56.22,0.24503766735542482,24.50376673554248,1293
23666211,INFORMATION-TECHNOLOGY,0.12850150369269422,37.08,17.39,55.33,0.289620380360515,28.962038036051503,910
12467531,TEACHER,0.3436557664436661,46.86,12.5,57.73,0.37023125708992566,37.023125708992566,471
19918523,TEACHER,0.16955815292054463,37.91,12.5,50.0,0.2566462333699029,25.66462333699029,1196
62184086,TEACHER,0.18141317627359888,37.2,15.62,62.67,0.32853062709524816,32.853062709524814,665
28063132,TEACHER,0.09313301166789041,9.57,9.38,46.32,0.18333843534631955,18.333843534631956,1890
29797594,TEACHER,0.2741072444340988,64.04,18.75,65.35,0.4066119957551993,40.66119957551993,326
22408666,TEACHER,0.2925869989812878,35.52,12.5,57.36,0.3434267051472707,34.34267051472707,587
13087952,TEACHER,0.11450985871210308,23.65,3.12,46.41,0.14926742417520958,14.926742417520957,2170
15850434,TEACHER,0.29187046663689054,61.56,15.62,60.65,0.3768248404197021,37.68248404197021,445
28772892,TEACHER,0.3078894697136089,62.18,12.5,59.02,0.35677653302973744,35.677653302973745,525
33704389,TEACHER,0.33004524498498966,52.79,15.62,58.97,0.3901449793362851,39.01449793362851,393
16210888,TEACHER,0.23328870218006484,89.46,28.12,68.06,0.4629644518671402,46.29644518671402,168
38750659,TEACHER,0.13218496567668722,31.71,6.25,51.15,0.19691105957671534,19.691105957671535,1748
90363254,TEACHER,0.3142225754064774,55.0,12.5,59.64,0.3620714758521415,36.20714758521415,500
66906212,TEACHER,0.33219217398650386,62.71,21.88,64.16,0.4541035221965819,45.41035221965819,185
34745915,TEACHER,0.14188008441236638,30.38,3.12,41.22,0.14513585319423927,14.513585319423928,2188
34689720,TEACHER,0.11829751615385951,36.14,15.62,62.03,0.2947757493182484,29.47757493182484,864
48547319,TEACHER,0.09425795522187734,29.58,18.75,58.03,0.291558617884413,29.1558617884413,890
19464810,TEACHER,0.14255195553600813,46.32,3.12,52.95,0.18573955394658537,18.573955394658537,1867
28086303,TEACHER,0.32368264280272363,70.5,25.0,59.8,0.457343572055501,45.734357205550104,175
13855004,TEACHER,0.28258537935702943,78.92,12.5,56.21,0.3344780752184233,33.447807521842336,633
35421497,TEACHER,0.2798563247868084,38.8,25.0,62.36,0.4442186039160639,44.42186039160639,211
69005326,TEACHER,0.08060639402166192,23.29,3.12,49.22,0.14196210446301336,14.196210446301336,2204
18001081,TEACHER,0.31407202364152775,54.38,28.12,65.6,0.49491121043515285,49.491121043515285,102
14958913,TEACHER,0.07004114417330705,23.74,9.38,46.53,0.1725134078812112,17.25134078812112,1983
13296856,TEACHER,0.19411339294087723,44.82,9.38,62.88,0.2906772356635545,29.067723566355454,899
63391085,TEACHER,0.2575748327015303,43.14,9.38,47.91,0.2710176362853846,27.10176362853846,1072
23939133,TEACHER,0.1212053162135749,41.63,0.0,49.54,0.14089788639377682,14.089788639377682,2211
96547039,TEACHER,0.11078144840141663,50.4,12.5,59.14,0.2586344688206032,25.86344688206032,1179
22807104,TEACHER,0.1427758972676043,28.61,6.25,49.2,0.19551239560904315,19.551239560904314,1765
23628651,TEACHER,0.1172475856906929,54.12,9.38,52.24,0.2157184137411743,21.57184137411743,1571
29486525,TEACHER,0.36825290526245813,54.92,12.5,57.97,0.3833537193932455,38.335371939324546,417
22510753,TEACHER,0.123903229327698,30.12,6.25,48.11,0.18233421474585276,18.233421474585278,1898
21773106,TEACHER,0.26844352505432906,36.94,9.38,57.19,0.3083091743601705,30.830917436017053,776
34465087,TEACHER,0.09416280992888754,50.4,9.38,53.19,0.20743726856538658,20.743726856538657,1652
24791126,TEACHER,0.054249721684664715,19.4,6.25,49.43,0.15203887184091697,15.203887184091696,2145
15899269,TEACHER,0.12159883487036967,10.81,12.5,48.8,0.22854710987519644,22.854710987519645,1434
37402097,TEACHER,0.07999692616031578,8.77,3.12,46.12,0.13101542065249136,13.101542065249136,2261
36206485,TEACHER,0.38376925866211054,60.94,21.88,64.22,0.48009803775786614,48.009803775786615,127
36569713,TEACHER,0.2381700517555376,63.68,3.12,44.07,0.2030645649811699,20.30645649811699,1694
28013287,TEACHER,0.19790446954435478,44.46,12.5,50.05,0.27099103603470875,27.099103603470876,1073
29267293,TEACHER,0.17541794032382246,56.6,9.38,51.12,0.24095875755276136,24.095875755276136,1322
45286020,TEACHER,0.29136633834798253,72.36,25.0,64.2,0.4562901228834,45.62901228834,179
13330982,TEACHER,0.2292002748297016,24.53,15.62,56.43,0.33100296113128097,33.100296113128095,655
22551979,TEACHER,0.30380043975846877,51.82,12.5,59.44,0.356173830616534,35.6173830616534,530
29639533,TEACHER,0.24446108008264184,64.66,28.12,65.34,0.4592131880206257,45.92131880206257,171
49285644,TEACHER,0.189652674597082,46.86,9.38,55.22,0.2621509616272559,26.215096162725587,1149
16270906,TEACHER,0.07386088108906455,16.21,9.38,49.95,0.18616375007750396,18.616375007750396,1861
27531694,TEACHER,0.21354032144874785,41.54,18.75,59.16,0.35507896337340605,35.507896337340604,535
74816727,TEACHER,0.15609522765317072,43.22,6.25,35.59,0.1554504679422314,15.545046794223142,2116
23398843,TEACHER,0.08183533954834771,47.3,6.25,51.91,0.1743452406766376,17.43452406766376,1963
31552617,TEACHER,0.16384044834828423,53.68,9.38,52.36,0.23942679151693186,23.942679151693184,1342
19556300,TEACHER,0.20557416736150275,56.6,3.12,45.45,0.19150400692421427,19.150400692421428,1820
66683238,TEACHER,0.21956370833755726,59.7,3.12,41.25,0.1840806517685752,18.40806517685752,1885
17311685,TEACHER,0.17686623173821664,40.66,9.38,56.9,0.26152499045528976,26.152499045528977,1154
17481570,TEACHER,0.25818924735672405,47.21,18.75,67.73,0.4068232684145895,40.68232684145895,325
22884757,TEACHER,0.18280166677577572,49.07,9.38,59.76,0.27431076495999446,27.431076495999445,1041
58708773,TEACHER,0.06102885967674829,8.5,3.12,36.36,0.08802640972447348,8.802640972447348,2370
10527994,TEACHER,0.12637497305350615,22.05,9.38,47.69,0.20466247130860907,20.466247130860907,1678
69532425,TEACHER,0.10159542122627913,44.02,9.38,57.22,0.22498810905788605,22.498810905788606,1468
20399718,TEACHER,0.31059257450478495,59.61,12.5,66.8,0.3848359467366883,38.48359467366883,411
19302310,TEACHER,0.22386260370682168,50.4,9.38,53.3,0.2726647830307354,27.266478303073537,1052
51209395,TEACHER,0.08153393647018733,8.24,3.12,39.64,0.10953881767148482,10.953881767148482,2339
22632070,TEACHER,0.308859017200719,51.64,28.12,67.47,0.49872420601323797,49.872420601323796,96
22056333,TEACHER,0.1092243769913461,40.48,3.12,44.14,0.13883202969313527,13.883202969313526,2220
11336022,TEACHER,0.09404868789706967,31.8,6.25,39.95,0.13939458563712973,13.939458563712973,2216
11616482,TEACHER,0.12418621089253419,29.5,6.25,55.14,0.20660890154612188,20.66089015461219,1657
34033933,TEACHER,0.12409023318258508,23.74,3.12,46.83,0.15549942397481722,15.549942397481722,2115
21531811,TEACHER,0.10512759032718244,17.71,9.38,49.11,0.19891347956782962,19.891347956782962,1736
20626794,TEACHER,0.08809049156392271,20.9,15.62,59.52,0.2710556905076603,27.105569050766032,1071
58665241,TEACHER,0.2740370226902659,67.14,21.88,62.9,0.42070050885536303,42.070050885536304,279
37660306,TEACHER,0.11377301421487931,30.12,15.62,53.43,0.26299066964982243,26.29906696498224,1142
13583538,TEACHER,0.046833163303454974,20.55,6.25,50.75,0.15286200356689295,15.286200356689294,2134
20230207,TEACHER,0.20868373535817752,33.22,18.75,59.66,0.3543671138571288,35.43671138571288,539
28642819,TEACHER,0.3089053634485479,57.75,18.75,60.65,0.40787648608974963,40.78764860897496,318
16820422,TEACHER,0.18514586890117973,19.31,9.38,51.78,0.24808842729973046,24.808842729973048,1262
29930479,TEACHER,0.14100168258680262,45.62,15.62,60.38,0.3004635688889939,30.04635688889939,831
25588694,TEACHER,0.1218196042972098,47.83,9.38,49.0,0.2068818689764616,20.688186897646162,1654
86597425,TEACHER,0.2856094602733384,49.42,0.0,50.46,0.2262582145170331,22.62582145170331,1459
10909720,TEACHER,0.26654479148874854,41.28,18.75,63.93,0.39795606966014174,39.79560696601418,358
28933005,TEACHER,0.4254386301300232,49.96,18.75,64.41,0.4790507747686267,47.905077476862665,128
53129155,TEACHER,0.13381939511830848,40.39,9.38,58.28,0.2447389562853975,24.47389562853975,1295
11943065,TEACHER,0.3145631307481112,48.72,21.88,59.2,0.42826188076962723,42.82618807696272,259
45987048,TEACHER,0.30312100667368747,53.06,12.5,55.96,0.34388766711224844,34.38876671122485,582
99244405,TEACHER,0.18674792776823523,47.56,18.75,59.75,0.3437081698973791,34.37081698973791,585
32067700,TEACHER,0.14794301614085378,20.81,3.12,48.16,0.17199155524111256,17.199155524111255,1988
27126818,TEACHER,0.3443760839855279,59.7,34.38,71.05,0.5738408696017767,57.38408696017767,21
19786924,TEACHER,0.18646882436100853,54.92,15.62,56.39,0.3094999204146138,30.949992041461382,772
70892619,TEACHER,0.24065649745839052,37.64,6.25,52.75,0.2566394447603923,25.66394447603923,1197
25729119,TEACHER,0.2235795942578425,50.58,0.0,46.14,0.1804132094186569,18.041320941865692,1915
58105060,TEACHER,0.2747093644716962,69.53,9.38,56.14,0.30783756265793755,30.783756265793755,784
12587973,TEACHER,0.07666238199727705,29.32,12.5,53.22,0.22125224423507994,22.125224423507994,1504
21611212,TEACHER,0.11513122048122948,31.44,3.12,52.02,0.16883660145524138,16.88366014552414,2019
21550454,TEACHER,0.21213118229215266,55.98,21.88,64.38,0.39482826150216976,39.48282615021698,378
86322251,TEACHER,0.3318807448342037,60.32,15.62,65.27,0.41268991772639163,41.26899177263916,306
22968380,TEACHER,0.2961361098388817,64.66,15.62,54.61,0.3582230241902823,35.822302419028226,518
10504237,TEACHER,0.18727789247224494,52.52,12.5,54.83,0.2820869476359693,28.20869476359693,965
24240349,TEACHER,0.07212346078760927,18.07,3.12,46.19,0.1273189900601992,12.731899006019919,2282
20478831,TEACHER,0.27895100044598486,41.36,18.75,57.43,0.3818454082616573,38.18454082616573,424
79663360,TEACHER,0.2583959123963203,47.92,6.25,49.89,0.25569109524343203,25.569109524343204,1207
76196367,TEACHER,0.2681577710428672,75.82,21.88,63.64,0.4203012194545953,42.030121945459534,281
27524018,TEACHER,0.16352007879481573,41.72,9.38,50.45,0.23270979245938744,23.270979245938744,1404
27798860,TEACHER,0.18171549870738443,50.58,12.5,54.03,0.2765594411071264,27.65594411071264,1011
14445309,ADVOCATE,0.07031101478386326,47.89,6.06,57.97,0.18801848329721654,18.801848329721654,1844
35474904,ADVOCATE,0.160887986808885,30.15,3.03,54.68,0.20019851602924427,20.019851602924426,1725
37348041,ADVOCATE,0.0809787312617022,31.6,9.09,59.75,0.2212771353590154,22.127713535901538,1503
89508407,ADVOCATE,0.0621604293616197,20.24,3.03,57.67,0.16109906960907883,16.10990696090788,2065
25873425,ADVOCATE,0.08739057104831655,21.76,6.06,54.8,0.18567600945553314,18.567600945553313,1869
31040875,ADVOCATE,0.05008951859263233,50.31,0.0,36.11,0.05923631439415346,5.923631439415346,2380
11188218,ADVOCATE,0.10764745607623825,29.24,6.06,53.29,0.19062079251189015,19.062079251189015,1828
73448369,ADVOCATE,0.05575930473042013,26.26,0.0,47.45,0.10100014670094644,10.100014670094644,2359
42164460,ADVOCATE,0.09169814035450166,27.72,3.03,52.91,0.15952738270936462,15.952738270936461,2079
18725071,ADVOCATE,0.08910306438174401,23.15,3.03,53.91,0.1616627317810016,16.16627317810016,2053
28974459,ADVOCATE,0.0508915203971786,20.03,0.0,52.5,0.11590233417730542,11.590233417730541,2326
38291889,ADVOCATE,0.0986810782032655,27.72,6.06,53.85,0.18806002032789265,18.806002032789266,1843
12171093,ADVOCATE,0.06508536638873741,13.51,3.03,56.24,0.1576525096296751,15.765250962967512,2097
13967854,ADVOCATE,0.0709060403746444,28.21,3.03,55.36,0.1575419060115747,15.75419060115747,2099
90468982,ADVOCATE,0.06151345976972432,34.03,0.0,51.17,0.1166475640764173,11.664756407641729,2322
49475708,ADVOCATE,0.036363003951835164,11.02,3.03,45.24,0.10552957077305028,10.552957077305027,2349
54067174,ADVOCATE,0.09449777052439796,18.78,0.0,51.75,0.13513079394740327,13.513079394740327,2239
49486820,ADVOCATE,0.07480291079879357,35.97,0.0,49.96,0.11913849625075279,11.91384962507528,2313
38860712,ADVOCATE,0.0793644856627077,20.24,9.09,57.73,0.21353558070232623,21.353558070232623,1592
16332348,ADVOCATE,0.15232603013672874,34.79,9.09,59.3,0.25540598562042155,25.540598562042156,1209
34970271,ADVOCATE,0.06991021456406672,23.35,0.0,40.84,0.08538421816428535,8.538421816428535,2372
14064815,ADVOCATE,0.10031789082333013,33.61,6.06,55.67,0.1951262810835137,19.51262810835137,1767
12544735,ADVOCATE,0.05596904946186497,30.15,3.03,48.13,0.12525363712573082,12.525363712573082,2291
20138606,ADVOCATE,0.10030426568836438,25.57,6.06,55.43,0.19429557562210703,19.429557562210704,1782
36694627,ADVOCATE,0.19177862972809326,53.5,0.0,54.05,0.1916668637826872,19.16668637826872,1816
29926588,ADVOCATE,0.13299895006696105,35.83,6.06,57.83,0.21888184675064326,21.888184675064327,1540
28206098,ADVOCATE,0.07733269177053231,16.91,6.06,58.44,0.1931427787078185,19.31427787078185,1794
20765795,ADVOCATE,0.10511310699751858,29.94,3.03,55.89,0.17646486946376017,17.646486946376015,1945
20272792,ADVOCATE,0.04626959324630639,16.91,9.09,73.39,0.2507471458226529,25.07471458226529,1237
20324037,ADVOCATE,0.06309865438508029,28.48,0.0,51.53,0.11867600072498094,11.867600072498094,2315
53169257,ADVOCATE,0.042114875216248265,24.6,0.0,51.34,0.10753186259954194,10.753186259954193,2345
24588864,ADVOCATE,0.15136782693998768,40.61,12.12,55.77,0.2646230475668665,26.46230475668665,1128
11963737,ADVOCATE,0.13761243290553693,25.92,6.06,57.55,0.22022737979368678,22.022737979368678,1519
13593241,ADVOCATE,0.04657818622097066,26.06,0.0,58.15,0.13314147896699066,13.314147896699065,2247
22391901,ADVOCATE,0.08466802309725684,19.4,6.06,50.0,0.1678368776015275,16.78368776015275,2025
10344379,ADVOCATE,0.07318398750779029,26.06,6.06,53.33,0.1735263737099868,17.35263737099868,1972
74126637,ADVOCATE,0.14607002095898866,58.07,6.06,57.02,0.2226367436796643,22.26367436796643,1494
26071861,ADVOCATE,0.07678358120814363,13.1,3.03,47.38,0.1330862377053583,13.30862377053583,2248
24410405,ADVOCATE,0.07425955982661284,24.81,0.0,52.3,0.12689977648041934,12.689977648041934,2284
14146106,ADVOCATE,0.05891178814660665,18.36,3.03,50.67,0.13544453959546177,13.544453959546177,2238
74191424,ADVOCATE,0.08375342498411983,26.54,6.06,58.4,0.19621582983229163,19.621582983229164,1757
10186968,ADVOCATE,0.05823797698943424,20.24,9.09,57.67,0.20276635314220856,20.276635314220854,1696
20400279,ADVOCATE,0.06380397657523246,28.69,9.09,57.81,0.20602995712322988,20.60299571232299,1663
23427369,ADVOCATE,0.06658531910008388,21.48,0.0,47.92,0.10802661080304574,10.802661080304574,2343
95714702,ADVOCATE,0.09235160848754008,27.72,3.03,48.85,0.14591659532033976,14.591659532033976,2184
18997135,ADVOCATE,0.08117021201040137,38.18,3.03,52.65,0.1533708679022304,15.33708679022304,2130
11773767,ADVOCATE,0.09071585751058946,27.72,3.03,51.69,0.15484811907662926,15.484811907662927,2118
78538268,ADVOCATE,0.09707983433885602,26.26,3.03,55.54,0.17124672266412336,17.124672266412336,1998
13909762,ADVOCATE,0.08215259201870263,24.81,0.0,46.9,0.11230870246317898,11.230870246317897,2331
20604208,ADVOCATE,0.17736442739962296,27.03,6.06,50.05,0.21435672410561135,21.435672410561136,1584
72652441,ADVOCATE,0.10812188928198728,27.23,3.03,53.95,0.17130945971344388,17.13094597134439,1995
24754689,ADVOCATE,0.09312091591871692,24.32,6.06,55.87,0.19221437104281025,19.221437104281026,1808
75057933,ADVOCATE,0.10412171782139489,33.82,0.0,54.03,0.14776975008817772,14.776975008817772,2177
19063156,ADVOCATE,0.0627052183639865,28.69,0.0,49.42,0.11123589102202075,11.123589102202075,2336
91051945,ADVOCATE,0.16233775341519416,33.54,6.06,60.43,0.24247675477560088,24.247675477560087,1309
14176254,ADVOCATE,0.06015595072361182,23.15,0.0,41.77,0.0836996712080126,8.36996712080126,2375
22259475,ADVOCATE,0.09934887359616464,27.03,0.0,51.76,0.13759067435386674,13.759067435386674,2227
37560528,ADVOCATE,0.08321639388298029,30.91,6.06,53.58,0.17940079866208575,17.940079866208574,1925
23577836,ADVOCATE,0.030985967634344577,18.3,3.03,50.54,0.12103535402178867,12.103535402178867,2306
36392131,ADVOCATE,0.07518919815790874,27.72,6.06,58.38,0.19186505867802578,19.186505867802577,1811
32965335,ADVOCATE,0.05384012113558105,32.85,6.06,49.85,0.15190799356198725,15.190799356198726,2146
21614256,ADVOCATE,0.07840825759225314,23.15,6.06,54.7,0.18084156402169987,18.084156402169988,1910
97405769,ADVOCATE,0.05470299744120945,27.03,6.06,51.16,0.15683651376080213,15.683651376080213,2103
95970987,ADVOCATE,0.1172001651869336,51.77,9.09,54.17,0.22023234253790297,22.023234253790296,1518
17021141,ADVOCATE,0.05261444466991323,35.97,3.03,52.62,0.13898999762024583,13.898999762024584,2218
15337481,ADVOCATE,0.05775039904967984,21.9,3.03,48.21,0.12641894288427952,12.641894288427952,2286
75950464,ADVOCATE,0.0650427535551497,19.61,0.0,51.46,0.11940774821595454,11.940774821595454,2311
19518606,ADVOCATE,0.11170526832917996,24.6,3.03,51.75,0.1655487977094055,16.554879770940552,2035
15727656,ADVOCATE,0.08584787070599068,28.0,3.03,54.37,0.16161426298981219,16.16142629898122,2054
31242382,ADVOCATE,0.06606242837899363,24.81,0.0,50.91,0.1180294977459678,11.80294977459678,2318
29173771,ADVOCATE,0.06532949287220621,24.6,6.06,58.25,0.18648893071763245,18.648893071763244,1856
19108760,ADVOCATE,0.12216846373107998,24.12,15.15,62.77,0.29586783022813445,29.586783022813446,857
14708590,ADVOCATE,0.14199431633601362,24.74,6.06,59.57,0.22935275336611702,22.935275336611703,1428
77439230,ADVOCATE,0.10277739446822072,43.24,12.12,60.25,0.2557071653508938,25.570716535089378,1206
40088790,ADVOCATE,0.10093419884915769,22.04,9.09,57.84,0.224698054871933,22.4698054871933,1475
22042181,ADVOCATE,0.0914097990103982,24.67,9.09,56.71,0.2160566925769954,21.60566925769954,1565
29415426,ADVOCATE,0.09198985194696369,20.03,3.03,42.84,0.12510406583137662,12.510406583137662,2292
37333719,ADVOCATE,0.0668134913046686,30.91,0.0,46.21,0.10227046003613109,10.22704600361311,2354
15313140,ADVOCATE,0.09733907297723982,28.0,12.12,58.73,0.24777001627721928,24.77700162772193,1265
13072354,ADVOCATE,0.13920741998955813,48.37,3.03,55.96,0.19375232805384107,19.37523280538411,1789
20544228,ADVOCATE,0.08185649034323746,23.15,6.06,56.72,0.18950011225438396,18.950011225438395,1837
30741799,ADVOCATE,0.07263697264907229,26.06,3.03,53.62,0.15243414866784116,15.243414866784116,2140
17847636,ADVOCATE,0.02906292919712943,11.64,0.0,46.21,0.08339517898236151,8.339517898236151,2376
80503242,ADVOCATE,0.06421021173082911,16.22,9.09,57.41,0.20485991987782187,20.48599198778219,1674
26456474,ADVOCATE,0.038780444603271916,20.3,6.06,53.58,0.1571828240222316,15.71828240222316,2101
10818478,ADVOCATE,0.05611345099775614,19.2,3.03,48.94,0.1281064764106692,12.810647641066918,2276
24124250,ADVOCATE,0.09476026757307941,22.52,3.03,51.61,0.156595693143233,15.6595693143233,2106
37640804,ADVOCATE,0.05803211656524103,19.75,6.06,50.36,0.15575476367640528,15.575476367640528,2113
27182111,ADVOCATE,0.05122758953856701,24.32,6.06,51.76,0.1571585420442904,15.71585420442904,2102
11174187,ADVOCATE,0.05067738158079123,27.72,9.09,55.83,0.192669543251138,19.2669543251138,1801
47133747,ADVOCATE,0.09495355891058031,23.15,3.03,55.11,0.16870744351503872,16.870744351503873,2020
10659182,ADVOCATE,0.0490813163476764,19.75,0.0,51.47,0.11146135848279805,11.146135848279805,2334
35344611,ADVOCATE,0.06567707954258577,22.52,6.06,59.44,0.19074785965186103,19.074785965186102,1826
13342150,ADVOCATE,0.08865327452649474,25.64,3.03,56.18,0.16923049047507283,16.923049047507284,2018
28111403,ADVOCATE,0.06747093575076504,35.0,3.03,51.13,0.14130324144422823,14.130324144422824,2209
34327438,ADVOCATE,0.1341444376866452,56.34,12.12,59.51,0.2688503505371743,26.88503505371743,1086
15958967,ADVOCATE,0.06400202761084425,17.88,9.09,53.74,0.19215713231491152,19.21571323149115,1809
13115648,ADVOCATE,0.07945395157417576,24.81,3.03,52.62,0.15240975107237711,15.24097510723771,2142
46772262,ADVOCATE,0.06043170391163444,19.75,6.06,57.76,0.18235792157891884,18.235792157891883,1896
38059130,ADVOCATE,0.12398575550749555,26.75,12.12,57.2,0.255841040343583,25.5841040343583,1202
24695561,ADVOCATE,0.05530801165551519,27.72,9.09,55.77,0.19477888506501906,19.477888506501905,1772
93512385,ADVOCATE,0.0468010360679206,14.55,9.09,49.63,0.1694474707350048,16.94474707350048,2015
38698573,ADVOCATE,0.08164859104576559,36.45,3.03,55.78,0.16435499391150193,16.435499391150195,2042
18090899,ADVOCATE,0.07676651088724644,23.15,6.06,55.01,0.18108488565718142,18.108488565718144,1906
23804341,ADVOCATE,0.07959146680196537,16.29,6.06,57.01,0.18936313773057245,18.936313773057243,1838
29177904,ADVOCATE,0.05916356769362848,17.46,6.06,56.7,0.17808499318841914,17.808499318841914,1932
17911230,ADVOCATE,0.09875449676657018,32.09,6.06,54.53,0.19043109280899573,19.04310928089957,1833
19926135,ADVOCATE,0.13253821150138806,24.67,9.09,61.07,0.2515882863954392,25.158828639543916,1229
75435017,ADVOCATE,0.050699942620549346,16.22,3.03,52.7,0.13830737756020517,13.830737756020516,2224
19234823,ADVOCATE,0.05171195525513742,19.13,6.06,55.72,0.17099495765231812,17.09949576523181,2000
13809698,ADVOCATE,0.047645044359135295,19.33,3.03,51.57,0.1329007660539403,13.290076605394031,2251
17254634,ADVOCATE,0.06332538520779189,17.67,0.0,50.7,0.11594006987818364,11.594006987818364,2324
28871170,ADVOCATE,0.09100304996004399,30.63,9.09,56.54,0.2152697272519556,21.52697272519556,1577
24946537,ADVOCATE,0.11828256064014066,22.66,0.0,51.16,0.14499778564104526,14.499778564104526,2189
28635795,ADVOCATE,0.13889795229338725,25.85,0.0,52.71,0.16062645640759304,16.062645640759303,2073
24763208,ADVOCATE,0.08561833919371054,27.72,3.03,56.96,0.17039067471393304,17.039067471393306,2002
17165107,ADVOCATE,0.04671556462846956,21.41,0.0,49.34,0.10296643318962101,10.2966433189621,2351
65708020,BUSINESS-DEVELOPMENT,0.38685108076897523,74.71,30.0,70.09,0.560249319095991,56.0249319095991,26
36805025,BUSINESS-DEVELOPMENT,0.36649926082554346,88.7,26.67,63.0,0.5017601578095089,50.17601578095089,92
13080868,BUSINESS-DEVELOPMENT,0.223657186420376,75.79,20.0,59.13,0.36903368930507513,36.90336893050751,477
20748929,BUSINESS-DEVELOPMENT,0.27323989830564815,75.02,16.67,59.47,0.3710181447740024,37.10181447740024,468
26581830,BUSINESS-DEVELOPMENT,0.17194756542413586,50.81,3.33,57.38,0.21715692760733524,21.715692760733525,1558
38688388,BUSINESS-DEVELOPMENT,0.38411188555787684,93.54,30.0,69.67,0.557437908926075,55.74379089260751,29
25397102,BUSINESS-DEVELOPMENT,0.285995385418974,50.81,6.67,59.28,0.3047493993288792,30.474939932887917,801
12059198,BUSINESS-DEVELOPMENT,0.2949504873419066,55.11,26.67,68.83,0.4859995026159226,48.59995026159226,115
10228751,BUSINESS-DEVELOPMENT,0.17032358410182344,62.64,16.67,63.15,0.33219301204558815,33.21930120455882,648
61677751,BUSINESS-DEVELOPMENT,0.299042989858164,77.94,13.33,61.51,0.36687670383471765,36.68767038347177,486
20553895,BUSINESS-DEVELOPMENT,0.18855384142551804,39.89,6.67,55.63,0.2434985895703936,24.34985895703936,1303
18757174,BUSINESS-DEVELOPMENT,0.1938261110057722,65.87,13.33,45.34,0.2587584806804064,25.87584806804064,1177
14726000,BUSINESS-DEVELOPMENT,0.23311894714437342,60.72,20.0,59.37,0.3745884625609976,37.45884625609976,458
29208172,BUSINESS-DEVELOPMENT,0.4575949563076026,81.17,16.67,63.35,0.4765152755600809,47.65152755600809,131
40792022,BUSINESS-DEVELOPMENT,0.25128720212062283,73.1,16.67,66.49,0.3841406638287606,38.41406638287606,414
17095812,BUSINESS-DEVELOPMENT,0.13264833605579152,34.2,13.33,58.15,0.2721448764185983,27.21448764185983,1059
27850777,BUSINESS-DEVELOPMENT,0.41523819817220703,91.93,16.67,66.46,0.46601317524281216,46.601317524281214,159
90629382,BUSINESS-DEVELOPMENT,0.23591197638076616,54.57,10.0,63.04,0.3165894322213487,31.658943222134873,742
34797369,BUSINESS-DEVELOPMENT,0.23878747466137676,79.02,16.67,64.82,0.3721578787122512,37.21578787122512,465
98379112,BUSINESS-DEVELOPMENT,0.2658413076312043,70.95,13.33,60.93,0.3482847882275886,34.82847882275886,562
37521676,BUSINESS-DEVELOPMENT,0.29063078788988506,82.78,30.0,71.06,0.5154690731027212,51.54690731027212,74
10501991,BUSINESS-DEVELOPMENT,0.22452962959285386,69.64,10.0,55.61,0.2853919079863353,28.53919079863353,942
18293620,BUSINESS-DEVELOPMENT,0.24957568916960654,70.41,20.0,68.91,0.4155665761070848,41.556657610708484,296
19557384,BUSINESS-DEVELOPMENT,0.27964349812658096,87.09,23.33,63.4,0.43565935496933905,43.5659354969339,237
15423153,BUSINESS-DEVELOPMENT,0.3501518836496248,93.01,13.33,55.78,0.3727607078880175,37.27607078880175,463
20357858,BUSINESS-DEVELOPMENT,0.29834220862091565,80.09,30.0,73.78,0.5286622362660394,52.86622362660394,64
12546838,BUSINESS-DEVELOPMENT,0.27743291553961846,86.55,6.67,56.48,0.29085608062675716,29.085608062675718,897
24647386,BUSINESS-DEVELOPMENT,0.20604447672777976,60.49,30.0,73.27,0.4807625979198834,48.07625979198834,124
23568641,BUSINESS-DEVELOPMENT,0.2781356389058668,61.64,10.0,62.8,0.33687737058997524,33.68773705899753,622
22423839,BUSINESS-DEVELOPMENT,0.34273948683483685,64.8,20.0,68.0,0.45902454771690554,45.90245477169056,172
19738730,BUSINESS-DEVELOPMENT,0.11324461691470405,31.82,6.67,54.71,0.20268572122161205,20.268572122161206,1699
32531824,BUSINESS-DEVELOPMENT,0.22587646209003298,41.51,13.33,59.34,0.32284407503475787,32.28440750347579,696
34046031,BUSINESS-DEVELOPMENT,0.2976279344455999,72.02,20.0,61.92,0.4155968182095511,41.559681820955106,295
14825300,BUSINESS-DEVELOPMENT,0.2897034187349055,85.47,26.67,65.74,0.47276834730315326,47.27683473031533,143
37391947,BUSINESS-DEVELOPMENT,0.047922723445109075,12.99,6.67,54.07,0.16782772676968447,16.782772676968445,2026
26896699,BUSINESS-DEVELOPMENT,0.3506944189071727,86.01,20.0,68.56,0.4649244305055623,46.49244305055623,164
11289482,BUSINESS-DEVELOPMENT,0.24799607403087937,61.8,26.67,69.47,0.4647193436775391,46.47193436775391,166
29908929,BUSINESS-DEVELOPMENT,0.15545016995513486,53.04,10.0,58.12,0.2594687246830954,25.94687246830954,1171
10704573,BUSINESS-DEVELOPMENT,0.2932163557343081,68.33,3.33,58.28,0.2808809211146356,28.08809211146356,975
14990354,BUSINESS-DEVELOPMENT,0.3308548412698037,80.4,26.67,68.64,0.5032994310388481,50.32994310388481,91
24964303,BUSINESS-DEVELOPMENT,0.3589989645555968,93.54,30.0,72.42,0.5543218878344784,55.43218878344784,32
82118447,BUSINESS-DEVELOPMENT,0.372712354555742,83.32,30.0,65.83,0.538555857122227,53.8555857122227,51
18236085,BUSINESS-DEVELOPMENT,0.2971246770751427,82.78,20.0,65.82,0.428733449050584,42.8733449050584,256
29825044,BUSINESS-DEVELOPMENT,0.34408348539455913,58.65,13.33,65.85,0.40429568143470374,40.42956814347038,337
77576845,BUSINESS-DEVELOPMENT,0.16461266706437708,70.18,20.0,58.39,0.3369710932041439,33.69710932041439,621
39237915,BUSINESS-DEVELOPMENT,0.190500913542733,70.41,16.67,66.58,0.3540564793750371,35.40564793750371,541
28916894,BUSINESS-DEVELOPMENT,0.28734072194970733,76.33,13.33,58.29,0.3499716735536785,34.99716735536785,556
26278597,BUSINESS-DEVELOPMENT,0.3021645379865825,78.48,13.33,67.54,0.3891377868587621,38.91377868587621,397
80275976,BUSINESS-DEVELOPMENT,0.2648723928638101,69.95,16.67,58.84,0.36467167320653343,36.467167320653346,491
11088337,BUSINESS-DEVELOPMENT,0.22591233834128358,73.1,10.0,67.71,0.32762119576254123,32.76211957625412,674
23396633,BUSINESS-DEVELOPMENT,0.33363884946288064,77.4,33.33,70.11,0.5576859432575381,55.76859432575381,28
12814706,BUSINESS-DEVELOPMENT,0.2676803816210877,85.47,10.0,65.29,0.3401976307220451,34.01976307220451,597
39875803,BUSINESS-DEVELOPMENT,0.30176593663076956,71.48,33.33,68.39,0.5358449211016953,53.584492110169535,57
30938994,BUSINESS-DEVELOPMENT,0.19872099697992174,67.49,23.33,64.57,0.39921458225388795,39.9214582253888,351
16694152,BUSINESS-DEVELOPMENT,0.32681817653930456,80.63,33.33,70.88,0.5569189298304222,55.69189298304222,30
15233524,BUSINESS-DEVELOPMENT,0.22570474428429138,65.03,20.0,70.03,0.4074759371694049,40.747593716940486,321
81310245,BUSINESS-DEVELOPMENT,0.3537748207494189,84.93,20.0,62.08,0.4442195232907431,44.42195232907431,210
22025574,BUSINESS-DEVELOPMENT,0.1153194817007124,65.56,13.33,61.69,0.27563286942643467,27.563286942643465,1027
13888506,BUSINESS-DEVELOPMENT,0.24533124094981215,87.09,13.33,64.08,0.3488433491196423,34.88433491196423,559
79759716,BUSINESS-DEVELOPMENT,0.3148503399021279,81.17,10.0,60.62,0.34775102730163143,34.77510273016314,565
10541358,BUSINESS-DEVELOPMENT,0.1391011727486871,54.04,13.33,56.51,0.26974135998990023,26.974135998990022,1084
31638814,BUSINESS-DEVELOPMENT,0.26971148485178514,58.34,13.33,63.81,0.3601065915649646,36.01065915649646,510
25370801,BUSINESS-DEVELOPMENT,0.1693519784818866,24.14,20.0,64.84,0.3614828704371006,36.148287043710056,505
27796199,BUSINESS-DEVELOPMENT,0.21021130532250126,55.88,16.67,63.07,0.35186224169128577,35.18622416912858,549
10289113,BUSINESS-DEVELOPMENT,0.28868147913340436,56.73,30.0,66.81,0.4999046487279137,49.99046487279137,95
27219200,BUSINESS-DEVELOPMENT,0.3315058968038332,79.02,20.0,68.12,0.4538196991483656,45.38196991483656,187
10235211,BUSINESS-DEVELOPMENT,0.1948351262578306,51.11,26.67,65.85,0.4257118186409975,42.57118186409975,267
14287992,BUSINESS-DEVELOPMENT,0.2046459567806376,64.8,16.67,65.95,0.3589662821474395,35.89662821474395,515
47067533,BUSINESS-DEVELOPMENT,0.4630527305751833,80.09,20.0,66.34,0.5134825770707726,51.34825770707726,79
14241621,BUSINESS-DEVELOPMENT,0.16923294731524355,61.8,20.0,64.92,0.3616979858184203,36.16979858184203,503
27213082,BUSINESS-DEVELOPMENT,0.2623814664022233,66.95,16.67,61.84,0.3737248711497874,37.37248711497874,460
31813535,BUSINESS-DEVELOPMENT,0.23260921294361783,74.71,0.0,54.08,0.21218514200218996,21.218514200218998,1602
17115815,BUSINESS-DEVELOPMENT,0.37062449343093073,64.26,6.67,50.76,0.317815755600563,31.781575560056304,731
20317319,BUSINESS-DEVELOPMENT,0.21791209793047364,67.49,16.67,61.46,0.3501856898318666,35.01856898318666,555
38007664,BUSINESS-DEVELOPMENT,0.285880228103056,73.41,10.0,61.61,0.3366645295895311,33.66645295895311,623
24412546,BUSINESS-DEVELOPMENT,0.11312007038919253,77.94,20.0,63.14,0.3275310083921267,32.75310083921267,676
29014805,BUSINESS-DEVELOPMENT,0.2984181496463887,85.47,30.0,64.37,0.4963967395628473,49.63967395628473,100
12377803,BUSINESS-DEVELOPMENT,0.2300903714065587,59.95,23.33,64.4,0.41431567866734376,41.431567866734376,301
32385553,BUSINESS-DEVELOPMENT,0.11137703925766802,62.49,16.67,60.63,0.29406886423731066,29.406886423731066,871
13199813,BUSINESS-DEVELOPMENT,0.335044770552372,72.02,23.33,66.08,0.47256012849771695,47.25601284977169,144
11551946,BUSINESS-DEVELOPMENT,0.22424093918012633,76.63,23.33,58.98,0.39278471469968196,39.278471469968196,386
22765255,BUSINESS-DEVELOPMENT,0.2411036486169597,86.01,26.67,65.32,0.44702664967981365,44.70266496798136,203
20427934,BUSINESS-DEVELOPMENT,0.22206598144340814,87.09,20.0,64.86,0.3879085296590217,38.79085296590217,403
35673335,BUSINESS-DEVELOPMENT,0.3046112372212589,75.25,16.67,70.1,0.4231954036585156,42.31954036585156,272
16846478,BUSINESS-DEVELOPMENT,0.3053029269422722,65.03,20.0,61.58,0.41826713285816186,41.82671328581618,288
89197180,BUSINESS-DEVELOPMENT,0.14424332289317313,75.02,13.33,64.19,0.2986770076677045,29.86770076677045,837
36574147,BUSINESS-DEVELOPMENT,0.13027903827578188,45.5,23.33,61.98,0.3561024254215571,35.61024254215571,531
27004930,BUSINESS-DEVELOPMENT,0.20211527193585638,53.27,23.33,63.51,0.3972728594503585,39.72728594503585,364
12230301,BUSINESS-DEVELOPMENT,0.21240055411658038,100.0,26.67,64.13,0.42858996683058526,42.85899668305853,258
59696315,BUSINESS-DEVELOPMENT,0.39636299586837603,86.55,26.67,67.77,0.5330668965976605,53.30668965976605,59
20633855,BUSINESS-DEVELOPMENT,0.18347844196217716,66.1,20.0,57.67,0.3439323019712726,34.39323019712726,581
18311419,BUSINESS-DEVELOPMENT,0.41051163590508216,82.78,26.67,71.59,0.553254845177634,55.3254845177634,34
16091352,BUSINESS-DEVELOPMENT,0.26085408657451975,77.94,26.67,67.88,0.4656900595271142,46.569005952711414,162
27375577,BUSINESS-DEVELOPMENT,0.2177653033106815,73.1,26.67,62.53,0.4257797221348106,42.57797221348106,266
25813953,BUSINESS-DEVELOPMENT,0.1659859527809077,73.1,6.67,59.86,0.2467357575034952,24.67357575034952,1271
76916835,BUSINESS-DEVELOPMENT,0.34931102681996673,81.71,20.0,69.02,0.4658118625086466,46.58118625086466,161
17730889,BUSINESS-DEVELOPMENT,0.17051865964148197,59.65,16.67,62.81,0.3311233682156921,33.11233682156921,654
67501448,BUSINESS-DEVELOPMENT,0.22912531799256317,58.34,10.0,61.17,0.3067766042287578,30.67766042287578,790
17421910,BUSINESS-DEVELOPMENT,0.1471296206403938,39.51,6.67,61.22,0.24197631783213974,24.197631783213975,1314
12632728,BUSINESS-DEVELOPMENT,0.0,0.0,10.0,50.7,0.15627161773505083,15.627161773505083,2109
91467795,BUSINESS-DEVELOPMENT,0.39823059057425203,81.17,36.67,70.5,0.6153667160797448,61.53667160797448,5
13574264,BUSINESS-DEVELOPMENT,0.34551784334450464,65.87,26.67,67.91,0.508124924523847,50.8124924523847,87
27139412,BUSINESS-DEVELOPMENT,0.3256273671634679,65.87,16.67,66.35,0.4208301421620609,42.08301421620609,278
14070138,BUSINESS-DEVELOPMENT,0.3823800112564548,86.01,26.67,72.81,0.5433771550640996,54.33771550640996,45
15811992,BUSINESS-DEVELOPMENT,0.21655398899211745,67.18,20.0,62.8,0.37808078609386375,37.80807860938638,441
14871762,BUSINESS-DEVELOPMENT,0.22114121076046384,61.8,6.67,59.22,0.27211633877614316,27.211633877614318,1060
17597372,BUSINESS-DEVELOPMENT,0.10124561742953443,49.27,13.33,56.33,0.2501956626598811,25.019566265988107,1240
18937778,BUSINESS-DEVELOPMENT,0.2687662642536669,84.4,23.33,68.74,0.44855235492268636,44.85523549226863,198
14861855,BUSINESS-DEVELOPMENT,0.27736214006613036,70.95,3.33,66.67,0.3017557356972992,30.17557356972992,823
36170003,BUSINESS-DEVELOPMENT,0.36882798260168015,74.17,30.0,69.37,0.548766091330572,54.876609133057194,37
27937592,BUSINESS-DEVELOPMENT,0.2755454270066211,74.71,16.67,65.48,0.39280256034316385,39.28025603431639,385
16519708,BUSINESS-DEVELOPMENT,0.3552803468404326,82.78,33.33,67.7,0.560233434136496,56.0233434136496,27
17602815,BUSINESS-DEVELOPMENT,0.1892027874365034,66.41,10.0,56.47,0.27068076977805366,27.068076977805365,1076
28337049,BUSINESS-DEVELOPMENT,0.1351429018881308,58.65,6.67,54.88,0.21421845450818813,21.421845450818815,1585
33424600,BUSINESS-DEVELOPMENT,0.10619041374460249,70.41,13.33,58.31,0.25946517719228634,25.946517719228634,1172
32042584,BUSINESS-DEVELOPMENT,0.099745757543531,36.13,10.0,55.41,0.22231339455007068,22.231339455007067,1497
14752209,BUSINESS-DEVELOPMENT,0.2917133896841516,91.93,23.33,66.84,0.45350343222769873,45.35034322276987,188
31273310,BUSINESS-DEVELOPMENT,0.27728638710038017,67.56,20.0,62.13,0.4061469508191245,40.61469508191245,330
14055971,BUSINESS-DEVELOPMENT,0.18422770137259578,72.56,10.0,61.31,0.2848084001068963,28.48084001068963,947
95382114,BUSINESS-DEVELOPMENT,0.41332850447715497,82.24,16.67,70.3,0.4782406146980669,47.824061469806686,129
23617240,HEALTHCARE,0.20387859909979564,27.08,9.3,56.2,0.2720521992717821,27.20521992717821,1061
23138078,HEALTHCARE,0.1093044511835772,11.81,13.95,58.64,0.26661869154948625,26.661869154948626,1106
51777546,HEALTHCARE,0.061344161650701404,14.53,6.98,46.66,0.15133257422686724,15.133257422686725,2154
69199666,HEALTHCARE,0.06128175591966743,11.54,4.65,42.29,0.11952499689046348,11.952499689046348,2310
93988900,HEALTHCARE,0.19132469879341327,48.02,9.3,57.68,0.2708559219644543,27.08559219644543,1074
41910253,HEALTHCARE,0.14923247030853834,16.03,4.65,52.03,0.19693667402997272,19.69366740299727,1746
28670024,HEALTHCARE,0.17900593903713252,22.76,11.63,56.28,0.27666515823244964,27.666515823244964,1009
36625776,HEALTHCARE,0.06101277439642546,12.5,4.65,53.1,0.15650001522599316,15.650001522599316,2108
96260484,HEALTHCARE,0.08381038094554641,13.62,6.98,58.44,0.20300509341771578,20.300509341771576,1695
11378657,HEALTHCARE,0.1102311207380743,7.85,4.65,45.16,0.15385206515617217,15.385206515617217,2126
34962725,HEALTHCARE,0.17290179172250414,14.8,2.33,49.66,0.18393272862256116,18.393272862256115,1887
18365443,HEALTHCARE,0.08325745626542005,12.5,6.98,50.82,0.17657003169557228,17.65700316955723,1942
26125407,HEALTHCARE,0.1514491318381419,22.22,9.3,52.67,0.23371937432615947,23.371937432615947,1396
54934269,HEALTHCARE,0.10078625247266582,15.71,6.98,48.05,0.17582533264849143,17.582533264849143,1950
37374340,HEALTHCARE,0.15196308533841038,23.34,4.65,52.3,0.19922886105057297,19.922886105057298,1733
25328428,HEALTHCARE,0.2644920692122837,38.09,6.98,58.69,0.29420415931558835,29.420415931558836,870
56520872,HEALTHCARE,0.19070075976314216,43.54,9.3,42.56,0.21863870013211995,21.863870013211994,1544
23944036,HEALTHCARE,0.10910897071354494,46.53,9.3,49.4,0.20132375308414935,20.132375308414936,1713
19090468,HEALTHCARE,0.054010605979556814,0.0,6.98,50.56,0.16105405591755656,16.105405591755655,2066
16132195,HEALTHCARE,0.16145815491912288,28.21,4.65,57.94,0.22333787884813833,22.333787884813834,1486
27030979,HEALTHCARE,0.08667501029491127,14.42,4.65,49.87,0.15824290797784507,15.824290797784506,2092
17960690,HEALTHCARE,0.1264654479208404,17.36,6.98,53.09,0.20596668114497832,20.59666811449783,1664
17624934,HEALTHCARE,0.11160864722257137,16.24,2.33,50.31,0.15551753296030502,15.551753296030501,2114
22008817,HEALTHCARE,0.10395916146211806,14.8,6.98,56.02,0.2047718969956034,20.477189699560338,1675
20835760,HEALTHCARE,0.06888480190786955,12.5,9.3,49.05,0.18001015821100613,18.001015821100612,1921
87520378,HEALTHCARE,0.10455054273742598,21.85,6.98,51.39,0.18917332055464425,18.917332055464424,1839
58879993,HEALTHCARE,0.10570014691384022,13.62,6.98,52.24,0.19266607664216479,19.26660766421648,1802
64471954,HEALTHCARE,0.05203516000301881,17.79,9.3,45.19,0.1583343932146398,15.83343932146398,2091
18714571,HEALTHCARE,0.1523607817739097,18.86,4.65,45.95,0.1776288764499224,17.76288764499224,1937
20748468,HEALTHCARE,0.07638903323864209,12.5,4.65,49.67,0.15241334203810736,15.241334203810736,2141
98300955,HEALTHCARE,0.06510299746961641,12.71,2.33,49.96,0.13106319761352203,13.106319761352204,2260
11653906,HEALTHCARE,0.04280926650748644,12.5,4.65,45.42,0.1210336886759624,12.10336886759624,2307
10466208,HEALTHCARE,0.061675648872650625,13.41,4.65,45.08,0.1292996982588191,12.92996982588191,2271
13352113,HEALTHCARE,0.053832490613304175,12.66,2.33,50.62,0.12769364964365632,12.769364964365632,2280
20110597,HEALTHCARE,0.04873225114676963,12.66,2.33,39.61,0.08734744340163518,8.734744340163518,2371
20211577,HEALTHCARE,0.0746141718707551,16.77,2.33,38.52,0.09654655687039072,9.654655687039073,2366
12315079,HEALTHCARE,0.06499178925849072,18.11,6.98,48.68,0.16009081988795382,16.00908198879538,2076
10480456,HEALTHCARE,0.06091799379586401,12.5,6.98,54.07,0.1765571833993456,17.65571833993456,1943
75297735,HEALTHCARE,0.056952489228563136,12.5,6.98,49.5,0.15888613726056297,15.888613726056297,2085
49325370,HEALTHCARE,0.11484130159107486,23.93,9.3,51.96,0.21297810939143474,21.297810939143474,1595
21866029,HEALTHCARE,0.06299873150182488,9.94,2.33,45.86,0.1159362276917615,11.59362276917615,2325
14667957,HEALTHCARE,0.2114169654280739,41.67,9.3,50.96,0.25783305425191844,25.783305425191845,1183
10062724,HEALTHCARE,0.1639214085230564,25.96,6.98,57.85,0.24103520384224147,24.103520384224147,1321
43994605,HEALTHCARE,0.2326459026597337,18.11,2.33,50.09,0.21528092552612274,21.528092552612275,1576
23814777,HEALTHCARE,0.13064918007532564,31.78,4.65,46.98,0.17030894927038662,17.030894927038663,2004
28745844,HEALTHCARE,0.10252597667436683,15.87,6.98,48.39,0.17786237634906732,17.786237634906733,1933
17864043,HEALTHCARE,0.053844498502262986,12.5,4.65,48.29,0.136403690529856,13.640369052985598,2233
16121387,HEALTHCARE,0.19054775149907657,25.59,9.3,50.6,0.2461626079465341,24.61626079465341,1280
10076271,HEALTHCARE,0.0527546390546459,13.62,4.65,47.43,0.13290647793615384,13.290647793615385,2250
80876647,HEALTHCARE,0.12324850032325685,35.84,6.98,46.54,0.1818727971161831,18.18727971161831,1903
36861863,HEALTHCARE,0.04910669953116903,12.18,6.98,43.11,0.13302709411114502,13.302709411114503,2249
24025053,HEALTHCARE,0.0979737992956575,7.59,2.33,41.22,0.11749516563948453,11.749516563948454,2319
17545780,HEALTHCARE,0.18771054066877232,28.21,6.98,56.58,0.24857000335141938,24.857000335141937,1259
95011061,HEALTHCARE,0.07138461819229747,19.28,4.65,40.2,0.1174016940755255,11.74016940755255,2320
13565152,HEALTHCARE,0.16847335818394857,18.86,16.28,56.02,0.3039836389850284,30.39836389850284,809
75744306,HEALTHCARE,0.04524917343016224,13.41,9.3,51.48,0.17653425952313084,17.653425952313086,1944
26908066,HEALTHCARE,0.05256181571521916,12.5,4.65,47.25,0.13219214659599765,13.219214659599764,2253
11704150,HEALTHCARE,0.09716366512723293,22.44,4.65,43.39,0.14124212725806357,14.124212725806357,2210
27917969,HEALTHCARE,0.06528974242453471,12.5,4.65,52.37,0.15613249168769627,15.613249168769627,2111
12613221,HEALTHCARE,0.12463567496704495,21.37,6.98,44.72,0.1763185299924884,17.63185299924884,1947
15680735,HEALTHCARE,0.058610036616818455,14.74,16.28,56.32,0.25008184431886804,25.008184431886804,1242
13575312,HEALTHCARE,0.056825435756295437,11.54,4.65,50.0,0.1437643960260792,14.37643960260792,2193
15636923,HEALTHCARE,0.15382170636028158,26.71,2.33,49.54,0.17398073949448797,17.398073949448797,1967
14062078,HEALTHCARE,0.24344817332834864,45.03,9.3,53.85,0.2837697017997215,28.37697017997215,954
37001381,HEALTHCARE,0.125123695194192,21.1,2.33,50.36,0.16244670129901612,16.24467012990161,2048
32219038,HEALTHCARE,0.10962700718670683,15.33,9.3,49.29,0.20120515374434855,20.120515374434856,1716
10251432,HEALTHCARE,0.0415363799018122,14.37,0.0,45.98,0.08884234031135925,8.884234031135925,2368
28423028,HEALTHCARE,0.1638539572240171,24.09,9.3,54.6,0.24654725904106756,24.654725904106755,1275
46349752,HEALTHCARE,0.42634479015017884,60.74,18.6,63.77,0.476226893454663,47.6226893454663,132
26958533,HEALTHCARE,0.0547209516735364,10.42,0.0,43.97,0.0885345232106096,8.85345232106096,2369
23110214,HEALTHCARE,0.08620585558630042,19.23,6.98,50.15,0.1757441970271419,17.574419702714188,1952
17963031,HEALTHCARE,0.09308407444182447,20.94,2.33,42.98,0.12109218443467581,12.109218443467581,2303
60624892,HEALTHCARE,0.10725358777014268,23.4,6.98,54.56,0.20140709504491267,20.140709504491266,1712
23918545,HEALTHCARE,0.12009501991501405,15.49,4.65,50.6,0.17745892034024802,17.745892034024802,1939
20172393,HEALTHCARE,0.08875527917235224,12.5,6.98,54.93,0.19342810895748327,19.34281089574833,1791
39082090,HEALTHCARE,0.10261817347099557,12.5,6.98,54.04,0.19730428662517085,19.730428662517085,1742
98309114,HEALTHCARE,0.14692718212310144,39.8,6.98,54.17,0.21990506626876588,21.990506626876588,1526
16702198,HEALTHCARE,0.11257923345839814,13.62,4.65,49.41,0.16961589151290124,16.961589151290124,2012
45907524,HEALTHCARE,0.133860258408309,29.11,4.65,52.64,0.1913446291852477,19.13446291852477,1821
12333703,HEALTHCARE,0.057806797930215016,13.62,4.65,45.2,0.1277772192345632,12.777721923456319,2279
15499825,HEALTHCARE,0.12138900655599887,20.41,9.3,53.02,0.21989082215539352,21.98908221553935,1527
85417107,HEALTHCARE,0.08227799028709462,12.5,6.98,52.05,0.18030274978776897,18.030274978776898,1916
33750209,HEALTHCARE,0.12818164433469956,21.69,9.3,54.18,0.22726929003204216,22.726929003204216,1451
24548333,HEALTHCARE,0.03856469020674968,13.62,4.65,49.26,0.13209368682837463,13.209368682837464,2254
16356151,HEALTHCARE,0.312686297620346,60.74,13.95,61.87,0.37939783996526166,37.93978399652617,436
20736486,HEALTHCARE,0.2121839601411296,14.53,9.3,56.1,0.2758615910866475,27.58615910866475,1024
18784594,HEALTHCARE,0.11377529761167621,11.06,4.65,48.26,0.1662661034728221,16.62661034728221,2032
85421438,HEALTHCARE,0.04033917114221608,13.62,4.65,48.08,0.12893012056764921,12.893012056764922,2273
33803142,HEALTHCARE,0.18286913574378755,31.62,2.33,56.14,0.2111615087691452,21.116150876914517,1616
47996197,HEALTHCARE,0.03591871142998125,0.0,4.65,46.06,0.11978545885433989,11.978545885433988,2309
11605833,HEALTHCARE,0.11067763912816786,21.31,6.98,52.1,0.1946742185612064,19.46742185612064,1776
25451319,HEALTHCARE,0.10145209940637367,13.62,4.65,49.79,0.165356821568935,16.5356821568935,2037
91478356,HEALTHCARE,0.23065343132526142,25.0,4.65,52.9,0.240633766278808,24.0633766278808,1328
29134372,HEALTHCARE,0.1213708796326976,16.83,2.33,51.77,0.1654106642700712,16.54106642700712,2036
35579812,HEALTHCARE,0.06645910761246696,17.36,2.33,53.32,0.14327575319988034,14.327575319988034,2195
12938200,HEALTHCARE,0.16494275536069106,13.46,6.98,41.78,0.186379382238745,18.6379382238745,1859
31926950,HEALTHCARE,0.06828751216677974,13.62,6.98,46.48,0.15418632981446356,15.418632981446356,2121
32563518,HEALTHCARE,0.06641560830202932,47.28,9.3,53.45,0.1938802644633555,19.388026446335548,1786
29992154,HEALTHCARE,0.08821558831960992,16.99,6.98,50.25,0.1770923520995982,17.70923520995982,1941
25974844,HEALTHCARE,0.11225401253677375,18.32,9.3,52.4,0.21319493516981114,21.319493516981115,1594
18129173,HEALTHCARE,0.08681667609272212,11.38,6.98,51.29,0.17996309852649073,17.996309852649073,1922
26585242,HEALTHCARE,0.053426999263383027,12.66,2.33,42.75,0.10047408282211147,10.047408282211148,2360
26695839,HEALTHCARE,0.055391548193067665,23.72,6.98,54.56,0.17547607525637515,17.547607525637517,1955
10568183,HEALTHCARE,0.12997034795062473,21.53,9.3,55.96,0.23427418080327284,23.427418080327282,1389
24550866,HEALTHCARE,0.09691805502902054,10.1,4.65,49.24,0.16120171149834978,16.120171149834977,2062
34594746,HEALTHCARE,0.0743546513213883,20.41,6.98,54.36,0.1842710494089323,18.42710494089323,1884
25834360,HEALTHCARE,0.26313940394355534,50.43,16.28,60.91,0.36810347957852896,36.8103479578529,480
27090089,HEALTHCARE,0.1006829228476519,9.94,2.33,54.4,0.16409517884012986,16.409517884012985,2043
35422305,HEALTHCARE,0.1522007841255827,29.33,4.65,55.9,0.21170610385301603,21.170610385301604,1608
18484846,HEALTHCARE,0.11966158599437693,22.22,4.65,45.13,0.15846431117258308,15.846431117258309,2090
18949843,HEALTHCARE,0.13021060988746422,18.7,4.65,43.45,0.1579715728616602,15.79715728616602,2095
17539842,HEALTHCARE,0.11280915148686073,26.18,6.98,49.45,0.18664282403681098,18.6642824036811,1854
36868767,HEALTHCARE,0.09369599166704912,17.36,4.65,43.94,0.14139637840988037,14.139637840988037,2208
97169343,HEALTHCARE,0.07085123218749534,10.42,4.65,49.07,0.1475847092777245,14.75847092777245,2178
31395710,HEALTHCARE,0.2833727112995701,55.88,11.63,59.15,0.3387009302201737,33.87009302201737,605
17576030,FITNESS,0.08683389788466553,41.94,15.79,69.25,0.30505328683035837,30.505328683035838,799
24444525,FITNESS,0.36750584991224866,77.99,21.05,66.42,0.4735431629523267,47.35431629523267,140
10268614,FITNESS,0.15758938929411234,54.58,10.53,54.6,0.252270266652789,25.227026665278903,1227
29792535,FITNESS,0.2966497364642998,67.22,21.05,68.33,0.4446719205091624,44.46719205091624,208
15932017,FITNESS,0.15163174765369153,29.43,5.26,45.13,0.1788410406703469,17.88410406703469,1928
23063986,FITNESS,0.09954459984416969,29.1,7.89,53.73,0.2012547807057025,20.12547807057025,1715
10816645,FITNESS,0.3209174667691284,44.75,13.16,71.79,0.41188011915876926,41.18801191587693,310
11522068,FITNESS,0.1373966565240824,11.77,7.89,84.41,0.32550178398558327,32.55017839855833,685
10568350,FITNESS,0.15453274805201214,27.22,15.79,64.41,0.3222875385532352,32.228753855323525,700
18767449,FITNESS,0.11941464227383308,29.77,2.63,53.72,0.1732865025675926,17.32865025675926,1976
20457611,FITNESS,0.24424438913836402,40.54,15.79,60.76,0.3546133213346535,35.46133213346535,538
54259150,FITNESS,0.23314717379868635,31.84,15.79,58.35,0.34079145585499665,34.07914558549967,595
67032711,FITNESS,0.13223832130940838,27.02,7.89,52.25,0.21252096859245845,21.252096859245846,1601
12019284,FITNESS,0.31194131015585286,64.88,5.26,51.71,0.28158421876317147,28.158421876317146,970
38650096,FITNESS,0.12811544786627618,22.41,5.26,45.93,0.16982920042305188,16.98292004230519,2009
32651555,FITNESS,0.18820177405150076,35.85,13.16,56.68,0.2936513493533368,29.365134935333682,875
55746506,FITNESS,0.14515548900378838,50.84,15.79,61.77,0.30853608719596165,30.853608719596163,775
10235429,FITNESS,0.16555366613368888,39.6,10.53,63.56,0.28701107311239876,28.701107311239877,926
30757456,FITNESS,0.17878806460731514,70.5,15.79,57.86,0.31192978660088333,31.192978660088333,762
19037403,FITNESS,0.29894456198528463,66.76,13.16,58.59,0.3555795576010389,35.55795576010389,533
32636041,FITNESS,0.2571833542750959,46.89,15.79,66.0,0.37907113208702226,37.90711320870223,438
27974588,FITNESS,0.19386011737834877,38.66,5.26,46.67,0.20524187160201984,20.524187160201983,1671
24251588,FITNESS,0.47273520853543716,59.26,15.79,64.13,0.48042756041870327,48.04275604187033,125
97123005,FITNESS,0.14374255012568657,38.19,15.79,55.94,0.2878158862086787,28.781588620867872,921
38642923,FITNESS,0.34989887124525054,58.33,7.89,59.89,0.3475785006836202,34.75785006836202,567
39805617,FITNESS,0.17075861473841009,36.32,7.89,56.31,0.24571863676250344,24.571863676250345,1286
20565486,FITNESS,0.3728170278768785,53.65,13.16,55.3,0.38122159212596385,38.12215921259639,428
28669770,FITNESS,0.46167876685626735,58.8,15.79,61.51,0.4659051754871171,46.59051754871171,160
17660419,FITNESS,0.22420265309839374,33.24,2.63,47.86,0.20556378981990042,20.556378981990044,1666
22855060,FITNESS,0.32874970148978766,70.03,15.79,64.59,0.4100139349425659,41.00139349425659,313
17163375,FITNESS,0.09744384780887837,22.27,5.26,50.96,0.1717608222961724,17.17608222961724,1991
35302620,FITNESS,0.1636980255041523,34.25,7.89,53.73,0.2333314935356938,23.33314935356938,1398
19599699,FITNESS,0.12727199035212355,20.27,0.0,26.15,0.06363599517606178,6.363599517606177,2379
17286050,FITNESS,0.1499879583745544,33.71,7.89,55.33,0.23196907926372012,23.196907926372013,1408
15293959,FITNESS,0.4134518994449476,69.57,15.79,61.37,0.44131113759333496,44.131113759333495,219
10428916,FITNESS,0.20535956396577645,73.78,15.79,64.17,0.3468770536161936,34.68770536161936,572
52684666,FITNESS,0.1754115985792161,29.3,7.89,55.42,0.2449898592012724,24.49898592012724,1294
19774173,FITNESS,0.18382933521635744,22.27,2.63,50.62,0.19485189915900586,19.485189915900587,1770
23011221,FITNESS,0.12422524179820205,24.41,7.89,58.52,0.23003863069061437,23.00386306906144,1421
13367322,FITNESS,0.29278377141871076,60.2,13.16,59.81,0.3566872845285312,35.668728452853124,526
16038911,FITNESS,0.3427771134817666,53.65,21.05,64.13,0.4533174833742294,45.33174833742294,189
30990885,FITNESS,0.04116705400194652,41.81,7.89,47.35,0.15016418835445017,15.016418835445016,2165
12923795,FITNESS,0.12746366652277696,34.25,7.89,54.86,0.21909347642056398,21.9093476420564,1538
20279756,FITNESS,0.4541365105835023,75.85,10.53,63.87,0.4323666903252904,43.23666903252904,247
25838512,FITNESS,0.08488107526580663,18.6,10.53,46.64,0.18859032865683045,18.859032865683044,1841
17431847,FITNESS,0.1986077034836334,52.51,15.79,60.61,0.33128004544858586,33.128004544858584,653
28321954,FITNESS,0.257782302136946,61.61,5.26,56.19,0.26988404877362876,26.988404877362875,1081
11332602,FITNESS,0.1259982143328094,38.46,15.79,63.56,0.30510231769432045,30.510231769432046,797
17166018,FITNESS,0.16923620913118462,40.54,10.53,63.84,0.2898135529873911,28.98135529873911,908
29573698,FITNESS,0.05848736269553776,24.48,5.26,42.94,0.12475082553421543,12.475082553421544,2295
95769832,FITNESS,0.1108578236901805,19.4,10.53,49.24,0.21050420921985846,21.050420921985847,1621
89858892,FITNESS,0.1721045453997847,41.27,18.42,59.64,0.33363305120156694,33.363305120156696,640
22488036,FITNESS,0.06972102964948847,8.63,7.89,50.08,0.17381295784660422,17.381295784660423,1969
22093368,FITNESS,0.42411623566649326,45.48,13.16,59.38,0.4208773752174757,42.08773752174757,277
31042953,FITNESS,0.3620927279473619,49.9,15.79,61.59,0.4163867869973056,41.638678699730555,292
24994145,FITNESS,0.4178522674602006,66.29,13.16,64.31,0.4346695243103472,43.46695243103472,239
56286525,FITNESS,0.17389631692177807,49.43,7.89,52.29,0.23348728188096393,23.348728188096395,1397
32517106,FITNESS,0.29563296384703275,81.27,7.89,55.41,0.30506621296460057,30.506621296460057,798
38108845,FITNESS,0.24867419538030036,30.23,13.16,66.12,0.35629401384540565,35.629401384540564,528
28172023,FITNESS,0.1263270572439713,42.14,7.89,53.96,0.21543557342894695,21.543557342894694,1574
45656814,FITNESS,0.07155063076755827,39.13,5.26,51.77,0.16159485229250514,16.159485229250514,2055
24767027,FITNESS,0.18938384440164194,24.88,23.68,64.77,0.39775238179247796,39.77523817924779,360
25507648,FITNESS,0.12110199256685725,36.79,13.16,57.38,0.2625044795516261,26.25044795516261,1147
17915015,FITNESS,0.3091536888062275,55.79,21.05,57.8,0.41477559595922,41.477559595921996,300
36139251,FITNESS,0.3151424975045903,53.65,28.95,69.69,0.5154624773922121,51.54624773922121,75
16474898,FITNESS,0.27309680395706054,63.95,18.42,72.6,0.4286193967520895,42.86193967520895,257
25482567,FITNESS,0.31489143743890147,48.03,15.79,64.0,0.4010593995528934,40.10593995528934,346
29165698,FITNESS,0.14888810432856756,26.76,13.16,60.07,0.2856320016185437,28.56320016185437,941
27084878,FITNESS,0.10638377796065934,28.9,10.53,51.1,0.21465235628300727,21.46523562830073,1582
26459032,FITNESS,0.18624441383579937,42.88,15.79,56.43,0.3107489327221628,31.07489327221628,766
70603826,FITNESS,0.40629123688703306,72.84,21.05,67.67,0.4972269652622386,49.72269652622386,99
95085510,FITNESS,0.1786443307957046,51.3,7.89,53.48,0.23994642441696598,23.994642441696598,1334
21238396,FITNESS,0.13856739774782506,34.92,13.16,47.47,0.23721727139717352,23.721727139717352,1361
20255404,FITNESS,0.17425325867191874,29.83,5.26,58.72,0.23680473129789512,23.68047312978951,1363
69666645,FITNESS,0.1000730156257295,16.72,13.16,55.18,0.24443763955342745,24.443763955342746,1299
19938081,FITNESS,0.08496911187107373,30.97,18.42,61.24,0.2955579537300367,29.55579537300367,860
12092347,FITNESS,0.09634118251460198,21.2,18.42,60.98,0.30035143841671674,30.035143841671676,832
62870550,FITNESS,0.13329520203981743,27.69,10.53,56.24,0.24575310780078746,24.575310780078745,1285
76530505,FITNESS,0.12691312324240592,38.19,10.53,49.62,0.21983635607801716,21.983635607801716,1532
10333051,FITNESS,0.15444235458499664,59.73,7.89,57.69,0.24229789082585848,24.22978908258585,1310
29319314,FITNESS,0.12709961929530267,13.44,10.53,57.17,0.2458479013924848,24.58479013924848,1284
77266989,FITNESS,0.15278895437693948,36.12,10.53,60.04,0.2685449547898085,26.85449547898085,1087
59487170,FITNESS,0.3174935845550414,70.5,15.79,59.28,0.3861572461971288,38.615724619712886,406
24219583,FITNESS,0.15128183903706494,35.18,10.53,49.85,0.23281027799869033,23.281027799869033,1401
27397245,FITNESS,0.17775747276146575,56.92,10.53,50.16,0.24711228984887557,24.711228984887555,1269
29425788,FITNESS,0.2277180059238458,53.65,5.26,62.81,0.27757761299114325,27.757761299114325,1004
11130200,FITNESS,0.10367946977148249,34.38,10.53,49.43,0.20756728080153247,20.75672808015325,1651
10969918,FITNESS,0.10616670615111375,29.63,5.26,51.57,0.17821631257267972,17.821631257267974,1930
21178545,FITNESS,0.09495316801964188,30.7,7.89,53.57,0.19840980286415605,19.840980286415604,1737
12938389,FITNESS,0.20917497641980176,19.8,13.16,62.22,0.32315614483889477,32.315614483889476,692
57575888,FITNESS,0.19808107662337338,51.77,13.16,59.48,0.3082030844017173,30.82030844017173,779
37087824,FITNESS,0.18043587751222584,16.72,10.53,52.46,0.256347132457692,25.6347132457692,1199
21122155,FITNESS,0.19967150996371721,36.59,10.53,56.0,0.27811736886881355,27.811736886881356,1000
24708621,FITNESS,0.14892847624682914,22.14,7.89,56.97,0.23706927297500338,23.70692729750034,1362
27903191,FITNESS,0.12578925655108683,27.22,13.16,51.47,0.24455974903086755,24.455974903086755,1298
24905947,FITNESS,0.11515200967922311,26.96,5.26,55.66,0.19674947240401897,19.674947240401895,1751
75156649,FITNESS,0.07286547236110119,27.69,2.63,38.4,0.09742008788242473,9.742008788242472,2364
96761538,FITNESS,0.057973186521960415,19.2,2.63,40.42,0.09690837682004627,9.690837682004627,2365
19975121,FITNESS,0.05879208702628206,16.92,7.89,49.38,0.16594546559439,16.594546559439,2033
12695799,FITNESS,0.1187532362336236,37.26,10.53,53.07,0.22759987292378048,22.75998729237805,1448
14515954,FITNESS,0.3170276283912146,56.45,15.79,58.92,0.3846884287743298,38.46884287743298,413
13675377,FITNESS,0.2753777220282072,88.29,15.79,55.8,0.3531528679718168,35.31528679718168,544
34151183,FITNESS,0.10798668023183608,15.79,7.89,53.56,0.204892230099673,20.4892230099673,1673
16605352,FITNESS,0.12622315652830043,23.88,5.26,48.53,0.17780856110490506,17.780856110490507,1935
34792238,FITNESS,0.3337677602202563,71.44,15.79,62.38,0.40493628390958525,40.49362839095853,334
23004695,FITNESS,0.15558117269788707,30.5,10.53,53.07,0.24601384115591224,24.601384115591223,1282
35164503,FITNESS,0.15839277155223244,46.62,13.16,58.43,0.28475440045523026,28.475440045523026,948
63282405,FITNESS,0.0853674437218721,44.28,15.79,49.95,0.23806533952925688,23.806533952925687,1352
31556198,FITNESS,0.1247017705564607,14.25,2.63,53.39,0.17479721397976122,17.47972139797612,1962
12791244,FITNESS,0.15323158326991904,47.36,7.89,54.27,0.22995203142990572,22.995203142990572,1423
14107571,FITNESS,0.11035377358473934,22.81,5.26,48.5,0.16977088302138404,16.977088302138405,2010
17658471,FITNESS,0.08832639086225061,11.84,13.16,50.81,0.22356261072815903,22.356261072815904,1484
80000092,FITNESS,0.08832202140513594,16.32,5.26,45.5,0.14845634575753497,14.845634575753497,2174
13037145,FITNESS,0.07980701587156024,21.87,2.63,44.27,0.121041906668207,12.104190666820699,2305
23477199,FITNESS,0.0909503497658224,11.17,0.0,52.16,0.13476456726190192,13.476456726190191,2241
29306433,FITNESS,0.2878578010167222,39.87,15.79,61.71,0.37968126997894763,37.968126997894764,434
90365216,FITNESS,0.20865409667384038,48.03,5.26,48.86,0.22015688390682023,22.015688390682023,1521
54246169,AGRICULTURE,0.09987152526695538,45.34,9.62,48.44,0.19571327447990383,19.571327447990384,1760
28165687,AGRICULTURE,0.12930130626010983,36.89,9.62,51.66,0.2214820613032919,22.14820613032919,1502
21134923,AGRICULTURE,0.10014361445895906,12.42,3.85,54.55,0.1752835822545218,17.52835822545218,1960
37292350,AGRICULTURE,0.08485677849749375,44.7,5.77,51.77,0.1719196324209718,17.19196324209718,1989
84512719,AGRICULTURE,0.10768709892107751,24.25,5.77,35.31,0.12682947165782374,12.682947165782373,2285
21868149,AGRICULTURE,0.0955354851471513,17.26,3.85,53.04,0.1677958581410141,16.77958581410141,2027
37201447,AGRICULTURE,0.052920183479335456,13.38,7.69,48.48,0.15848003065948724,15.848003065948724,2089
29897742,AGRICULTURE,0.0653595548316867,15.62,1.92,46.74,0.11718581610885503,11.718581610885504,2321
55500538,AGRICULTURE,0.07646839806358469,24.02,3.85,44.29,0.12822455284159262,12.822455284159261,2275
15053703,AGRICULTURE,0.04779110469471095,19.36,9.62,44.68,0.15676540885564222,15.676540885564222,2105
15603319,AGRICULTURE,0.1441012647432447,8.26,7.69,50.64,0.21148560733675595,21.148560733675595,1611
69336473,AGRICULTURE,0.09384525904621178,18.49,7.69,50.16,0.18470981870039188,18.47098187003919,1879
18242317,AGRICULTURE,0.13776742748660523,17.9,5.77,50.72,0.19477042550461093,19.477042550461093,1773
30437583,AGRICULTURE,0.06310858069447965,15.62,5.77,46.86,0.1441900580646072,14.419005806460719,2191
14140903,AGRICULTURE,0.06835236402751943,17.12,3.85,46.54,0.13189053170409554,13.189053170409554,2256
17312146,AGRICULTURE,0.09860406970245682,23.79,5.77,44.43,0.1535958870176174,15.359588701761739,2127
29746235,AGRICULTURE,0.08529644210107301,20.27,0.0,47.64,0.11642096392729588,11.642096392729588,2323
62994611,AGRICULTURE,0.06207544389376955,11.51,5.77,47.36,0.14538993319326005,14.538993319326005,2186
38216888,AGRICULTURE,0.06887093925379713,20.32,0.0,31.87,0.05407158359874891,5.407158359874891,2381
19851252,AGRICULTURE,0.09041905383656718,10.18,3.85,41.98,0.12726991162406737,12.726991162406737,2283
11813872,AGRICULTURE,0.1240532429426401,24.57,5.77,47.07,0.17538329547087075,17.538329547087077,1956
16849128,AGRICULTURE,0.09162970041168104,7.31,3.85,47.32,0.14620685180142862,14.620685180142862,2180
23631188,AGRICULTURE,0.086618896410331,17.67,7.69,53.98,0.19421026594407184,19.421026594407184,1783
24001783,AGRICULTURE,0.10995257623280272,19.13,3.85,49.67,0.1634355742983266,16.34355742983266,2046
12341902,AGRICULTURE,0.03976178999087476,11.64,9.62,47.05,0.16088669383122153,16.088669383122152,2068
11197262,AGRICULTURE,0.06829390484703424,20.27,3.85,44.7,0.12554478992710388,12.554478992710388,2289
10953078,AGRICULTURE,0.07026271648229852,16.26,5.77,49.78,0.15779115616792275,15.779115616792275,2096
69859102,AGRICULTURE,0.0802110313616202,18.49,0.0,46.06,0.1084542970059045,10.84542970059045,2341
40882926,AGRICULTURE,0.06922203276407872,22.47,5.77,39.48,0.12191207761125017,12.191207761125018,2302
16653657,AGRICULTURE,0.0780452890134244,11.14,7.69,38.16,0.13561518898780872,13.561518898780871,2236
24397882,AGRICULTURE,0.1001554722903182,15.43,11.54,49.03,0.21170354552428106,21.170354552428105,1609
16172429,AGRICULTURE,0.11796359659068906,22.15,11.54,51.13,0.22781667049629967,22.781667049629966,1444
36102323,AGRICULTURE,0.08121950007535136,21.19,7.69,51.75,0.1838552296372068,18.38552296372068,1888
81042872,AGRICULTURE,0.054843430243044264,19.04,5.77,43.22,0.127561773947712,12.756177394771202,2281
19532392,AGRICULTURE,0.17898579459806246,34.47,1.92,54.8,0.20166800567965015,20.166800567965016,1708
34141299,AGRICULTURE,0.09325887786048202,8.68,5.77,45.3,0.15390990283710373,15.390990283710373,2125
89740812,AGRICULTURE,0.10374136798923538,10.0,5.77,56.25,0.19674126118675334,19.674126118675332,1752
20969119,AGRICULTURE,0.10603396362776717,14.47,5.77,52.48,0.18494557479729967,18.494557479729966,1875
27689009,AGRICULTURE,0.03631899317440484,12.74,5.77,52.48,0.15008808957061853,15.008808957061854,2167
29510501,AGRICULTURE,0.06724674748505385,7.67,5.77,46.82,0.14612182597757367,14.612182597757368,2181
17640785,AGRICULTURE,0.07628012513463504,13.88,3.85,47.45,0.1389783394804477,13.897833948044768,2219
29968330,AGRICULTURE,0.1850587819772357,17.08,3.85,47.32,0.19292139258420596,19.292139258420598,1796
28733974,AGRICULTURE,0.13436228295178332,24.25,5.77,53.78,0.20357248763472832,20.357248763472832,1690
15546686,AGRICULTURE,0.04604259150409617,21.87,5.77,43.16,0.12295538135475703,12.295538135475702,2300
56068028,AGRICULTURE,0.08643382088165298,19.27,7.69,48.72,0.17606074225456977,17.60607422545698,1949
24068423,AGRICULTURE,0.21260883112172466,35.48,7.69,51.53,0.24879466000762998,24.879466000763,1253
12674256,AGRICULTURE,0.09972065549969422,28.4,5.77,52.8,0.18288744459182826,18.288744459182826,1892
27888251,AGRICULTURE,0.09316939959929164,29.54,3.85,49.61,0.15483801275809012,15.483801275809011,2119
16507693,AGRICULTURE,0.1041984814609326,23.93,5.77,54.55,0.1911339099239751,19.113390992397512,1823
55712978,AGRICULTURE,0.033306726814499255,17.53,5.77,45.61,0.12499802230209726,12.499802230209726,2293
26835781,AGRICULTURE,0.09495149970699124,19.13,5.77,40.54,0.13841567136420319,13.841567136420318,2223
26921245,AGRICULTURE,0.09960498895138467,22.65,11.54,58.87,0.24520791250568968,24.52079125056897,1291
20006992,AGRICULTURE,0.05612640629687303,11.64,5.77,47.25,0.14203779681843004,14.203779681843004,2203
11676151,AGRICULTURE,0.10248287771945347,9.86,5.77,43.26,0.15151881316823726,15.151881316823726,2150
24416961,AGRICULTURE,0.13083243314198403,18.95,3.85,52.73,0.18438013715044557,18.43801371504456,1882
69360287,AGRICULTURE,0.09478448851490481,16.89,9.62,48.58,0.19365036029200075,19.365036029200073,1790
18264694,AGRICULTURE,0.0933924366828874,21.69,11.54,56.79,0.23496123129076818,23.496123129076818,1381
16661264,AGRICULTURE,0.09242768699274574,53.97,5.77,49.61,0.1682900506232837,16.82900506232837,2022
26070334,AGRICULTURE,0.11093638494705986,25.71,3.85,42.16,0.13814649684975655,13.814649684975656,2225
29142288,AGRICULTURE,0.09320886582200585,17.21,9.62,55.83,0.21775098011616573,21.775098011616574,1551
28247753,AGRICULTURE,0.09952187489107717,17.67,7.69,52.57,0.19582138443264266,19.582138443264267,1759
79536879,AGRICULTURE,0.059711882089501574,9.91,5.77,49.8,0.1525843967126846,15.258439671268459,2138
17499196,AGRICULTURE,0.046160673248903175,13.56,9.62,47.16,0.1644637530366175,16.44637530366175,2041
79261033,BPO,0.1669028253344208,50.67,7.14,56.23,0.2381165430613103,23.81165430613103,1351
16492045,BPO,0.166607726318782,67.11,14.29,58.11,0.2958987031520062,29.589870315200624,856
18589927,BPO,0.11841744861522865,51.26,14.29,59.82,0.2776738011694365,27.767380116943652,1003
23933031,BPO,0.26737840741615193,74.75,25.0,68.0,0.45734112823794465,45.73411282379446,176
13964744,BPO,0.28951139599969006,67.11,17.86,63.48,0.40148708533849753,40.14870853384976,343
89512321,BPO,0.09240440551798024,51.85,10.71,54.57,0.22087068448127625,22.087068448127624,1509
30709029,BPO,0.07120354497955475,46.06,10.71,59.8,0.2282242535254861,22.82242535254861,1438
11183737,BPO,0.23561927562362847,33.64,17.86,62.09,0.3697693121398248,36.976931213982475,474
63158213,BPO,0.054247723956527605,28.94,7.14,50.13,0.1608483813184674,16.08483813184674,2069
24727739,BPO,0.3597632657988256,80.62,17.86,62.51,0.4332831197917899,43.32831197917899,242
15145575,BPO,0.06290567806935703,27.94,3.57,54.46,0.154339815491598,15.4339815491598,2120
69097572,BPO,0.13619806974004306,70.05,10.71,56.93,0.2508691300492249,25.08691300492249,1236
31064969,BPO,0.14652368128958834,68.96,10.71,56.84,0.25572297598877614,25.572297598877615,1205
38707449,BPO,0.07502531086398423,47.15,10.71,56.84,0.21997379077597412,21.99737907759741,1524
57706851,BPO,0.11583025761779407,43.12,7.14,54.38,0.20622941814566775,20.622941814566776,1661
41152404,BPO,0.118558200316439,55.96,7.14,51.27,0.19691711074456109,19.69171107445611,1747
27710853,BPO,0.28186669210921805,63.59,21.43,63.55,0.423606979331815,42.3606979331815,271
15573418,BPO,0.1948308080233167,41.28,10.71,58.74,0.2863990247658703,28.639902476587032,934
26829350,BPO,0.12400208295291516,51.26,3.57,55.17,0.18732536774456832,18.732536774456833,1847
95625660,BPO,0.07468573988135384,39.26,10.71,55.74,0.2160278295208415,21.60278295208415,1567
19362586,BPO,0.0857150331354018,37.84,17.86,62.3,0.2955380971778947,29.55380971778947,862
45077654,BPO,0.08560909601480535,54.19,14.29,59.48,0.26010244326949955,26.010244326949955,1165
87118391,SALES,0.18532004590617826,7.51,4.17,51.27,0.20891574412258407,20.891574412258407,1640
33578873,SALES,0.22404145242116602,18.21,0.0,51.67,0.19962800393114602,19.962800393114602,1730
27607632,SALES,0.12464790561161646,9.83,0.0,50.29,0.14519384638630944,14.519384638630944,2187
23760084,SALES,0.2331644892696697,31.7,8.33,59.84,0.2922074119232026,29.22074119232026,885
30083943,SALES,0.04859188511338299,14.16,4.17,50.11,0.1365695147388881,13.656951473888808,2231
20552814,SALES,0.13180651361660167,9.83,4.17,51.94,0.18445901230666634,18.445901230666635,1881
40987524,SALES,0.2355349274881222,75.05,8.33,54.37,0.2746147388250824,27.46147388250824,1038
29134721,SALES,0.18355459205080063,39.4,4.17,44.78,0.18575358018837274,18.575358018837274,1866
18062906,SALES,0.09940523079190501,17.24,4.17,46.89,0.15092229125133827,15.092229125133827,2158
29399491,SALES,0.16746758104783283,24.47,0.0,55.35,0.18397409261797754,18.397409261797755,1886
19473948,SALES,0.15762093995836485,11.85,12.5,52.77,0.2601867240395167,26.01867240395167,1164
71772815,SALES,0.15709505347325878,11.85,12.5,52.88,0.2603013983733454,26.03013983733454,1162
15765660,SALES,0.21900804106743466,56.94,16.67,59.54,0.34414251824895675,34.41425182489567,580
29184740,SALES,0.20025282423921656,60.21,0.0,55.61,0.2012592648487535,20.12592648487535,1714
17781039,SALES,0.22031934960368718,42.77,4.17,55.62,0.2413484546737072,24.13484546737072,1319
19147947,SALES,0.10610852822120322,19.85,8.33,51.94,0.20155962364064456,20.155962364064457,1710
18328743,SALES,0.15154573333462296,17.24,4.17,44.75,0.16964616421854345,16.964616421854345,2011
37540732,SALES,0.3610151473015525,76.4,4.17,54.62,0.3082634664646241,30.82634664646241,777
30608780,SALES,0.267852557604617,76.78,25.0,62.89,0.44003615046571654,44.00361504657165,221
15918496,SALES,0.14697382332399547,13.87,8.33,58.77,0.24543888979828857,24.543888979828857,1287
16223371,SALES,0.17712591942532016,11.85,4.17,50.2,0.20114549173007812,20.114549173007813,1719
79376680,SALES,0.20550085811617452,27.55,8.33,54.34,0.25949471752736814,25.949471752736812,1170
36904300,SALES,0.20187553799447427,11.85,8.33,49.03,0.23945342718845414,23.945342718845414,1341
10724818,SALES,0.15769864999644215,34.01,12.5,55.65,0.27011229378564083,27.01122937856408,1078
26994282,SALES,0.10625103368739773,26.59,8.33,57.85,0.2219192388866152,22.19192388866152,1500
20819838,SALES,0.1463116467984038,33.33,16.67,59.78,0.30861821400836514,30.861821400836515,774
16511249,SALES,0.061967506521344015,41.04,12.5,53.98,0.2165138006612054,21.65138006612054,1562
36074301,SALES,0.23945815031681839,66.96,12.5,61.93,0.33255057467016813,33.25505746701681,646
27624540,SALES,0.1279184601898688,39.02,12.5,58.59,0.2653148868329206,26.53148868329206,1117
20423658,SALES,0.2758012181828098,46.05,8.33,51.44,0.28468952509243994,28.468952509243994,950
98509238,SALES,0.23021650903330362,55.59,16.67,62.99,0.3615902125820457,36.15902125820457,504
25810233,SALES,0.2158071464288949,53.85,0.0,60.92,0.2272650562216565,22.72650562216565,1452
15273850,SALES,0.15678920762641663,17.24,0.0,36.98,0.11557277065151933,11.557277065151933,2329
26932091,SALES,0.2741861166370419,40.75,8.33,57.36,0.3042046657030095,30.420466570300952,805
13812481,SALES,0.0996802265573473,11.85,0.0,51.29,0.13614289391719064,13.614289391719064,2234
55477468,SALES,0.11488439568861618,14.16,12.5,53.14,0.2400886201161082,24.00886201161082,1332
15973307,SALES,0.06265581938623932,17.24,8.33,49.83,0.17258987753074928,17.258987753074926,1982
22047665,SALES,0.147424593822763,11.85,4.17,50.15,0.18612318457589871,18.612318457589872,1862
69155584,SALES,0.17915595254545993,16.76,8.33,57.49,0.25713585897476054,25.713585897476054,1191
30529547,SALES,0.06180879149261311,11.85,8.33,56.3,0.19437714284929836,19.437714284929836,1779
23296286,SALES,0.11696499198790104,11.85,4.17,50.89,0.17343372008139946,17.343372008139944,1974
10603337,SALES,0.10990891651512497,2.6,4.17,44.72,0.14872476919705396,14.872476919705397,2173
22319662,SALES,0.2402192530022742,22.64,8.33,48.68,0.2574237742220486,25.74237742220486,1188
15581242,SALES,0.1975220902163003,31.41,12.5,53.96,0.2842224347675233,28.422243476752328,953
90682785,SALES,0.14602093172641836,16.96,12.5,56.04,0.26561226060325516,26.561226060325517,1115
98108571,SALES,0.05003798902312451,2.6,8.33,48.14,0.1604793832211452,16.04793832211452,2074
12351749,SALES,0.23114528150225794,54.34,0.0,57.46,0.22305633453760343,22.305633453760343,1489
39581020,SALES,0.11008654293090103,7.51,4.17,47.78,0.15931821680247032,15.931821680247033,2081
14267489,SALES,0.11636480230519418,18.88,4.17,49.94,0.169872382534931,16.9872382534931,2007
25839123,SALES,0.10474460613835666,14.16,4.17,43.84,0.14312167339761594,14.312167339761594,2197
31454430,SALES,0.1108093640080434,17.24,4.17,48.29,0.16143039974062956,16.143039974062955,2056
18368613,SALES,0.3699603628947761,70.04,8.33,54.95,0.34381853102205856,34.38185310220586,583
51349448,SALES,0.08749782145997079,14.45,4.17,49.16,0.152761240207067,15.2761240207067,2135
17509935,SALES,0.12221389594648205,21.87,4.17,46.57,0.1612280999700617,16.122809997006172,2060
21595057,SALES,0.13662794068249082,18.3,4.17,47.99,0.17330982196044853,17.330982196044854,1975
12696104,SALES,0.12339155210065779,9.83,12.5,74.58,0.3179432968459876,31.79432968459876,730
34303500,SALES,0.22042232094880143,85.84,12.5,55.6,0.3013024849089197,30.13024849089197,826
10898339,SALES,0.08592747125504815,9.83,4.17,44.75,0.13683703317875603,13.683703317875603,2230
25315791,SALES,0.22754479255176813,29.0,4.17,49.35,0.22343697429398865,22.343697429398865,1485
36621169,SALES,0.13404692483944003,14.16,8.33,50.63,0.21103173990376228,21.103173990376227,1617
17378327,SALES,0.08205620554943147,17.53,0.0,46.85,0.11208886487564262,11.208886487564262,2332
33236701,SALES,0.1519645021966051,19.85,4.17,54.77,0.20425307697085276,20.425307697085277,1683
29211919,SALES,0.12108092544245375,11.85,8.33,48.5,0.19723669077169553,19.723669077169554,1743
16121015,SALES,0.09989683138309309,23.6,12.5,54.27,0.23647400033890453,23.647400033890452,1366
19582792,SALES,0.18691452570807243,31.02,4.17,49.0,0.2019203304018353,20.192033040183528,1707
13348915,SALES,0.1715034423508151,25.92,12.5,56.26,0.2791087510682169,27.910875106821692,989
59422148,SALES,0.3188033315667797,44.51,16.67,62.52,0.40427016693151635,40.427016693151636,338
10138632,SALES,0.19746533792294757,34.01,8.33,57.19,0.26526068554609966,26.526068554609967,1119
29805310,SALES,0.12340699324302312,21.87,4.17,49.26,0.17105911480439473,17.105911480439474,1999
26425074,SALES,0.2470006282737586,95.28,25.0,67.22,0.4444745867614957,44.44745867614957,209
10464113,SALES,0.2519299192849092,79.77,8.33,56.45,0.28995263980414876,28.995263980414876,907
54101961,SALES,0.0822194587304848,9.83,0.0,45.8,0.10856596005525271,10.85659600552527,2340
92200491,SALES,0.1091597927685398,19.27,4.17,51.84,0.17279236317683383,17.279236317683385,1981
26530696,SALES,0.21563774238874883,28.61,8.33,56.01,0.27029608105054165,27.029608105054166,1077
29332616,SALES,0.15385810764741112,14.16,8.33,55.46,0.23751817579796414,23.751817579796413,1358
42304307,SALES,0.11661394156023533,11.85,4.17,51.16,0.17418507437323083,17.418507437323083,1965
12820557,SALES,0.15501566617665638,17.24,4.17,48.68,0.18487237677756221,18.487237677756223,1876
13178604,SALES,0.3183632514802387,45.47,29.17,67.95,0.5126835041892255,51.26835041892255,80
23929500,SALES,0.13024005715947104,7.51,4.17,45.4,0.16122470271867773,16.122470271867773,2061
37360517,SALES,0.09982929978388648,14.45,0.0,49.41,0.12976360286139055,12.976360286139055,2269
28377361,SALES,0.10423197555488768,11.85,4.17,46.41,0.151687877844982,15.1687877844982,2148
18171955,SALES,0.28491796256625285,25.24,8.33,57.48,0.30998253511457685,30.998253511457683,769
12082377,SALES,0.2836944218267615,54.91,12.5,55.95,0.33414004581820533,33.414004581820535,637
28198029,SALES,0.18863292858808406,9.83,4.17,50.86,0.20916470176975047,20.916470176975047,1636
28867567,SALES,0.3237884926840882,48.84,16.67,66.84,0.42159281958079886,42.15928195807989,275
19147494,SALES,0.1737944304382207,51.16,4.17,56.12,0.21980243861998183,21.980243861998183,1533
14358578,SALES,0.2175897316025316,34.01,8.33,56.13,0.27168402210439496,27.168402210439496,1064
37735467,SALES,0.23929986634732547,20.23,8.33,59.34,0.2935586569330226,29.355865693302256,876
65456466,SALES,0.18682594452121098,27.36,8.33,54.14,0.2494706833182832,24.94706833182832,1248
32140087,SALES,0.09491229640560246,37.38,8.33,51.5,0.19445103742731726,19.445103742731725,1778
17704246,SALES,0.1615107474696155,19.08,12.5,47.89,0.24537913895202498,24.537913895202497,1288
58428843,SALES,0.22522981701596165,37.09,8.33,52.89,0.2643815107431388,26.438151074313883,1133
70528646,SALES,0.1547236371122961,41.04,8.33,55.68,0.23870617568317007,23.870617568317005,1348
23032182,SALES,0.15986511408222662,19.85,8.33,56.84,0.24525906315543367,24.525906315543367,1290
36970996,SALES,0.2666567114023168,46.72,8.33,53.25,0.28633079727720206,28.633079727720208,935
13637605,SALES,0.12091173927434716,14.16,4.17,51.59,0.17781011466523355,17.781011466523356,1934
55097118,SALES,0.09774022029699234,11.85,8.33,49.93,0.19047536669192738,19.047536669192738,1832
24610685,SALES,0.19560089852333776,50.19,4.17,53.06,0.22020103826501208,22.02010382650121,1520
38087844,SALES,0.30342857577292554,80.44,4.17,54.61,0.2794358518297304,27.94358518297304,986
28139742,SALES,0.1352923619659305,50.19,12.5,55.0,0.25667777318267476,25.667777318267476,1195
17410700,SALES,0.21792211077770104,15.61,12.5,53.28,0.2920880818487729,29.208808184877288,887
20141807,SALES,0.1052596372558391,22.54,4.17,52.08,0.17166617831440728,17.16661783144073,1992
16280971,SALES,0.25747179453562336,59.54,4.17,60.49,0.27664283711221216,27.664283711221216,1010
34131484,SALES,0.29559288048159754,30.25,12.5,58.49,0.3488088082729834,34.88088082729834,560
18885231,SALES,0.105681138857682,12.24,4.17,50.92,0.16789478012803039,16.789478012803038,2024
15620421,SALES,0.16472020081657865,20.23,4.17,48.8,0.19013659054448523,19.013659054448524,1835
31199035,SALES,0.04471435682283949,11.85,0.0,33.6,0.04793218699363741,4.793218699363741,2382
85918100,SALES,0.10290461565123984,50.19,8.33,50.68,0.195632229662563,19.563222966256298,1763
14381464,SALES,0.08628968033440187,0.0,4.17,43.7,0.13341360630751634,13.341360630751634,2246
23782450,SALES,0.12745697596962413,11.85,4.17,54.57,0.1913127364457591,19.13127364457591,1822
37792474,SALES,0.10506371533374893,54.91,12.5,53.79,0.23740965652638488,23.740965652638486,1360
29928796,SALES,0.24875391765350796,21.1,4.17,48.38,0.23071163639858328,23.071163639858327,1419
55104715,SALES,0.27692904284117953,73.7,8.33,60.68,0.31697331383769073,31.697331383769072,738
27233183,SALES,0.15043478825969012,11.85,4.17,52.19,0.1946313713927145,19.46313713927145,1777
29815762,SALES,0.10169198692127232,14.84,4.17,52.75,0.17218238747599446,17.218238747599447,1987
19156751,SALES,0.14088857400939908,20.23,0.0,56.69,0.17528465775650182,17.528465775650183,1959
27096471,CONSULTANT,0.21902428769268595,49.97,10.53,63.52,0.3136090684095767,31.360906840957668,753
43311839,CONSULTANT,0.12980648529189795,21.97,10.53,51.93,0.22921300620677967,22.921300620677968,1431
15119529,CONSULTANT,0.1310288328683788,35.87,7.89,60.13,0.23896737438910812,23.89673743891081,1345
88907739,CONSULTANT,0.3536898464214702,61.88,10.53,62.86,0.37867614231567837,37.867614231567835,439
31395742,CONSULTANT,0.11876540439120353,25.37,7.89,51.92,0.20465165740421082,20.46516574042108,1679
93349646,CONSULTANT,0.14226213149335887,49.52,15.79,55.85,0.2867667170572934,28.67667170572934,928
25694422,CONSULTANT,0.10460170381012829,45.48,2.63,51.21,0.1572634868201206,15.726348682012059,2100
26291616,CONSULTANT,0.10544974894548895,21.33,7.89,50.76,0.19401168069405522,19.40116806940552,1784
11020140,CONSULTANT,0.17432071871648194,32.54,2.63,48.51,0.18285419921665477,18.285419921665476,1893
93459677,CONSULTANT,0.16514092391842974,58.94,7.89,59.6,0.2542039897733852,25.42039897733852,1219
18079050,CONSULTANT,0.06716695185246052,43.5,7.89,52.86,0.18207934496937417,18.207934496937416,1901
25213006,CONSULTANT,0.08545818867178485,15.7,7.89,49.05,0.17814566368799617,17.814566368799618,1931
14517953,CONSULTANT,0.16637099743491118,55.09,5.26,51.46,0.20794084063819668,20.794084063819668,1649
39308779,CONSULTANT,0.07204973177450406,61.18,5.26,52.86,0.16558624968921523,16.558624968921524,2034
51724595,CONSULTANT,0.3034162166469639,67.91,10.53,51.64,0.3150223346374881,31.50223346374881,748
22259768,CONSULTANT,0.20279286872952626,54.26,7.89,59.47,0.27258368686139145,27.258368686139146,1053
10332998,CONSULTANT,0.08953893610999793,28.44,5.26,54.59,0.18026974646732952,18.026974646732953,1917
24643412,CONSULTANT,0.11108546989773427,25.56,10.53,54.14,0.2274391789079127,22.74391789079127,1449
69181350,CONSULTANT,0.3166309812017658,68.61,2.63,53.86,0.27237527621968116,27.237527621968116,1056
18856440,CONSULTANT,0.09239474598558146,20.44,0.0,50.83,0.13092102558462046,13.092102558462045,2263
15433732,CONSULTANT,0.1320993805519264,31.39,5.26,48.03,0.17903022958771014,17.903022958771015,1927
15281412,CONSULTANT,0.10913019511089266,35.43,5.26,57.77,0.20098195681226708,20.09819568122671,1721
15699744,CONSULTANT,0.17421264596007266,32.74,13.16,57.09,0.28806426900140925,28.806426900140924,919
28951817,CONSULTANT,0.1451193575120272,45.04,5.26,64.85,0.2432813783835861,24.32813783835861,1305
38165833,CONSULTANT,0.04481791366346576,13.39,2.63,34.21,0.06901251176052088,6.901251176052088,2378
13586069,CONSULTANT,0.23768007328307955,74.89,15.79,63.1,0.3593641191227683,35.936411912276824,513
30083884,CONSULTANT,0.18330410274834388,46.19,7.89,58.04,0.25793027537783764,25.793027537783765,1182
51432451,CONSULTANT,0.24972950370473376,50.86,10.53,53.25,0.29370592632977843,29.370592632977843,873
31169070,CONSULTANT,0.19808151244040367,57.59,10.53,55.71,0.2763268328603322,27.63268328603322,1015
29723311,CONSULTANT,0.15988136823190566,34.72,13.16,55.5,0.2754403397150806,27.544033971508057,1028
22485475,CONSULTANT,0.10374529433689884,40.29,13.16,61.21,0.26697408786884735,26.697408786884736,1100
22556198,CONSULTANT,0.09700793345235308,56.69,7.89,54.85,0.20383128101477188,20.383128101477187,1686
30863060,CONSULTANT,0.16447295235561304,54.45,7.89,52.4,0.22915321717426318,22.915321717426316,1432
78016758,CONSULTANT,0.13819205539660193,68.61,7.89,57.57,0.23376079478469924,23.376079478469926,1395
12897903,CONSULTANT,0.18828926424447337,82.06,15.79,66.17,0.34520767787157364,34.52076778715736,577
34875813,CONSULTANT,0.2619964738880391,78.92,10.53,59.43,0.32105465343996864,32.10546534399686,711
11333660,CONSULTANT,0.09896256430991418,37.41,7.89,49.35,0.18592771762446558,18.59277176244656,1864
21366189,CONSULTANT,0.12657829996550413,35.87,7.89,54.48,0.21734629605988157,21.734629605988157,1555
32637306,CONSULTANT,0.17617964918303172,27.1,13.16,58.33,0.29330455056482835,29.330455056482833,878
71888547,CONSULTANT,0.08456055851306024,20.63,7.89,54.02,0.19475829728697236,19.475829728697235,1775
29770086,CONSULTANT,0.1352450715322386,46.19,13.16,58.88,0.27472534962134043,27.47253496213404,1035
99714410,CONSULTANT,0.12278881037245709,81.87,7.89,59.91,0.23409212798838377,23.40921279883838,1392
39441617,CONSULTANT,0.28810008474022575,42.15,10.53,60.5,0.3377796480181389,33.777964801813894,611
12374933,CONSULTANT,0.10779716005604345,43.69,13.16,51.17,0.23453383466594113,23.45338346659411,1385
20176584,CONSULTANT,0.16809059101012763,65.28,13.16,61.84,0.30130945505201173,30.130945505201172,825
32433431,CONSULTANT,0.20879110378502713,35.62,15.79,63.14,0.3450569498560627,34.50569498560627,578
88691367,CONSULTANT,0.1663153366475054,52.66,7.89,57.81,0.24864632830407477,24.864632830407476,1257
17025292,CONSULTANT,0.13032331543277773,39.01,10.53,54.78,0.23925514939256456,23.925514939256455,1343
23302948,CONSULTANT,0.10440516016821814,54.45,5.26,52.66,0.1810773864744691,18.10773864744691,1907
24828381,CONSULTANT,0.07040573658215087,47.28,5.26,50.0,0.1549461951071135,15.494619510711349,2117
38896303,CONSULTANT,0.09617370226227605,22.42,10.53,52.41,0.21404440047981627,21.404440047981627,1588
31217840,CONSULTANT,0.2906962799851951,56.25,13.16,57.09,0.34630608601397045,34.63060860139704,574
38399177,CONSULTANT,0.10182353635482178,18.39,7.89,51.38,0.19432696437469144,19.432696437469144,1781
19161572,CONSULTANT,0.03847398552436228,14.61,0.0,34.23,0.04697472019094873,4.697472019094873,2383
29647215,CONSULTANT,0.14324467963617776,71.04,13.16,57.69,0.27464001807427124,27.464001807427124,1037
73075521,CONSULTANT,0.15288737184126708,70.4,10.53,59.48,0.26667174676948346,26.667174676948346,1105
17983957,CONSULTANT,0.26707776520842375,37.6,10.53,58.68,0.32102063380664914,32.102063380664916,712
20314980,CONSULTANT,0.15647430994421294,47.28,7.89,51.47,0.22196131100460842,22.196131100460843,1499
21512769,CONSULTANT,0.04109323213183408,32.09,5.26,45.22,0.12388074274463962,12.388074274463962,2297
21568833,CONSULTANT,0.07321906198614855,39.01,5.26,50.69,0.15872154987914322,15.872154987914321,2088
27726066,CONSULTANT,0.14984337004681206,56.25,0.0,55.09,0.17426943648238308,17.426943648238307,1964
91189201,CONSULTANT,0.11192644373313508,62.78,2.63,50.6,0.15883179567623437,15.883179567623436,2087
95429627,CONSULTANT,0.15774053619404313,61.88,2.63,46.99,0.16934611962725138,16.93461196272514,2017
12526702,CONSULTANT,0.1376247496609661,48.17,10.53,60.68,0.26315990014895185,26.315990014895185,1140
92246939,CONSULTANT,0.0997062040706721,36.77,5.26,56.84,0.19307737632820213,19.307737632820213,1795
48533663,CONSULTANT,0.14516049455341745,66.37,21.05,64.19,0.3547151471335358,35.47151471335358,537
38457612,CONSULTANT,0.15690020920834785,31.13,10.53,56.14,0.2572123226792511,25.72123226792511,1190
27788376,CONSULTANT,0.07527783624317719,58.94,0.0,50.87,0.12249988619573896,12.249988619573896,2301
31016926,CONSULTANT,0.3275911983691351,47.73,18.42,66.12,0.4336214858221844,43.36214858221844,240
43378989,CONSULTANT,0.09019036745622147,11.98,5.26,48.03,0.15807572303985767,15.807572303985767,2094
13454871,CONSULTANT,0.1586046801063238,59.19,5.26,57.41,0.22448335996909696,22.448335996909698,1478
19936735,CONSULTANT,0.08125035431429486,9.03,0.0,46.62,0.11089637523473067,11.089637523473067,2337
33919379,CONSULTANT,0.09607768360325615,21.72,7.89,54.98,0.20381243140776545,20.381243140776544,1688
95350373,CONSULTANT,0.04798456191823477,16.14,2.63,52.03,0.1317698832617468,13.17698832617468,2258
15602094,CONSULTANT,0.22615014056759436,60.09,5.26,53.89,0.24617232775551665,24.617232775551663,1279
95792386,CONSULTANT,0.1815631054585132,58.49,10.53,55.65,0.267861656145906,26.7861656145906,1094
28243590,CONSULTANT,0.11960617283106953,41.0,5.26,53.58,0.19183614889926937,19.183614889926936,1813
14593060,CONSULTANT,0.15841129207394822,62.33,13.16,55.8,0.2757351677535066,27.573516775350658,1026
13313917,CONSULTANT,0.2652765120854049,63.68,10.53,60.02,0.3247200759028809,32.47200759028809,687
12251115,CONSULTANT,0.13095333217564253,28.06,2.63,44.94,0.1489150991491187,14.891509914911872,2171
20574232,CONSULTANT,0.06228746462786553,11.27,0.0,46.53,0.1011059705562946,10.11059705562946,2358
12955994,CONSULTANT,0.3054748935842412,52.4,15.79,56.36,0.3701238705023226,37.012387050232256,472
16964217,CONSULTANT,0.06058976176930193,6.15,5.26,50.05,0.15020985205358978,15.020985205358977,2164
13215696,CONSULTANT,0.16835777655853268,41.45,10.53,54.55,0.25748281593209843,25.748281593209843,1187
29196643,CONSULTANT,0.15680073984870935,42.79,5.26,57.74,0.22471424256943495,22.471424256943497,1474
22351830,CONSULTANT,0.10599661805723662,34.72,10.53,50.62,0.21281099054344832,21.281099054344832,1598
11415967,CONSULTANT,0.1949991026713126,36.96,10.53,60.88,0.29253365406572834,29.253365406572833,884
29297393,CONSULTANT,0.1792050054882891,72.65,15.79,63.87,0.33276990826004516,33.276990826004514,644
18227306,CONSULTANT,0.15280666654543631,54.26,5.26,47.4,0.18722115373791515,18.722115373791514,1849
31201660,CONSULTANT,0.1472004393814632,41.7,10.53,57.12,0.2557266670826642,25.57266670826642,1204
25258040,CONSULTANT,0.11067812477993516,54.45,10.53,58.74,0.2430267868158858,24.30267868158858,1307
56792999,CONSULTANT,0.3029649715276534,64.77,7.89,60.99,0.32788772658863896,32.7887726588639,671
22571461,CONSULTANT,0.2625103247688481,43.95,18.42,73.4,0.4260724668043959,42.607246680439594,265
80527194,CONSULTANT,0.15534158839002027,38.82,13.16,54.05,0.268192763560015,26.8192763560015,1092
37818861,CONSULTANT,0.12060582156407502,47.53,2.63,47.31,0.1518772861708324,15.187728617083241,2147
91116867,CONSULTANT,0.11048007793229381,24.92,7.89,50.91,0.19704177824616,19.704177824616,1745
14346702,CONSULTANT,0.069153439273379,20.44,10.53,51.53,0.19751332837431387,19.751332837431388,1740
15083600,CONSULTANT,0.17614386250229888,71.3,10.53,55.02,0.26298931582124896,26.298931582124897,1143
63670997,CONSULTANT,0.13536883557856075,20.56,7.89,52.73,0.21573401151488222,21.573401151488223,1570
17307206,CONSULTANT,0.08306954876022392,38.57,2.63,46.98,0.1319762970397616,13.19762970397616,2255
67406885,CONSULTANT,0.07695379632181937,47.73,13.16,57.65,0.24135726093477144,24.135726093477146,1318
57364820,CONSULTANT,0.21848203661028123,48.62,13.16,52.02,0.29279422694237345,29.279422694237343,881
79570655,CONSULTANT,0.05810495628238738,10.76,0.0,41.77,0.08267417398740037,8.267417398740037,2377
13569152,CONSULTANT,0.23047092349534137,71.3,15.79,60.77,0.3477609173837224,34.77609173837224,563
65062795,CONSULTANT,0.13766456114047743,24.86,7.89,50.7,0.20991311356806852,20.991311356806854,1628
10984392,CONSULTANT,0.18727025725435187,66.82,13.16,61.61,0.3101097241507802,31.01097241507802,768
49777184,CONSULTANT,0.31421254144594246,67.26,10.53,63.8,0.3621644036624494,36.21644036624494,499
11835339,CONSULTANT,0.08671808053469862,48.43,10.53,56.23,0.2224302181776479,22.24302181776479,1496
21156767,CONSULTANT,0.15004084351347405,53.56,2.63,52.62,0.18482342742359573,18.482342742359574,1877
26234972,CONSULTANT,0.07944330042677615,32.03,10.53,56.73,0.22050927165269454,22.050927165269453,1514
15535920,CONSULTANT,0.2710259538391677,75.34,10.53,59.55,0.3259813398624949,32.598133986249486,684
26919036,CONSULTANT,0.21109402444411765,33.12,13.16,75.38,0.3692924625345405,36.92924625345405,476
57601040,CONSULTANT,0.2669286738522783,81.61,15.79,63.78,0.3763227826068184,37.63227826068184,449
29076405,CONSULTANT,0.06392697379131111,16.4,13.16,55.7,0.2281497199063865,22.81497199063865,1442
26167298,CONSULTANT,0.1668781177212367,41.26,7.89,58.44,0.25109043768749034,25.109043768749036,1233
13837784,DIGITAL-MEDIA,0.40974092883230423,78.18,21.88,62.2,0.4861494409857711,48.61494409857711,113
16509761,DIGITAL-MEDIA,0.14829647904251242,38.53,9.38,55.77,0.24336095173187977,24.336095173187978,1304
29915354,DIGITAL-MEDIA,0.12901272184391357,37.33,18.75,57.65,0.30763150411338513,30.763150411338515,785
82929064,DIGITAL-MEDIA,0.2951689135436838,50.44,15.62,61.43,0.38115171577835105,38.115171577835106,430
10515955,DIGITAL-MEDIA,0.06110336939119956,27.82,9.38,52.84,0.1897060378262371,18.97060378262371,1836
14945250,DIGITAL-MEDIA,0.1364375553652844,47.96,15.62,61.72,0.30278157393597593,30.278157393597592,816
28609364,DIGITAL-MEDIA,0.23064941980631176,44.6,12.5,59.63,0.32025056918147854,32.025056918147854,715
19861776,DIGITAL-MEDIA,0.16434531419908016,54.12,12.5,52.69,0.26327428019523313,26.327428019523314,1138
14036515,DIGITAL-MEDIA,0.02619314885004939,18.15,18.75,55.65,0.2493559435004214,24.93559435004214,1249
11005406,DIGITAL-MEDIA,0.026257628454642214,23.9,6.25,46.04,0.12640533809923216,12.640533809923216,2287
17132168,DIGITAL-MEDIA,0.2326046836955871,46.28,6.25,55.81,0.2631181722765189,26.31181722765189,1141
15353911,DIGITAL-MEDIA,0.03353468259162102,30.62,12.5,53.89,0.2019884288611225,20.19884288611225,1706
18501746,DIGITAL-MEDIA,0.30978164596392455,42.37,6.25,55.54,0.30077977390502336,30.077977390502337,829
26341987,DIGITAL-MEDIA,0.06906954709361215,29.5,12.5,50.53,0.208221360597185,20.8221360597185,1646
27419236,DIGITAL-MEDIA,0.16121188150282603,59.15,9.38,50.84,0.23289451976601877,23.289451976601878,1400
13328680,DIGITAL-MEDIA,0.21456864042553264,62.51,6.25,54.66,0.2501523305247735,25.01523305247735,1241
17584743,DIGITAL-MEDIA,0.19194920880661645,49.88,15.62,59.41,0.32260743155262545,32.260743155262546,697
14761906,DIGITAL-MEDIA,0.09117805311891199,43.8,15.62,56.16,0.2610649707702219,26.10649707702219,1156
31162167,DIGITAL-MEDIA,0.349120771423693,86.01,12.5,55.6,0.3656517101463655,36.56517101463655,490
15226699,DIGITAL-MEDIA,0.03668844138833427,41.81,18.75,57.51,0.26098875969747326,26.098875969747326,1157
25525152,DIGITAL-MEDIA,0.09198419605450842,39.89,25.0,72.73,0.38588157834153763,38.58815783415376,409
13343786,DIGITAL-MEDIA,0.038099913323132055,23.9,12.5,50.88,0.19393805418225046,19.393805418225046,1785
15484097,DIGITAL-MEDIA,0.11124775854599905,33.73,9.38,49.15,0.20211087915955855,20.211087915955854,1704
25723793,DIGITAL-MEDIA,0.11338612957755667,58.03,18.75,63.26,0.31907670437567526,31.907670437567525,722
19444529,DIGITAL-MEDIA,0.2958433581284247,53.88,28.12,68.27,0.49496268612350347,49.49626861235035,101
33893326,DIGITAL-MEDIA,0.23636488154434207,56.35,28.12,65.24,0.4548218000456743,45.48218000456743,181
18442517,DIGITAL-MEDIA,0.127713451890554,27.26,9.38,51.76,0.21930356105325727,21.93035610532573,1536
40883703,DIGITAL-MEDIA,0.16313466854183117,47.08,18.75,61.76,0.3388016432707888,33.88016432707888,603
27981289,DIGITAL-MEDIA,0.1927839046796394,43.17,12.5,55.1,0.2857668332453308,28.576683324533082,938
18900722,DIGITAL-MEDIA,0.14875326803414482,44.6,15.62,59.83,0.30245127373075625,30.245127373075626,819
28109594,DIGITAL-MEDIA,0.1772984069027195,65.87,31.25,66.04,0.45056906963549453,45.05690696354945,193
31929166,DIGITAL-MEDIA,0.21412621106203863,52.12,9.38,50.11,0.25684567699327354,25.684567699327353,1194
24574164,DIGITAL-MEDIA,0.15164647397364986,41.25,21.88,61.78,0.35566040099207735,35.56604009920773,532
23085604,DIGITAL-MEDIA,0.1239204411816255,33.41,18.75,52.79,0.28840153268028434,28.840153268028434,915
27080812,DIGITAL-MEDIA,0.126090896815193,40.93,0.0,49.38,0.14279141476530338,14.279141476530338,2200
14209965,DIGITAL-MEDIA,0.1941651997203892,37.33,21.88,58.94,0.3671703646206821,36.71703646206821,485
20330739,DIGITAL-MEDIA,0.2384819986009613,65.87,9.38,58.13,0.2965553249680215,29.655532496802152,851
37739183,DIGITAL-MEDIA,0.08746572659134724,54.12,6.25,54.0,0.18433516814939038,18.43351681493904,1883
14771530,DIGITAL-MEDIA,0.04483403239095446,19.66,3.12,47.84,0.11933853950759787,11.933853950759786,2312
62700506,DIGITAL-MEDIA,0.06705643768490385,34.53,12.5,57.45,0.23097038433430012,23.09703843343001,1414
34319869,DIGITAL-MEDIA,0.13308432214225155,23.9,12.5,61.26,0.27706362625401415,27.706362625401415,1007
30999638,DIGITAL-MEDIA,0.170040816804571,27.26,12.5,54.79,0.2733310943198117,27.333109431981168,1047
11677012,DIGITAL-MEDIA,0.34000725210073435,54.12,12.5,66.67,0.39909701021712096,39.909701021712095,352
18525641,DIGITAL-MEDIA,0.3637013718282856,44.84,15.62,56.19,0.3974296167366492,39.74296167366492,362
91539554,DIGITAL-MEDIA,0.048297614495832836,46.52,9.38,47.23,0.16404466398308512,16.40446639830851,2044
13503650,DIGITAL-MEDIA,0.06551033091325782,19.42,18.75,60.33,0.28508044596353954,28.508044596353955,945
23864858,DIGITAL-MEDIA,0.10814965538318942,57.47,21.88,56.82,0.31688487188908876,31.688487188908876,739
24658786,DIGITAL-MEDIA,0.21088765771431434,64.43,25.0,65.76,0.42140608637707055,42.140608637707054,276
39166680,DIGITAL-MEDIA,0.16136605427611206,56.59,15.62,56.55,0.2974977973014481,29.74977973014481,843
25038571,DIGITAL-MEDIA,0.2994608014221575,49.08,15.62,63.41,0.39009477609245913,39.00947760924591,395
33542483,DIGITAL-MEDIA,0.14174652913385768,72.58,28.12,67.43,0.4150306464974867,41.50306464974867,299
58915642,DIGITAL-MEDIA,0.03473464604909177,27.5,6.25,48.55,0.13926039341207658,13.926039341207657,2217
18927233,DIGITAL-MEDIA,0.3120968406699076,53.56,18.75,68.28,0.43566515295308994,43.566515295308996,236
16893572,DIGITAL-MEDIA,0.3064091505024783,82.09,12.5,53.63,0.3375331121814671,33.753311218146706,615
18488289,DIGITAL-MEDIA,0.25441156244137364,65.31,21.88,55.97,0.3870978714188675,38.70978714188675,404
31909493,DIGITAL-MEDIA,0.22799039581574054,63.63,15.62,58.91,0.33891158152817963,33.891158152817965,601
29002596,DIGITAL-MEDIA,0.18279695926356776,74.82,15.62,62.4,0.3282956390845683,32.829563908456834,667
73282756,DIGITAL-MEDIA,0.14817311072136685,78.18,9.38,56.14,0.24456943578277285,24.456943578277286,1297
94492380,DIGITAL-MEDIA,0.38062626656588705,86.81,21.88,68.0,0.49150285478905414,49.15028547890542,107
18905648,DIGITAL-MEDIA,0.20635506658501446,42.37,9.38,49.32,0.2502481239789289,25.024812397892894,1239
70196518,DIGITAL-MEDIA,0.4412025874468271,69.22,12.5,56.19,0.41371802152216186,41.37180215221618,304
56952849,DIGITAL-MEDIA,0.07118938205066615,48.52,9.38,51.93,0.19162511693317602,19.1625116933176,1818
40311088,DIGITAL-MEDIA,0.21554935908651607,55.56,18.75,65.12,0.37654348905806434,37.65434890580644,447
19053815,DIGITAL-MEDIA,0.1684119718324958,55.24,15.62,57.56,0.3044879720082359,30.44879720082359,803
10005171,DIGITAL-MEDIA,0.09454854955392694,54.12,15.62,59.83,0.27534891449064736,27.534891449064737,1029
26160200,DIGITAL-MEDIA,0.21136435524376934,55.8,18.75,64.74,0.37314649005464495,37.314649005464496,461
59011090,DIGITAL-MEDIA,0.41150061059233634,62.27,6.25,51.61,0.3381480100812272,33.81480100812272,608
34583750,DIGITAL-MEDIA,0.21296399055958604,27.82,15.62,63.02,0.3455075447085473,34.55075447085473,576
22380187,DIGITAL-MEDIA,0.3096482099989451,44.84,6.25,49.39,0.27960080051573655,27.960080051573655,985
24953921,DIGITAL-MEDIA,0.15671728182219255,47.4,21.88,58.32,0.346318015695614,34.6318015695614,573
20490741,DIGITAL-MEDIA,0.16723405814132827,35.65,25.0,62.62,0.38880002122840784,38.880002122840786,398
21125113,DIGITAL-MEDIA,0.09118822101564261,23.9,0.0,48.02,0.12067135046662669,12.067135046662669,2308
11270462,DIGITAL-MEDIA,0.21222392908650128,65.31,18.75,63.68,0.3699374166945142,36.99374166945142,473
90685127,DIGITAL-MEDIA,0.3779025537213553,66.99,6.25,65.08,0.36758997031720936,36.75899703172094,483
20628003,DIGITAL-MEDIA,0.22559600639210714,45.72,12.5,60.64,0.3211910784029721,32.11910784029721,709
30504149,DIGITAL-MEDIA,0.2868685000942136,56.59,12.5,60.39,0.35096910348952143,35.09691034895214,552
25706337,DIGITAL-MEDIA,0.19176859026423454,70.58,15.62,65.29,0.34270249818256737,34.27024981825674,590
91318828,DIGITAL-MEDIA,0.20997102992228334,54.68,6.25,57.35,0.25708799145921135,25.708799145921134,1192
42156237,DIGITAL-MEDIA,0.08910385970966911,23.9,3.12,50.35,0.1500899996825748,15.00899996825748,2166
80679862,DIGITAL-MEDIA,0.32173389842504124,82.09,31.25,62.68,0.5112523148817223,51.12523148817223,85
16276121,DIGITAL-MEDIA,0.2907785053765787,50.2,18.75,63.13,0.40732661695764427,40.73266169576443,322
27921561,DIGITAL-MEDIA,0.11278781898628394,50.76,15.62,54.25,0.26531303942309775,26.531303942309776,1118
50219114,DIGITAL-MEDIA,0.1944213195365873,65.87,6.25,60.2,0.2590968643817083,25.90968643817083,1175
30864828,DIGITAL-MEDIA,0.06290868835975742,37.33,6.25,51.04,0.16189530334186875,16.189530334186873,2052
17562754,DIGITAL-MEDIA,0.3004848754734057,71.7,12.5,60.6,0.3584981974613008,35.84981974613008,517
24679149,DIGITAL-MEDIA,0.1005633865060431,40.69,9.38,57.38,0.22502135362705056,22.502135362705054,1467
81508860,DIGITAL-MEDIA,0.21553258560084268,64.19,9.38,55.5,0.27605212550538066,27.605212550538067,1020
28679359,DIGITAL-MEDIA,0.21528547829801903,55.48,18.75,60.03,0.35893815353851544,35.893815353851544,516
14556869,DIGITAL-MEDIA,0.179546715145601,59.15,15.62,60.49,0.3201137027447748,32.01137027447748,716
23810469,DIGITAL-MEDIA,0.31224577361557015,53.24,25.0,65.65,0.4717075267513168,47.17075267513168,146
16536141,DIGITAL-MEDIA,0.41883987471620004,75.38,9.38,56.82,0.3822371809796402,38.223718097964024,423
12085736,DIGITAL-MEDIA,0.19056061700084212,54.68,9.38,58.54,0.2740021178617484,27.40021178617484,1045
20210676,DIGITAL-MEDIA,0.35018340774139295,65.55,9.38,58.17,0.35254334502055795,35.2543345020558,547
22706174,DIGITAL-MEDIA,0.20579964798259948,51.0,12.5,63.65,0.32162588924284585,32.162588924284584,704
18354623,DIGITAL-MEDIA,0.2865254731397612,63.63,25.0,61.13,0.4433307270111808,44.333072701118084,213
17432318,DIGITAL-MEDIA,0.17390041087410696,62.75,0.0,53.77,0.18176654597944966,18.176654597944967,1904
11797122,AUTOMOBILE,0.16406987321247646,62.21,11.11,62.83,0.2879388350461653,28.79388350461653,920
16332293,AUTOMOBILE,0.2861654762929272,56.48,11.11,54.57,0.3206309894871803,32.06309894871803,713
28790806,AUTOMOBILE,0.07328081070819809,16.59,13.89,51.82,0.2247626161333644,22.47626161333644,1473
91515108,AUTOMOBILE,0.23104201255213455,30.41,16.67,58.7,0.3472758788625735,34.727587886257346,568
32109048,AUTOMOBILE,0.1381176140490406,24.88,5.56,50.31,0.19202615604236614,19.202615604236613,1810
11152490,AUTOMOBILE,0.13449009198155856,29.03,11.11,57.49,0.254817327540902,25.481732754090203,1212
99680385,AUTOMOBILE,0.13809121685552267,37.66,11.11,55.09,0.2483789610386462,24.837896103864622,1261
15790602,AUTOMOBILE,0.08438490124449743,14.81,13.89,56.59,0.24668953266824944,24.668953266824943,1272
17510973,AUTOMOBILE,0.1860301582699496,21.66,2.78,53.33,0.20633534821993615,20.633534821993614,1658
23522150,AUTOMOBILE,0.16481288207364866,14.61,13.89,50.96,0.26757636894619613,26.757636894619612,1096
11257723,AUTOMOBILE,0.14071697903322766,16.13,16.67,57.82,0.2990924214920661,29.909242149206612,835
14455622,AUTOMOBILE,0.17925576175975588,41.47,19.44,61.37,0.35049096651891765,35.049096651891766,553
84295343,AUTOMOBILE,0.057007396855736484,10.47,8.33,40.71,0.13845773629639385,13.845773629639385,2222
78357954,AUTOMOBILE,0.2376783634883156,35.48,16.67,53.96,0.3343221696756692,33.432216967566916,636
24703983,AUTOMOBILE,0.058673697014953195,20.28,8.33,44.6,0.15264481703168367,15.264481703168368,2137
47487091,AUTOMOBILE,0.13093519580383967,32.72,8.33,56.88,0.2309314194985608,23.09314194985608,1416
23009962,AUTOMOBILE,0.10797227372695485,21.92,13.89,51.46,0.24087250830185714,24.087250830185713,1323
22732234,AUTOMOBILE,0.24616896700898475,20.28,13.89,54.78,0.3213680399754845,32.136803997548455,706
18448085,AUTOMOBILE,0.04153759044741855,10.27,8.33,49.95,0.16244270950830084,16.244270950830085,2049
11887930,AUTOMOBILE,0.09226167879081444,16.92,2.78,53.18,0.15893617542166621,15.893617542166622,2084
14508237,AUTOMOBILE,0.20482433543140935,14.61,8.33,48.84,0.24027557736589866,24.027557736589866,1330
15100547,AUTOMOBILE,0.16580277438740246,28.11,8.33,52.83,0.23446201620537824,23.446201620537824,1387
97449528,AUTOMOBILE,0.18655150092454967,26.27,11.11,57.05,0.27933756170687063,27.93375617068706,987
26341645,AUTOMOBILE,0.26449378717090993,19.35,5.56,53.67,0.2667487431182339,26.674874311823388,1103
82140102,AUTOMOBILE,0.1388859404446296,16.59,11.11,49.66,0.2301357461081739,23.01357461081739,1420
17571262,AUTOMOBILE,0.16119043526885385,38.25,13.89,54.83,0.27905041845831985,27.905041845831985,991
32069695,AUTOMOBILE,0.318202955534146,23.11,8.33,59.82,0.3346579873142804,33.465798731428045,632
22946204,AUTOMOBILE,0.03481735203659486,8.49,5.56,50.04,0.13944914553047902,13.944914553047902,2215
63989974,AUTOMOBILE,0.06597631611611629,22.32,11.11,54.23,0.2093692277990494,20.93692277990494,1633
15484011,AUTOMOBILE,0.19055113106729674,13.82,11.11,56.93,0.28092543033128226,28.092543033128226,973
18932512,AUTOMOBILE,0.3318581717597448,16.19,13.89,51.61,0.35333039037695446,35.33303903769544,542
15210069,AUTOMOBILE,0.19312592390273933,23.5,11.11,58.22,0.2866412510538439,28.664125105384393,930
25047127,AUTOMOBILE,0.12842257789546793,16.59,8.33,49.04,0.20276127600953114,20.276127600953114,1697
22452756,AUTOMOBILE,0.11235262488699604,76.96,11.11,55.29,0.23619624246598603,23.619624246598605,1369
24592627,AUTOMOBILE,0.0275243666349773,12.44,2.78,47.22,0.10610751247797352,10.610751247797353,2348
51508889,AUTOMOBILE,0.06481267055064893,24.29,11.11,50.61,0.19636035386629858,19.636035386629857,1754
15180322,CHEF,0.0779993739406249,23.92,10.71,53.35,0.2094800464818193,20.948004648181932,1631
24221960,CHEF,0.16976041393289987,42.35,7.14,55.04,0.23546020176151103,23.546020176151103,1376
24673903,CHEF,0.12393584348110373,49.62,14.29,59.15,0.27813296427350354,27.813296427350352,998
19007667,CHEF,0.24452866586765173,70.41,14.29,69.93,0.3754358979521878,37.54358979521878,455
30311202,CHEF,0.42593103525513853,86.98,28.57,70.26,0.5700777107530461,57.00777107530462,22
11121498,CHEF,0.2988771994658088,91.72,25.0,63.13,0.4563723642902363,45.63723642902363,178
32518109,CHEF,0.09072119775240511,51.48,7.14,55.22,0.1965585133417065,19.65585133417065,1753
26718039,CHEF,0.2451341193943499,70.41,10.71,63.09,0.3264837391537556,32.64837391537556,681
23568731,CHEF,0.30958006965187657,87.57,14.29,64.2,0.38829115700186967,38.82911570018697,401
14663897,CHEF,0.3067384989869521,91.72,32.14,73.03,0.5456924836141491,54.569248361414914,43
21904897,CHEF,0.22794410507057095,82.84,25.0,67.9,0.43728068835935263,43.72806883593526,230
23591247,CHEF,0.12914591264159686,28.57,0.0,58.55,0.1757984970005101,17.57984970005101,1951
16594812,CHEF,0.09261963124064823,43.2,10.71,58.56,0.23467551670409323,23.46755167040932,1383
19831366,CHEF,0.1275967427289064,61.79,7.14,52.89,0.20699765898478034,20.699765898478034,1653
16804396,CHEF,0.25458777328325527,78.7,14.29,55.41,0.33061993157760017,33.061993157760014,656
92122785,CHEF,0.27592182581814484,88.17,21.43,69.11,0.43972139822884626,43.97213982288463,224
27831220,CHEF,0.41734487854272645,84.02,17.86,71.2,0.49190571469789757,49.19057146978976,105
13411858,CHEF,0.12053357270533015,20.12,17.86,59.87,0.3046054514118805,30.46054514118805,802
25924968,CHEF,0.21029113375086989,91.12,32.14,70.22,0.48782238836308367,48.782238836308366,109
34252537,CHEF,0.45434852534807013,95.27,25.0,66.67,0.5462604474167428,54.626044741674285,42
81373857,CHEF,0.1244710221984528,34.07,7.14,52.67,0.20467956356679007,20.467956356679007,1676
92985983,CHEF,0.28093993598313627,91.72,25.0,70.82,0.4738026340250413,47.38026340250413,138
34452806,CHEF,0.38897945843153814,92.9,25.0,66.27,0.5122027591352705,51.22027591352705,83
21611637,CHEF,0.41310375359765966,92.9,28.57,65.45,0.5471518831752508,54.715188317525076,41
13095891,CHEF,0.23673480020647725,78.11,17.86,62.82,0.37283308198360066,37.28330819836007,462
12717345,CHEF,0.3781626780489342,88.17,21.43,63.17,0.4704504752196272,47.045047521962715,149
23841877,CHEF,0.07380912959014901,47.93,14.29,55.83,0.2416724222954137,24.16724222954137,1316
23032276,CHEF,0.4031838794039789,92.31,28.57,71.46,0.5628235972970852,56.28235972970852,24
32605413,CHEF,0.09447673772532528,40.24,21.43,62.44,0.3261014975054711,32.610149750547116,683
65373280,CHEF,0.44496432536902814,90.53,28.57,73.49,0.5906825810073819,59.06825810073819,14
27909372,CHEF,0.11985984856514531,33.14,21.43,59.22,0.3277391565985703,32.773915659857025,673
47603843,CHEF,0.10065535149545696,58.92,3.57,47.78,0.1502829666571025,15.02829666571025,2163
11444536,CHEF,0.26199880907416373,87.57,17.86,58.82,0.37173353818538074,37.173353818538075,466
25953797,CHEF,0.20835498342374306,52.92,10.71,69.26,0.3292750843164096,32.92750843164096,659
23185829,CHEF,0.16183746614081,72.78,17.86,68.03,0.3532697565230293,35.32697565230293,543
21869994,CHEF,0.22564098669403368,82.84,10.71,61.37,0.31083260706381033,31.083260706381033,765
28424982,CHEF,0.278472026634874,83.43,28.57,65.99,0.48168977870518637,48.16897787051864,123
47317494,CHEF,0.03243432548659204,52.32,3.57,38.4,0.08397197304848189,8.39719730484819,2373
29784524,CHEF,0.14915188070801602,67.46,21.43,63.27,0.35628836525496965,35.628836525496965,529
10001727,CHEF,0.15963357937333245,53.59,14.29,61.34,0.30349985487667247,30.349985487667247,811
74522938,CHEF,0.3712498456320247,84.02,35.71,72.25,0.6009724488759256,60.09724488759256,11
91591026,CHEF,0.3141377818406608,88.76,32.14,64.43,0.5198692963420677,51.98692963420677,70
21511817,CHEF,0.15088635672852183,60.36,17.86,60.57,0.32218486436408744,32.218486436408746,702
35468363,CHEF,0.15920073432448378,59.76,21.43,65.87,0.37023829841404454,37.023829841404456,470
37231163,CHEF,0.3104464358803118,66.27,3.57,54.17,0.27711465715025085,27.711465715025085,1006
16924102,CHEF,0.35690858079422705,82.84,21.43,69.72,0.48230883682227693,48.23088368222769,122
28092317,CHEF,0.278377601936675,86.98,21.43,62.57,0.41849820492868806,41.84982049286881,286
16855929,CHEF,0.07544364582859413,53.59,7.14,46.11,0.15764613628127716,15.764613628127716,2098
29211359,CHEF,0.2607933999478905,82.84,3.57,57.81,0.26478384807521765,26.478384807521767,1124
27820360,CHEF,0.2798555875014866,90.53,25.0,71.07,0.4741186815487205,47.41186815487205,137
48580330,CHEF,0.21327341499315502,84.02,14.29,59.19,0.3229390655118498,32.29390655118498,694
29072179,CHEF,0.21881363676841523,84.62,17.86,62.9,0.36414713122921094,36.41471312292109,492
94047639,CHEF,0.298040429799184,73.37,17.86,62.64,0.4028679771095112,40.28679771095112,341
21622444,CHEF,0.15883379450229437,68.64,0.0,53.95,0.17485115746398622,17.485115746398623,1961
33964275,CHEF,0.08301239275335809,82.84,17.86,59.72,0.2853299283771922,28.532992837719217,943
21101152,CHEF,0.34060030204960523,84.02,32.14,66.67,0.5407902234564953,54.07902234564953,48
25128608,CHEF,0.2950900105281655,79.29,21.43,66.08,0.43890384279806877,43.890384279806874,227
18825446,CHEF,0.4625529931598938,86.98,28.57,69.22,0.5848184871650873,58.481848716508736,17
61322296,CHEF,0.3616092688857393,83.43,25.0,75.49,0.5301688830372766,53.01688830372766,63
20817322,CHEF,0.3577494753034096,87.57,17.86,64.38,0.43869572334257145,43.86957233425714,228
29449419,CHEF,0.36216520218065584,91.72,17.86,64.63,0.4417618085456985,44.17618085456985,217
20321582,CHEF,0.4213685231431529,100.0,14.29,62.68,0.43896739541932384,43.896739541932384,226
19285236,CHEF,0.3451530880665,87.57,14.29,67.77,0.41833307300629774,41.83330730062978,287
13264154,CHEF,0.2676712120651421,82.84,21.43,65.15,0.4220018586026024,42.20018586026024,274
47729453,CHEF,0.21874392432078388,79.29,17.86,66.36,0.3759900642261299,37.59900642261299,452
51554903,CHEF,0.247316486115139,73.96,7.14,57.7,0.2833697174269526,28.336971742695262,956
14569498,CHEF,0.4025829223113011,82.84,17.86,68.06,0.4737454712200153,47.37454712200153,139
22561438,CHEF,0.24336805629264974,84.02,14.29,67.74,0.36733757050763216,36.73375705076322,484
12420359,CHEF,0.135178594402248,74.56,17.86,62.31,0.320304206681898,32.030420668189805,714
16248476,CHEF,0.2672202138316086,79.29,7.14,51.74,0.2728615744194133,27.286157441941327,1051
10653119,CHEF,0.36768946112878853,91.72,32.14,75.88,0.5859516928004124,58.59516928004124,15
11209758,CHEF,0.15874936765668754,86.98,14.29,58.54,0.29344566525590576,29.344566525590576,877
86551046,CHEF,0.21023454487777152,52.07,21.43,67.0,0.39963436606624625,39.963436606624626,349
23807940,CHEF,0.3374179841127954,87.57,14.29,60.68,0.3901263517881135,39.01263517881135,394
29775391,CHEF,0.45615610876718743,82.84,39.29,66.48,0.6493917602037089,64.9391760203709,4
53265899,CHEF,0.3207547056996733,87.57,10.71,58.06,0.34702661040459787,34.70266104045979,570
38309905,CHEF,0.31278542369404266,82.25,7.14,61.38,0.3287372105899026,32.873721058990256,664
29772450,CHEF,0.24487714812703987,75.15,14.29,61.58,0.34694553214744994,34.69455321474499,571
21334981,CHEF,0.21878752085419803,87.57,21.43,65.11,0.39742269751480963,39.74226975148096,363
10276858,CHEF,0.3499204637930659,83.43,21.43,67.53,0.4712967556646418,47.12967556646418,148
10588874,CHEF,0.3773200347019884,83.43,14.29,59.49,0.4059922414836712,40.59922414836712,331
35157762,CHEF,0.32849145309916594,57.4,10.71,56.61,0.3459172978702213,34.59172978702213,575
91072502,CHEF,0.28234188724101283,83.43,32.14,73.05,0.5335628354823397,53.356283548233975,58
13212436,CHEF,0.3100361137451527,85.21,21.43,62.0,0.43237071520985787,43.237071520985786,246
15261348,CHEF,0.3128789693153159,82.84,10.71,67.31,0.3748429474990653,37.48429474990653,456
27662298,CHEF,0.3342191646782268,91.72,32.14,69.88,0.5486192222270367,54.861922222703676,38
16066857,CHEF,0.2949199809273741,83.43,17.86,66.36,0.41407809252942496,41.4078092529425,302
30337969,CHEF,0.10183061799989367,32.54,10.71,59.35,0.24199299085954845,24.199299085954845,1313
10333299,CHEF,0.21529481316057672,66.61,14.29,63.26,0.33792161492168493,33.792161492168496,610
28396528,CHEF,0.041049623390461865,47.0,0.0,53.85,0.11561578320226837,11.561578320226836,2328
19268120,CHEF,0.36869818157207734,87.57,14.29,62.33,0.41143071416348054,41.14307141634805,311
20691949,CHEF,0.2685838573154627,69.82,14.29,67.83,0.38025443085426003,38.025443085426005,433
26189601,CHEF,0.3365618461997888,69.23,14.29,58.56,0.38242056226861676,38.24205622686168,421
30826569,CHEF,0.12741985504728856,87.57,10.71,58.65,0.2523845884426348,25.238458844263477,1226
91268638,CHEF,0.2932174815924696,79.29,28.57,73.53,0.5149464746014233,51.49464746014233,76
18036030,CHEF,0.15318329917659554,43.53,17.86,57.6,0.3131376610258174,31.31376610258174,755
36366044,CHEF,0.11289630845865106,30.77,14.29,57.33,0.26636534231668846,26.636534231668847,1108
23398733,CHEF,0.05632833512647079,20.12,7.14,47.14,0.15162435459997176,15.162435459997175,2149
29990140,CHEF,0.09555715563439648,29.59,21.43,60.22,0.3190206971912117,31.90206971912117,723
30128072,CHEF,0.054736402184473586,20.96,14.29,49.57,0.21064618560939719,21.064618560939717,1620
28176889,CHEF,0.12056872731835533,16.74,10.71,59.73,0.2526665426008253,25.26665426008253,1223
10889157,CHEF,0.295627140050908,70.41,17.86,63.96,0.406192743151954,40.619274315195405,329
19951766,CHEF,0.10825943567151697,28.57,17.86,56.84,0.2880667351091861,28.806673510918614,918
57262959,CHEF,0.13207346151152513,33.73,10.71,61.47,0.26439213317835764,26.439213317835765,1132
20033302,CHEF,0.16176099008766925,81.66,14.29,59.1,0.29687389322388547,29.687389322388547,849
24709432,CHEF,0.08951534168338125,41.17,14.29,60.59,0.265866070738185,26.586607073818502,1114
62555739,CHEF,0.17295796145528763,41.84,10.71,54.76,0.26179971099095295,26.179971099095294,1152
31547476,CHEF,0.07441828135049973,38.46,17.86,59.04,0.2786985094763122,27.86985094763122,994
18480859,CHEF,0.3132493772716613,91.72,28.57,69.8,0.5121577537146202,51.21577537146202,84
12254068,CHEF,0.0939291637341565,50.3,17.86,58.82,0.2876987155153771,28.76987155153771,923
11432686,CHEF,0.12285960757743941,38.46,7.14,51.88,0.20116187548045092,20.11618754804509,1718
25452321,CHEF,0.10879442634706739,66.86,10.71,55.36,0.2317776756716523,23.17776756716523,1409
28230807,CHEF,0.343025709135916,84.02,17.86,67.35,0.44152951482113156,44.15295148211315,218
15354126,CHEF,0.31965312267617463,79.29,14.29,61.4,0.3837155997515745,38.371559975157446,416
12155206,CHEF,0.07035447758730526,41.42,10.71,57.28,0.21914884444316154,21.914884444316154,1537
27298953,CHEF,0.11832459302389609,47.93,17.86,61.83,0.3102294202048745,31.02294202048745,767
68338341,CHEF,0.19197340334359636,92.31,3.57,56.21,0.22488123048024533,22.488123048024534,1471
22349169,CHEF,0.3059701637452974,79.29,17.86,69.47,0.43027946268881573,43.02794626888157,254
11877150,FINANCE,0.1947188268820713,49.76,17.65,60.6,0.34269220700292663,34.269220700292664,591
86549455,FINANCE,0.0861897597572931,20.79,2.94,50.67,0.14843557723665812,14.843557723665812,2175
26530575,FINANCE,0.4515225298448428,86.9,32.35,66.06,0.5956691552984004,59.56691552984004,13
23955183,FINANCE,0.17257086492933066,36.04,14.71,62.54,0.31711172022364253,31.711172022364252,737
24854026,FINANCE,0.222654858822963,53.98,17.65,62.45,0.36301106403070166,36.301106403070165,496
48285304,FINANCE,0.23300508437933976,52.46,8.82,56.77,0.2851164639925065,28.51164639925065,944
14722634,FINANCE,0.46642904179923456,68.95,20.59,68.72,0.5275886640680608,52.758866406806085,66
27789372,FINANCE,0.22091661564315238,66.53,11.76,60.06,0.3115327347407491,31.15327347407491,763
26767199,FINANCE,0.3528485106795083,81.08,32.35,67.83,0.5524083558084211,55.24083558084211,35
15891494,FINANCE,0.3294657074234637,66.04,14.71,64.95,0.40383239928052717,40.38323992805272,339
78229715,FINANCE,0.2843638306020541,60.36,8.82,63.95,0.33544396618041705,33.5443966180417,627
22720697,FINANCE,0.16237381403314013,41.37,2.94,53.97,0.19785613166603377,19.785613166603376,1739
70541112,FINANCE,0.4518007724710827,78.17,14.71,65.61,0.46726563726262704,46.726563726262704,156
20705888,FINANCE,0.09495448991300305,34.58,8.82,55.8,0.21276126631306283,21.276126631306283,1599
28522529,FINANCE,0.26581324999000316,68.47,35.29,68.25,0.5314988447234995,53.14988447234995,62
19147603,FINANCE,0.21144001398249843,64.38,5.88,52.8,0.23953906047829876,23.953906047829875,1340
11490673,FINANCE,0.384589810819015,65.56,17.65,69.99,0.4698625084461667,46.98625084461667,152
84356308,FINANCE,0.44816657353662803,92.24,32.35,68.82,0.6034659454244166,60.34659454244166,10
91564103,FINANCE,0.4970717327254245,78.66,17.65,67.18,0.5164570567663471,51.64570567663471,72
22622351,FINANCE,0.33316099162114,76.23,23.53,69.27,0.4840090335563866,48.40090335563866,120
61634281,FINANCE,0.12450025149749432,49.06,17.65,58.75,0.3012320782533089,30.123207825330887,827
24530382,FINANCE,0.20918523550712023,45.67,17.65,64.59,0.3636226306769341,36.36226306769341,494
27018361,FINANCE,0.17180058250071473,49.62,5.88,61.56,0.24979143536562526,24.979143536562525,1243
92524964,FINANCE,0.2141722737791122,58.63,14.71,59.97,0.32908990490943274,32.908990490943275,661
19405513,FINANCE,0.24393473706896684,53.92,8.82,57.14,0.2918514585487859,29.18514585487859,889
17775916,FINANCE,0.19491003842058896,68.95,14.71,62.59,0.32845295132217256,32.84529513221726,666
18975686,FINANCE,0.0901774637739204,18.5,8.82,55.05,0.20779808795000967,20.779808795000967,1650
28758002,FINANCE,0.31990928427069876,67.5,20.59,65.28,0.44251965382421865,44.251965382421865,214
59938965,FINANCE,0.12893563558207438,13.51,5.88,49.34,0.18640908205735213,18.64090820573521,1857
28396458,FINANCE,0.1557435241590097,50.03,17.65,63.75,0.3340181498741456,33.40181498741456,638
27914096,FINANCE,0.4535138157892881,70.41,23.53,67.51,0.538143564418353,53.8143564418353,52
57088974,FINANCE,0.3672396307567655,54.68,0.0,60.73,0.3023290498445688,30.232904984456884,820
26231609,FINANCE,0.35859356063742326,73.32,29.41,69.17,0.5387146427496554,53.87146427496554,50
20836112,FINANCE,0.06323340668636816,8.32,8.82,53.93,0.19048122590125585,19.048122590125587,1831
28398216,FINANCE,0.21144001398249843,62.51,8.82,54.99,0.2682233898308177,26.82233898308177,1091
26961846,FINANCE,0.3359172082114998,60.15,17.65,69.07,0.4423679510490346,44.23679510490346,216
37931076,FINANCE,0.09393408289396854,11.23,8.82,55.16,0.21005401508641547,21.005401508641548,1625
16426777,FINANCE,0.27700646555404557,81.08,29.41,65.76,0.48621495034013273,48.62149503401327,112
26750846,FINANCE,0.17955721671684655,40.47,20.59,61.47,0.35926432035625233,35.92643203562523,514
28623782,FINANCE,0.27082347164211235,73.32,17.65,69.79,0.41229276144611227,41.22927614461123,308
81677620,FINANCE,0.3871172417034834,74.29,23.53,67.26,0.5040870556109466,50.408705561094656,90
14413148,FINANCE,0.22400683161637452,67.98,11.76,65.51,0.3317870771935463,33.17870771935463,650
76454959,FINANCE,0.3050121397650895,53.92,20.59,62.79,0.4265231927969547,42.65231927969547,263
11441764,FINANCE,0.31318462257526986,77.2,23.53,61.58,0.4476219475573101,44.76219475573101,201
24411323,FINANCE,0.09076263888206818,12.06,8.82,50.88,0.1937755364721577,19.37755364721577,1788
33685988,FINANCE,0.13525383851155034,41.86,5.88,57.89,0.2189193678681251,21.89193678681251,1539
62850928,FINANCE,0.30053645857747735,62.16,20.59,71.58,0.4544604294431074,45.44604294431074,184
34250007,FINANCE,0.2852457855734439,62.16,8.82,57.5,0.31374282214191007,31.374282214191005,752
74849878,FINANCE,0.11447714192119227,33.26,8.82,57.85,0.22956001078608984,22.956001078608985,1427
25497147,FINANCE,0.41568749583190584,61.68,8.82,61.17,0.3915623727740591,39.15623727740591,390
31948488,FINANCE,0.3395685354178106,56.27,11.76,64.5,0.38610071316566835,38.61007131656684,407
18640927,FINANCE,0.06556545143175978,15.38,5.88,55.34,0.17532131233028958,17.53213123302896,1958
77638654,FINANCE,0.1307270523073866,21.97,14.71,60.77,0.29011360381998264,29.011360381998262,903
38441665,FINANCE,0.3771828425534967,83.51,11.76,64.64,0.4053884709216336,40.53884709216336,333
18072085,FINANCE,0.2289022970134257,57.87,14.71,59.38,0.33442951316236025,33.44295131623603,634
14408510,FINANCE,0.18917537252217098,57.1,8.82,60.87,0.27727644500178683,27.727644500178684,1005
12858898,FINANCE,0.2521682958456832,64.1,23.53,68.22,0.43990815425774166,43.990815425774166,223
24670867,FINANCE,0.4932089783506013,85.93,23.53,58.78,0.5280220416825316,52.80220416825316,65
29648950,FINANCE,0.06034754631193913,16.63,5.88,54.65,0.17034366770034834,17.034366770034833,2003
27330027,FINANCE,0.34336748877124795,75.26,23.53,65.16,0.47500311632299563,47.500311632299564,135
17880988,FINANCE,0.3715404371317118,66.04,14.71,65.35,0.42624291895785754,42.62429189578575,264
15011085,FINANCE,0.36812199046905086,62.16,17.65,64.68,0.44339996799312087,44.33999679931209,212
20977412,FINANCE,0.23918796082124172,57.31,20.59,64.46,0.3993440247119171,39.93440247119171,350
26013403,FINANCE,0.1421898319699536,65.07,14.71,61.23,0.29742412169795335,29.742412169795333,845
84373843,FINANCE,0.11178257574191915,41.93,8.82,60.95,0.23885467757630222,23.88546775763022,1346
21912637,FINANCE,0.29863868730161625,53.43,5.88,57.02,0.29762518052268433,29.762518052268433,842
14181049,FINANCE,0.3026071920965787,73.32,23.53,63.32,0.44830645579891204,44.830645579891204,200
29998869,FINANCE,0.21744448352708906,34.03,23.53,63.71,0.4070639274667933,40.706392746679334,323
18024825,FINANCE,0.11111504188241832,26.61,2.94,53.7,0.17129986608500858,17.129986608500857,1996
28973180,FINANCE,0.09231294171466276,25.78,14.71,62.22,0.27588423475774354,27.588423475774356,1022
23573064,FINANCE,0.2074333921285503,56.62,23.53,65.33,0.4076196588015095,40.76196588015095,319
10549585,FINANCE,0.11354700503288498,18.57,11.76,54.95,0.24030587656915475,24.030587656915475,1329
23354541,FINANCE,0.16363311284537901,37.98,8.82,51.97,0.23395262034705033,23.395262034705034,1393
29494962,FINANCE,0.08841502292566769,17.12,0.0,53.36,0.13761636831144353,13.761636831144353,2226
81217013,FINANCE,0.28898376295245476,58.28,20.59,62.47,0.4174104805320722,41.74104805320722,290
39675895,FINANCE,0.2030410485280036,50.03,20.59,66.42,0.38799902719900903,38.7999027199009,402
12071138,FINANCE,0.39187021858031734,85.45,17.65,62.24,0.44689783762719554,44.68978376271956,204
25330083,FINANCE,0.3479014098013224,69.92,14.71,60.82,0.39887242691985125,39.88724269198512,356
69487178,FINANCE,0.3816052268741311,71.66,14.71,62.12,0.4201870886316762,42.01870886316762,282
86595128,FINANCE,0.22573110961050916,43.31,17.65,65.93,0.37649563638636974,37.64956363863698,448
74512244,FINANCE,0.1994402499401773,33.68,11.76,62.51,0.30920512518140025,30.920512518140026,773
25678238,FINANCE,0.15588125853313767,35.34,17.65,59.06,0.31798677675911546,31.798677675911545,729
38907798,FINANCE,0.3271802451801856,59.81,11.76,63.37,0.376027405671298,37.6027405671298,451
58165257,FINANCE,0.2851153299086747,57.31,23.53,66.74,0.451300998443374,45.1300998443374,191
93653247,FINANCE,0.3066896424756269,60.71,20.59,62.21,0.4253708696585742,42.53708696585742,268
29612672,FINANCE,0.14140868753173885,36.52,2.94,50.46,0.1753241348416977,17.53241348416977,1957
66741193,FINANCE,0.27273950155198495,78.17,20.59,63.24,0.41193167286650945,41.19316728665095,309
24553863,FINANCE,0.1657367694405904,31.74,14.71,62.22,0.3125961486207074,31.25961486207074,757
16449850,FINANCE,0.28893095702589955,65.07,20.59,65.91,0.429193209048369,42.9193209048369,255
47410104,FINANCE,0.2561623408517657,66.6,17.65,62.92,0.38137826196237046,38.13782619623704,427
38225199,FINANCE,0.13344805305970212,36.94,11.76,57.95,0.2605550617566107,26.05550617566107,1161
14106638,FINANCE,0.318591197505028,83.02,17.65,68.16,0.43058101847300434,43.058101847300435,252
19243556,FINANCE,0.5041608093168892,74.77,23.53,64.79,0.5541296083843505,55.412960838435055,33
20880935,FINANCE,0.15544754715345552,42.27,8.82,63.62,0.26985297172697253,26.985297172697255,1082
95519832,FINANCE,0.06618395341130423,13.72,5.88,59.68,0.19052929315185035,19.052929315185036,1830
39295103,FINANCE,0.17018903965004853,27.93,5.88,53.08,0.21987478168831825,21.987478168831824,1529
25101183,FINANCE,0.30612028192942414,51.49,20.59,62.74,0.4269056195262212,42.69056195262212,261
88038965,FINANCE,0.36581678748179675,78.17,11.76,61.46,0.3887888625412934,38.87888625412934,399
17392859,FINANCE,0.41805216397800554,81.08,32.35,67.84,0.58504451132825,58.504451132825,16
20969845,FINANCE,0.18812617330839837,57.59,8.82,59.54,0.27218610560773954,27.218610560773953,1058
20275356,FINANCE,0.19325594245472816,51.14,17.65,63.73,0.35270570128084444,35.270570128084444,545
59818742,FINANCE,0.23479578464513076,70.89,5.88,64.31,0.29072947584737674,29.072947584737673,898
72136463,FINANCE,0.21056156002481383,51.77,14.71,57.46,0.3186680015166639,31.866800151666393,727
98513424,FINANCE,0.23241063650980706,56.83,20.59,64.42,0.3958180470738792,39.58180470738792,375
15717923,FINANCE,0.10459447285731044,48.72,5.88,62.69,0.22006754291948097,22.0067542919481,1522
24833063,FINANCE,0.39854624536140965,85.45,29.41,71.3,0.5660030345452223,56.600303454522226,23
15792052,FINANCE,0.3059186519395942,31.67,17.65,64.98,0.41332816484579726,41.33281648457972,305
59450123,FINANCE,0.20945119355502623,50.52,17.65,62.45,0.3564092313967333,35.64092313967333,527
24611721,FINANCE,0.08858212549885952,30.21,8.82,54.99,0.2067944455889983,20.679444558899828,1656
15224503,FINANCE,0.18986226876913104,60.71,17.65,61.63,0.34379980161621276,34.379980161621276,584
27409087,FINANCE,0.3969250009614377,79.14,14.71,65.67,0.44003372473128555,44.00337247312856,222
20918464,FINANCE,0.21264428651427478,51.77,8.82,58.48,0.280806301929181,28.0806301929181,976
19540089,FINANCE,0.3284270252229244,67.5,29.41,65.97,0.5126461364567554,51.26461364567554,81
28724469,FINANCE,0.17305192792801857,63.13,8.82,62.61,0.2751879461856581,27.518794618565813,1031
18636651,FINANCE,0.38120012550696997,77.2,20.59,65.84,0.47508749119484306,47.50874911948431,134
59777056,FINANCE,0.2638777880503691,62.65,5.88,57.77,0.2828193961905726,28.281939619057262,958
22492537,FINANCE,0.35963146506553284,59.74,23.53,66.51,0.4877695019984595,48.77695019984595,110
24967652,FINANCE,0.1305036537808429,50.03,5.88,52.0,0.19632457073105838,19.63245707310584,1755
14206561,ENGINEERING,0.12381729033076669,20.55,5.0,52.07,0.18688619793953426,18.688619793953425,1851
15139979,ENGINEERING,0.11454567669327546,29.25,12.5,55.88,0.24932537115740114,24.932537115740114,1251
44624796,ENGINEERING,0.13470303545596227,17.22,10.0,52.48,0.22973367442630005,22.973367442630003,1425
54227873,ENGINEERING,0.08441720081610155,16.49,10.0,52.97,0.20627287176479744,20.627287176479744,1660
28005884,ENGINEERING,0.13513240010901972,13.04,7.5,50.84,0.20631986186249213,20.63198618624921,1659
82246962,ENGINEERING,0.1187267308956912,15.81,12.5,45.39,0.21540491302002335,21.540491302002334,1575
13149176,ENGINEERING,0.14520207667905033,10.67,5.0,56.08,0.21134446821631936,21.134446821631936,1615
12022566,ENGINEERING,0.09859424940891381,21.46,5.0,55.21,0.1850539428407774,18.505394284077738,1874
20981299,ENGINEERING,0.16280251830758377,24.17,10.0,55.8,0.2551806008847232,25.51806008847232,1210
25919149,ENGINEERING,0.12906100074175683,7.96,5.0,52.72,0.19173942973273955,19.173942973273956,1814
86828820,ENGINEERING,0.20016556033152505,33.2,15.0,55.26,0.30800548311574694,30.800548311574694,782
28320387,ENGINEERING,0.13441441064810863,25.07,10.0,58.04,0.24867621406494106,24.867621406494106,1256
27756469,ENGINEERING,0.15586558153621016,20.78,7.5,52.13,0.22111487688092774,22.111487688092772,1506
14049846,ENGINEERING,0.18638189846762512,15.53,7.5,55.04,0.24636273668546113,24.636273668546114,1277
43752620,ENGINEERING,0.09986184763383371,24.68,7.5,55.16,0.20351465771552732,20.351465771552732,1691
74236636,ENGINEERING,0.1351569285910495,24.51,12.5,61.32,0.27830590270189404,27.830590270189404,996
47549345,ENGINEERING,0.12069123924339926,15.25,7.5,51.24,0.20047243625288821,20.04724362528882,1724
28505854,ENGINEERING,0.10830676065280415,14.23,12.5,47.01,0.21575620493256542,21.575620493256544,1569
38535335,ENGINEERING,0.05144170476968883,3.16,2.5,42.17,0.09871426316944819,9.871426316944818,2362
25608963,ENGINEERING,0.11283823174133148,17.0,5.0,55.03,0.19155801433654338,19.155801433654336,1819
24647794,ENGINEERING,0.18610637263706883,24.11,10.0,55.1,0.26442950710885477,26.442950710885476,1130
16803215,ENGINEERING,0.07591846504795469,1.36,2.5,51.74,0.14380537245379227,14.380537245379227,2192
37335325,ENGINEERING,0.10509022309925455,31.62,12.5,53.42,0.23615274219767185,23.615274219767183,1371
81125166,ENGINEERING,0.1654096619006608,41.11,15.0,54.56,0.28822451295970375,28.822451295970374,916
32081266,ENGINEERING,0.19826390217931059,21.74,17.5,57.37,0.33229660584724385,33.229660584724385,647
25797445,ENGINEERING,0.04322988653133802,10.05,5.0,48.43,0.13409678714864243,13.409678714864242,2244
28831378,ENGINEERING,0.0943134239226222,14.29,7.5,54.16,0.19730755880190576,19.730755880190575,1741
50328713,ENGINEERING,0.06270771864711759,6.78,5.0,53.08,0.15979862802630562,15.979862802630562,2078
27040860,ENGINEERING,0.056878608677490915,10.67,5.0,54.21,0.16076323541705015,16.076323541705015,2071
21807224,ENGINEERING,0.10006855292736215,22.92,10.0,54.3,0.21866428760758877,21.866428760758875,1543
17926546,ENGINEERING,0.17895017945165725,26.48,15.0,56.53,0.3017575592394931,30.17575592394931,822
20882041,ENGINEERING,0.1286474381573617,33.99,10.0,63.53,0.2646392777680743,26.463927776807427,1127
56691064,ENGINEERING,0.09300987711755472,32.81,10.0,51.22,0.2045616575639964,20.456165756399642,1682
64755882,ENGINEERING,0.09144528487423877,8.19,5.0,55.76,0.18336754845534853,18.336754845534852,1889
30097175,ENGINEERING,0.1320116168485124,6.78,2.5,52.25,0.17360272075365912,17.360272075365913,1970
28628090,ENGINEERING,0.18936728442468334,26.09,12.5,54.49,0.28196446201246317,28.196446201246317,967
19612167,ENGINEERING,0.15302771036290572,11.69,7.5,53.42,0.22412436559911586,22.412436559911587,1481
21298336,ENGINEERING,0.24549902683537517,5.14,2.5,48.48,0.21740444153837102,21.740444153837103,1554
25930778,ENGINEERING,0.13004388647374343,12.76,7.5,45.85,0.18664549862535518,18.664549862535516,1853
31684925,ENGINEERING,0.3023268100926009,44.49,7.5,51.49,0.2921484434419929,29.214844344199292,886
39855211,ENGINEERING,0.11328434894691172,8.13,7.5,55.68,0.21201100964223454,21.201100964223453,1605
12518008,ENGINEERING,0.14661203186541721,20.38,12.5,60.07,0.27974234551655813,27.97423455165581,983
20566550,ENGINEERING,0.19079414415207296,18.97,5.0,50.14,0.2137491528282169,21.37491528282169,1590
55953734,ENGINEERING,0.14317497588801406,20.21,5.0,57.38,0.21479367099622176,21.479367099622177,1579
23234047,ENGINEERING,0.14075260217251226,29.47,5.0,52.17,0.19569714256620863,19.569714256620863,1761
38314236,ENGINEERING,0.18224412686023644,28.51,12.5,52.26,0.27074754509086446,27.074754509086446,1075
25425322,ENGINEERING,0.14825692489606235,14.68,5.0,57.35,0.21723165888850543,21.72316588885054,1556
55595908,ENGINEERING,0.1308170327143397,10.67,5.0,51.3,0.18774274609664857,18.774274609664857,1846
28631840,ENGINEERING,0.15566052465872252,19.59,10.0,62.04,0.27303081930231116,27.303081930231116,1050
23438227,ENGINEERING,0.13412294830612728,11.74,5.0,50.88,0.18795389132817575,18.795389132817576,1845
35737840,ENGINEERING,0.14948347985757512,30.04,0.0,48.68,0.15208468534588337,15.208468534588338,2144
90280583,ENGINEERING,0.14738774063842577,20.61,12.5,57.43,0.2710673780699008,27.10673780699008,1070
51588273,ENGINEERING,0.13813164465642272,20.16,10.0,53.19,0.23388532883772148,23.388532883772147,1394
15601399,ENGINEERING,0.10369472133718308,17.39,7.5,49.73,0.18679051784217626,18.679051784217627,1852
64468610,ENGINEERING,0.09775816577130374,14.46,7.5,52.01,0.19164922255151257,19.164922255151257,1817
28078163,ENGINEERING,0.10126032753800654,14.46,12.5,54.58,0.23821994340434616,23.821994340434614,1349
31677347,ENGINEERING,0.09068398512226285,14.46,7.5,55.78,0.2010541164357117,20.10541164357117,1720
28762662,ENGINEERING,0.09965125628660744,17.22,12.5,55.41,0.2402647040367997,24.02647040367997,1331
15858254,ENGINEERING,0.08088505382577388,8.13,2.5,49.75,0.13945722159725044,13.945722159725044,2214
16911115,ENGINEERING,0.08817635696953242,18.97,2.5,52.91,0.15395079627245956,15.395079627245956,2123
27152464,ENGINEERING,0.15733104867999828,22.7,7.5,49.11,0.21148029153761408,21.148029153761406,1612
35651876,ENGINEERING,0.1140639147030323,28.46,10.0,53.47,0.2228126722372707,22.28126722372707,1491
19124258,ENGINEERING,0.0682650070940948,28.06,7.5,52.93,0.18006089930628266,18.006089930628267,1920
24322804,ENGINEERING,0.21456919380606213,23.49,7.5,56.42,0.2651937684947414,26.519376849474142,1120
12488356,ENGINEERING,0.13888249405165365,23.72,10.0,61.29,0.2620671387052649,26.20671387052649,1150
26834746,ENGINEERING,0.2130534605947066,32.24,5.0,56.11,0.24537314678588798,24.5373146785888,1289
32985311,ENGINEERING,0.104712637291141,10.67,5.0,50.94,0.17345470904416355,17.345470904416356,1973
39835894,ENGINEERING,0.119391342490195,19.76,10.0,56.03,0.23426457699937248,23.42645769993725,1390
21847415,ENGINEERING,0.1705427526513484,17.0,5.0,55.64,0.22250433589694146,22.250433589694147,1495
30288581,ENGINEERING,0.14778065328534554,18.63,10.0,54.2,0.24217704908077886,24.217704908077884,1311
36149549,ENGINEERING,0.09764401209088583,12.87,2.5,48.19,0.14248139691930173,14.248139691930174,2201
17103000,ENGINEERING,0.24724778522413382,29.25,2.5,59.42,0.2558346051474431,25.58346051474431,1203
12011623,ENGINEERING,0.13344456964402548,18.58,7.5,54.22,0.21707910488608836,21.707910488608835,1560
12748557,ENGINEERING,0.2117017755799108,26.09,7.5,59.58,0.2746079824849956,27.460798248499565,1039
28923650,ENGINEERING,0.1610398312832563,21.8,0.0,39.07,0.12487281643119219,12.48728164311922,2294
30542184,ENGINEERING,0.1668949551198168,18.97,2.5,53.94,0.196845969017358,19.6845969017358,1749
19396040,ENGINEERING,0.10554667661836636,20.05,7.5,53.9,0.20203163451469375,20.203163451469376,1705
35389360,ENGINEERING,0.11720575354453404,21.34,7.5,52.73,0.2038446951198991,20.384469511989913,1685
36517781,ENGINEERING,0.12637352279609051,24.62,7.5,57.5,0.22480345101241267,22.480345101241266,1472
15941675,ENGINEERING,0.10699794941387378,30.04,2.5,50.18,0.15398981082624716,15.398981082624715,2122
19397727,ENGINEERING,0.08335773778502754,1.36,2.5,50.48,0.14319957112922876,14.319957112922877,2196
47919212,ENGINEERING,0.11782678424821405,16.21,15.0,54.55,0.2643987452629002,26.43987452629002,1131
10712803,ENGINEERING,0.17023587310678626,43.08,10.0,57.62,0.2651451327299132,26.51451327299132,1121
14554542,ENGINEERING,0.05411407027833079,25.52,5.0,49.43,0.1429717660801546,14.29717660801546,2199
22605864,ENGINEERING,0.12173554491391528,11.86,10.0,51.51,0.21992002870900124,21.992002870900123,1525
49127329,ENGINEERING,0.14951396082294707,16.66,2.5,53.27,0.1858554375400526,18.58554375400526,1865
10219099,ENGINEERING,0.08466930672393738,8.13,5.0,50.16,0.1607553918553094,16.07553918553094,2072
82125182,ENGINEERING,0.13503727253948752,17.22,5.0,53.73,0.19819478156020087,19.819478156020086,1738
22890839,ENGINEERING,0.06581576426431854,9.37,5.0,46.45,0.13859260964026143,13.859260964026143,2221
17108676,ENGINEERING,0.13686706648776475,19.37,10.0,58.36,0.25100106584333415,25.100106584333414,1235
17488801,ENGINEERING,0.16929086179410738,20.78,17.5,60.98,0.33020280793407925,33.02028079340793,658
23497307,ENGINEERING,0.15689689112012078,19.99,5.0,59.76,0.22982489981035273,22.982489981035272,1424
19553067,ENGINEERING,0.0877464062062026,19.2,2.5,58.49,0.1728913306745228,17.28913306745228,1980
11981094,ENGINEERING,0.10974196884170734,19.93,12.5,57.23,0.2515579147599384,25.155791475993837,1230
17043822,ENGINEERING,0.0764647455038217,32.02,7.5,56.41,0.19610721547304102,19.610721547304102,1758
21038022,ENGINEERING,0.22125971366623742,20.55,7.5,55.66,0.2659300342607371,26.593003426073707,1112
60004873,ENGINEERING,0.15819526515813384,8.02,7.5,56.65,0.23779636819412092,23.779636819412094,1355
38220146,ENGINEERING,0.1468567020858001,19.65,10.0,62.38,0.26979608961557533,26.97960896155753,1083
47276718,ENGINEERING,0.25873519677525053,26.88,10.0,58.42,0.312141104210558,31.214110421055803,761
28630325,ENGINEERING,0.18003028537218937,18.58,5.0,46.76,0.19676406518218173,19.676406518218172,1750
13264796,ENGINEERING,0.11299752178392158,23.72,12.5,58.06,0.2560349874891986,25.60349874891986,1201
96029688,ENGINEERING,0.1318323764417504,22.76,5.0,54.48,0.19916699880484415,19.916699880484416,1734
32802563,ENGINEERING,0.08051561078725965,0.0,2.5,51.23,0.14435317292385666,14.435317292385665,2190
18753367,ENGINEERING,0.17579991111701423,22.92,10.0,58.92,0.27238990491044773,27.238990491044774,1055
26456899,ENGINEERING,0.08718898498252213,9.2,2.5,47.38,0.13447324484812712,13.447324484812711,2243
10985403,ENGINEERING,0.15911474889975244,8.87,10.0,54.64,0.24935456719350924,24.935456719350924,1250
10030015,ENGINEERING,0.1305559793955303,8.13,5.0,49.37,0.18098674741527337,18.098674741527336,1908
86209934,ENGINEERING,0.17398379821429616,35.57,10.0,56.83,0.2643071145078357,26.430711450783573,1134
11890896,ENGINEERING,0.06967704136679417,13.21,7.5,56.11,0.19168349728712256,19.168349728712254,1815
10624813,ENGINEERING,0.13717142982793992,15.47,12.5,55.9,0.2607069054658937,26.07069054658937,1160
61579998,ENGINEERING,0.21385480500113346,34.78,12.5,58.57,0.30821440149739265,30.821440149739267,778
62071407,ENGINEERING,0.12875941406929922,24.73,7.5,56.8,0.22359337570840598,22.359337570840598,1483
12472574,ENGINEERING,0.10861539771290038,20.55,7.5,57.42,0.21564975750617638,21.564975750617638,1572
31694970,ENGINEERING,0.1775727536283957,27.44,10.0,58.41,0.2715255537665504,27.15255537665504,1067
33685075,ENGINEERING,0.11549312003819454,20.55,12.5,58.41,0.2584842970866406,25.84842970866406,1180
77828437,ENGINEERING,0.15040033958531343,14.57,5.0,53.13,0.20381658284830434,20.381658284830433,1687
35172961,ENGINEERING,0.11667975305494353,0.0,2.5,48.64,0.1535440665774377,15.35440665774377,2128
21629057,ENGINEERING,0.17549456679063136,11.86,5.0,51.21,0.20977255329957298,20.9772553299573,1630
15906625,ACCOUNTANT,0.2677509533300718,45.1,6.25,57.53,0.2865958728335484,28.659587283354842,931
30361788,ACCOUNTANT,0.08327056140127542,29.9,3.12,53.85,0.15918845523143324,15.918845523143323,2083
21031285,ACCOUNTANT,0.05943819538686609,33.29,15.62,61.84,0.2646938403937287,26.46938403937287,1126
25749150,ACCOUNTANT,0.03940943932308799,14.36,15.62,61.78,0.2544734891383587,25.44734891383587,1216
12338274,ACCOUNTANT,0.0962696787967284,32.53,9.38,56.5,0.2198535591613393,21.98535591613393,1530
33527446,ACCOUNTANT,0.19037877371329967,35.7,9.38,55.61,0.2638528371379909,26.38528371379909,1136
12442909,ACCOUNTANT,0.040496994692322916,18.3,12.5,61.85,0.23279536589327912,23.27953658932791,1402
37997506,ACCOUNTANT,0.09257273359016302,41.99,12.5,60.02,0.2525510520260303,25.25510520260303,1224
37370455,ACCOUNTANT,0.2207327679524057,34.25,6.25,58.93,0.26789282202593745,26.789282202593746,1093
10554236,ACCOUNTANT,0.060868312812022866,15.4,9.38,60.55,0.2160560687539505,21.60560687539505,1566
31602598,ACCOUNTANT,0.12551310211073352,49.45,6.25,57.54,0.21551127609445941,21.551127609445942,1573
19545827,ACCOUNTANT,0.0997456470439613,25.55,0.0,52.88,0.14163389458274278,14.163389458274278,2206
14470533,ACCOUNTANT,0.25248241975720065,45.58,6.25,56.83,0.2765585851065018,27.655858510650177,1012
43685045,ACCOUNTANT,0.269521321046891,45.37,12.5,58.92,0.3372491699905769,33.72491699905769,618
18365791,ACCOUNTANT,0.0410726432014153,15.4,3.12,45.74,0.11024878209099513,11.024878209099514,2338
14224370,ACCOUNTANT,0.3939356922428153,52.35,3.12,58.09,0.32907646177819017,32.90764617781902,662
21794875,ACCOUNTANT,0.13926839220103907,34.46,9.38,60.88,0.25638896117760385,25.638896117760385,1198
23734441,ACCOUNTANT,0.1007330860082159,37.64,12.5,59.22,0.25388491858864404,25.388491858864406,1220
39115899,ACCOUNTANT,0.05118575537258645,22.86,9.38,60.72,0.21179838083409494,21.179838083409493,1607
23139819,ACCOUNTANT,0.07076061980722928,28.94,0.0,53.15,0.128068260470041,12.8068260470041,2277
42487883,ACCOUNTANT,0.047148683239566044,48.96,3.12,57.23,0.15273067440667193,15.273067440667193,2136
23636277,ACCOUNTANT,0.2918049836748397,61.81,3.12,57.53,0.2760886907417135,27.60886907417135,1019
21338490,ACCOUNTANT,0.15810044385658978,38.6,6.25,58.47,0.23499753193134224,23.499753193134225,1380
14491649,ACCOUNTANT,0.10462653526484608,21.41,3.12,57.45,0.18222483557207542,18.222483557207543,1899
17407184,ACCOUNTANT,0.03615679450736476,18.3,3.12,56.9,0.1461018773114261,14.61018773114261,2182
30813919,ACCOUNTANT,0.39120764112319206,41.99,9.38,65.2,0.39718865772930856,39.718865772930855,365
78403342,ACCOUNTANT,0.0684236580682592,28.94,6.25,61.05,0.19901598764685766,19.901598764685765,1735
20393721,ACCOUNTANT,0.24314750121001896,46.06,9.38,58.78,0.3011194528602606,30.11194528602606,828
24817041,ACCOUNTANT,0.09819643535384075,33.22,9.38,51.93,0.20512864358476332,20.51286435847633,1672
27980446,ACCOUNTANT,0.10943242728965691,27.69,9.38,57.81,0.23093201545380426,23.093201545380428,1415
25462793,ACCOUNTANT,0.25139869640253015,27.97,6.25,55.64,0.2719315878301277,27.193158783012773,1063
29456173,ACCOUNTANT,0.06670714767642298,45.86,12.5,61.9,0.24607208673822994,24.607208673822996,1281
59403481,ACCOUNTANT,0.09981421291627574,45.86,9.38,60.44,0.2351514012296952,23.51514012296952,1379
13491889,ACCOUNTANT,0.22985714295927132,56.98,3.12,58.07,0.24696852939525785,24.696852939525783,1270
25846894,ACCOUNTANT,0.16925066642051023,30.11,6.25,57.61,0.2376203603434089,23.762036034340888,1356
53640713,ACCOUNTANT,0.13151351858513247,23.83,6.25,57.62,0.21878611529630015,21.878611529630014,1541
11163645,ACCOUNTANT,0.027355984431303507,22.17,6.25,50.0,0.14054874883730534,14.054874883730534,2212
23513618,ACCOUNTANT,0.25567020396043455,53.31,6.25,59.82,0.28841680951158594,28.841680951158594,914
75286906,ACCOUNTANT,0.03697571568738916,21.69,12.5,54.57,0.20604330860845732,20.60433086084573,1662
20253563,ACCOUNTANT,0.048410671103095874,14.16,3.12,56.65,0.15137059384478768,15.137059384478768,2153
16237710,ACCOUNTANT,0.05966235341102779,27.69,6.25,54.42,0.17187529412359728,17.18752941235973,1990
13294301,ACCOUNTANT,0.048376313445494215,15.4,12.5,58.73,0.2260244176488555,22.60244176488555,1460
13130984,ACCOUNTANT,0.04694644600669289,23.83,3.12,59.78,0.1613834177881756,16.138341778817562,2057
25127518,ACCOUNTANT,0.10301997931313625,33.77,0.0,58.8,0.1635937521007837,16.35937521007837,2045
24799301,ACCOUNTANT,0.0354915617514333,8.77,3.12,57.78,0.14879020154451422,14.879020154451423,2172
25067742,ACCOUNTANT,0.035586149092059885,29.42,9.38,52.96,0.17735937412362915,17.735937412362915,1940
15821633,ACCOUNTANT,0.059985500809615275,28.94,6.25,62.56,0.1999805684751396,19.998056847513958,1727
15363277,ACCOUNTANT,0.060392727112156555,15.4,0.0,59.16,0.14351596534117955,14.351596534117956,2194
18132924,ACCOUNTANT,0.18878226883956767,52.35,12.5,59.46,0.29873340289824374,29.873340289824373,836
63137898,ACCOUNTANT,0.09132885652136387,15.68,0.0,56.55,0.150024194824362,15.0024194824362,2168
21763056,ACCOUNTANT,0.10416287760125195,23.07,15.62,63.05,0.29120997484112066,29.120997484112067,895
20624984,ACCOUNTANT,0.03589049597626722,20.93,6.25,57.17,0.16942980481576045,16.942980481576043,2016
25935030,ACCOUNTANT,0.08001697358866337,17.54,6.25,58.37,0.19561250809157743,19.561250809157745,1764
17556527,ACCOUNTANT,0.04360174557301372,20.44,18.75,60.05,0.2731649449171731,27.316494491717307,1048
28939941,ACCOUNTANT,0.060741414605244834,15.4,6.25,55.54,0.1762596582256835,17.62596582256835,1948
28359817,ACCOUNTANT,0.21431374215333276,38.12,6.25,57.21,0.25877874338661383,25.877874338661382,1176
20345168,ACCOUNTANT,0.16688428227476815,24.79,6.25,58.11,0.23815361179954575,23.815361179954575,1350
14496667,ACCOUNTANT,0.05271621102843863,15.4,6.25,54.49,0.16864252502636384,16.864252502636383,2021
25862026,ACCOUNTANT,0.051713571233009056,21.69,9.38,60.98,0.2129548393993904,21.29548393993904,1596
23246831,ACCOUNTANT,0.044052273411909405,15.4,9.38,53.23,0.18251931578921815,18.251931578921816,1895
49204385,ACCOUNTANT,0.2683635825559128,60.84,9.38,61.28,0.322309711178247,32.2309711178247,699
12802330,ACCOUNTANT,0.1674095120754454,60.57,9.38,62.61,0.2763984157251743,27.639841572517433,1014
22925443,ACCOUNTANT,0.10685932981128701,13.95,6.25,54.9,0.19712156811157444,19.712156811157445,1744
28614791,ACCOUNTANT,0.045370920528520924,12.91,15.62,59.48,0.24955858950763882,24.955858950763883,1247
30304575,ACCOUNTANT,0.10991318575188173,27.69,6.25,59.06,0.21292930624321754,21.292930624321755,1597
26065877,ACCOUNTANT,0.03557021882183939,28.66,12.5,62.01,0.2308812398873199,23.08812398873199,1417
29821051,ACCOUNTANT,0.06693752655929129,33.29,0.0,55.75,0.13508222019691307,13.508222019691306,2240
29999135,ACCOUNTANT,0.04792918417533689,36.88,3.12,52.52,0.13695202683130298,13.695202683130297,2229
21853199,ACCOUNTANT,0.3392294863428841,53.11,6.25,61.12,0.3346592038782312,33.465920387823125,631
39674178,ACCOUNTANT,0.042260589543535794,31.35,0.0,54.5,0.11845264286651559,11.84526428665156,2316
14449423,ACCOUNTANT,0.3102293085854089,40.26,15.62,64.11,0.39788205061469595,39.7882050614696,359
25547145,ACCOUNTANT,0.044048346672047524,15.4,6.25,56.12,0.169904198752734,16.9904198752734,2006
14055988,ACCOUNTANT,0.05435563106002226,15.4,12.5,54.34,0.21394370227143023,21.39437022714302,1589
27637576,ACCOUNTANT,0.1003383145452194,29.9,9.38,56.49,0.22185354816500463,22.185354816500464,1501
49997097,ACCOUNTANT,0.10749967581131947,28.94,0.0,53.02,0.14599151315454406,14.599151315454407,2183
27558837,ACCOUNTANT,0.13301492427526615,26.04,0.0,49.25,0.14580715317779785,14.580715317779786,2185
14126433,ACCOUNTANT,0.10532701552178647,36.4,9.38,54.68,0.2181343730782796,21.81343730782796,1547
34198885,ACCOUNTANT,0.17610350617319565,48.96,3.12,58.84,0.22273503403689215,22.273503403689215,1493
62809577,ACCOUNTANT,0.05167606050087677,11.46,3.12,50.45,0.1317193887839802,13.17193887839802,2259
12065211,ACCOUNTANT,0.22543625738562384,64.23,12.5,59.0,0.3154812691245846,31.548126912458457,744
23416654,ACCOUNTANT,0.08974201005367498,52.62,9.38,56.84,0.21775690638953799,21.775690638953797,1550
38847011,ACCOUNTANT,0.09285177326234487,46.82,15.62,58.86,0.271170625898581,27.117062589858097,1068
27573855,ACCOUNTANT,0.10402886660775311,44.13,3.12,55.6,0.17557516018619973,17.557516018619975,1954
15592167,ACCOUNTANT,0.12238523990309387,15.4,9.38,52.15,0.21797828101215333,21.797828101215334,1549
20082776,ACCOUNTANT,0.42514372867812555,59.6,3.12,57.36,0.34217447244349375,34.21744724434937,593
10674770,ACCOUNTANT,0.13192882575309295,45.86,3.12,58.67,0.2000641030269781,20.006410302697812,1726
24294778,ACCOUNTANT,0.06851297159851538,20.44,9.38,53.37,0.19523026907064336,19.523026907064338,1766
11759079,ACCOUNTANT,0.047903389121988355,39.09,15.62,62.63,0.2616384180371223,26.16384180371223,1153
18669563,ACCOUNTANT,0.03693844481148884,11.46,12.5,55.32,0.20859933846401896,20.859933846401894,1645
18569929,ACCOUNTANT,0.04143414856824288,20.93,6.25,53.9,0.16097609043203662,16.09760904320366,2067
80053367,ACCOUNTANT,0.044799258192325296,15.4,3.12,51.01,0.1302034043821933,13.02034043821933,2268
87635012,ACCOUNTANT,0.10452629954024989,28.94,0.0,54.97,0.15119895478214007,15.119895478214007,2156
24703009,ACCOUNTANT,0.1023813712032253,38.6,12.5,62.26,0.2651450378425168,26.51450378425168,1122
25867805,ACCOUNTANT,0.15860035090419347,46.82,3.12,57.3,0.20869681033304674,20.869681033304673,1644
35554162,ACCOUNTANT,0.05300299605904298,33.29,0.0,56.18,0.12959109638173572,12.959109638173572,2270
13701259,ACCOUNTANT,0.053130415116105986,25.55,6.25,60.34,0.18893201635958987,18.893201635958988,1840
12202337,ACCOUNTANT,0.05370568591656815,22.65,3.12,59.88,0.16510632644891482,16.510632644891484,2039
19446337,ACCOUNTANT,0.26699899984112735,72.44,0.0,59.27,0.2471967192820467,24.71967192820467,1268
15289348,ACCOUNTANT,0.31376034229713023,64.43,0.0,58.67,0.26851765827523866,26.851765827523867,1088
28969385,ACCOUNTANT,0.29381678731275745,67.13,9.38,58.2,0.32446302141798067,32.446302141798064,688
36425270,ACCOUNTANT,0.10442649602293415,32.73,12.5,59.8,0.2577226980896524,25.77226980896524,1184
78257294,ACCOUNTANT,0.10645116180262618,37.64,9.38,56.41,0.22463534082906675,22.463534082906676,1476
23438112,ACCOUNTANT,0.14840288486337266,39.5,6.25,56.71,0.2241068712126259,22.41068712126259,1482
98559931,ACCOUNTANT,0.06929530713765032,22.17,6.25,53.5,0.17353351489353402,17.353351489353404,1971
17306905,ACCOUNTANT,0.18920797946715268,52.83,9.38,61.36,0.2830065405985082,28.30065405985082,957
12780508,ACCOUNTANT,0.06265718288497696,37.64,6.25,58.21,0.18638335081045174,18.638335081045174,1858
26975573,ACCOUNTANT,0.1090239133048724,37.85,9.38,60.7,0.24064880205907763,24.064880205907762,1327
28298773,ACCOUNTANT,0.11370310194147722,23.83,9.38,58.71,0.23615695113192864,23.615695113192864,1370
29050809,ACCOUNTANT,0.13728957870773723,55.25,15.62,59.68,0.2962044960088501,29.620449600885014,854
34816637,ACCOUNTANT,0.16452837950376623,46.82,6.25,58.62,0.23872643281363282,23.87264328136328,1347
22465498,ACCOUNTANT,0.05959522632917157,40.54,9.38,60.2,0.21421801504221932,21.421801504221932,1586
24103168,ACCOUNTANT,0.08353322842291774,40.26,3.12,50.99,0.14950173175632925,14.950173175632925,2169
36024962,ACCOUNTANT,0.047468270275803186,20.44,9.38,51.74,0.17911231250472154,17.911231250472152,1926
18635654,ACCOUNTANT,0.03139415518335213,19.2,6.25,49.8,0.1418812568017265,14.18812568017265,2205
50222417,ACCOUNTANT,0.04224129453743214,48.48,12.5,59.77,0.2265271107351609,22.65271107351609,1458
23387174,ACCOUNTANT,0.13581745104910606,44.13,9.38,60.88,0.25466349060163734,25.466349060163733,1214
13072019,ACCOUNTANT,0.03596368458738335,14.16,0.0,51.04,0.10342640116770474,10.342640116770474,2350
82649935,ACCOUNTANT,0.11048084802174692,51.86,6.25,56.39,0.20404732893324795,20.404732893324795,1684
99433371,CONSTRUCTION,0.10240797122668828,0.0,0.0,40.74,0.10128980778979454,10.128980778979454,2356
10734870,CONSTRUCTION,0.09689131979377963,16.55,10.53,54.88,0.2228824402788671,22.288244027886712,1490
18472240,CONSTRUCTION,0.060720191703070046,11.68,2.63,41.7,0.1026759748448613,10.26759748448613,2353
71576860,CONSTRUCTION,0.13323220569290276,13.14,15.79,57.14,0.28668017846190574,28.668017846190573,929
29087505,CONSTRUCTION,0.20293832572479922,30.6,5.26,49.81,0.22056024113741468,22.05602411374147,1511
22965804,CONSTRUCTION,0.05597058282261191,1.28,0.0,27.23,0.03169280943396302,3.169280943396302,2385
33141415,CONSTRUCTION,0.09934803436826453,22.63,2.63,40.84,0.11903761330756496,11.903761330756495,2314
26509539,CONSTRUCTION,0.264825852801573,61.68,7.89,57.14,0.29560155205223804,29.560155205223804,859
36331163,CONSTRUCTION,0.23803378749413942,29.81,5.26,53.16,0.24960814366643766,24.960814366643767,1246
25656981,CONSTRUCTION,0.29574450027760263,63.81,13.16,63.72,0.3715902373548189,37.15902373548189,467
26091595,CONSTRUCTION,0.2590570100779034,63.81,7.89,56.42,0.29024545200863183,29.024545200863184,902
11393213,CONSTRUCTION,0.202372533108297,33.03,5.26,53.29,0.23222379179105848,23.222379179105847,1406
14900898,CONSTRUCTION,0.3151456979275989,48.91,13.16,67.26,0.39344325636519295,39.344325636519294,382
25098739,CONSTRUCTION,0.1847424003077553,15.15,7.89,45.97,0.21721447736729277,21.721447736729278,1557
78114950,CONSTRUCTION,0.3558528229020759,75.73,7.89,62.04,0.35793618368676683,35.79361836867668,520
35971546,CONSTRUCTION,0.45534063529773644,77.86,15.79,62.58,0.4664092988599285,46.64092988599285,157
22019500,CONSTRUCTION,0.4184376184452262,66.79,5.26,63.67,0.375889702121727,37.588970212172704,453
12839152,CONSTRUCTION,0.5058794977611144,57.85,15.79,60.93,0.4860144664458914,48.60144664458914,114
16353584,CONSTRUCTION,0.40309732152969147,36.37,15.79,60.55,0.4333188812481339,43.33188812481339,241
29878348,CONSTRUCTION,0.08998480550151583,11.98,0.0,48.9,0.12309058332061719,12.309058332061719,2298
28815362,CONSTRUCTION,0.35987938369676475,63.38,15.79,61.54,0.41510847051910615,41.510847051910616,298
15564893,CONSTRUCTION,0.09811246066335055,8.76,10.53,50.58,0.20873159636418465,20.873159636418464,1643
12491898,CONSTRUCTION,0.07058756486487039,24.45,7.89,63.67,0.22089916057272982,22.089916057272983,1508
29574501,CONSTRUCTION,0.09138229292881678,27.86,10.53,55.76,0.22314886745743956,22.314886745743955,1488
32799518,CONSTRUCTION,0.1260714790870039,25.12,7.89,52.96,0.21187489729244743,21.187489729244742,1606
28942221,CONSTRUCTION,0.17047390774922153,45.13,7.89,54.67,0.23994634849276325,23.994634849276324,1335
10176013,CONSTRUCTION,0.44128880912728513,63.38,10.53,60.34,0.413824748282386,41.3824748282386,303
16378091,CONSTRUCTION,0.08330198062394524,11.86,7.89,54.46,0.1956394786479418,19.56394786479418,1762
16203589,CONSTRUCTION,0.4028610027255785,56.14,10.53,57.47,0.3847584592250274,38.475845922502735,412
63145386,CONSTRUCTION,0.30756915230133797,55.72,7.89,53.62,0.3048894393579049,30.48894393579049,800
13907230,CONSTRUCTION,0.18582106924766237,28.77,5.26,49.62,0.21134936435782323,21.134936435782322,1614
21586858,CONSTRUCTION,0.4044830889430309,78.71,18.42,68.47,0.48013471569546945,48.013471569546944,126
61065616,CONSTRUCTION,0.21378970403744224,27.86,10.53,54.17,0.2788942825895072,27.889428258950723,993
19471144,CONSTRUCTION,0.3696475045165059,64.66,7.89,58.03,0.35106764739133856,35.10676473913386,551
17342969,CONSTRUCTION,0.20373765968895827,65.51,7.89,59.74,0.2739829618467717,27.398296184677168,1046
10041713,CONSTRUCTION,0.19543350024977146,53.16,7.89,58.74,0.2663979950691625,26.63979950691625,1107
24770846,CONSTRUCTION,0.2318940483997134,37.65,7.89,56.98,0.27858638792202567,27.858638792202566,995
24740005,CONSTRUCTION,0.34368764264340285,60.4,15.79,59.2,0.3989796442766683,39.897964427666835,354
14585273,CONSTRUCTION,0.2142938502151035,57.42,5.26,59.6,0.25984596768054136,25.984596768054136,1166
28756444,CONSTRUCTION,0.18125587451661984,27.43,10.53,58.03,0.27587831187303696,27.587831187303696,1023
10281555,CONSTRUCTION,0.4051357483808515,66.79,15.79,65.04,0.4497517575642049,44.97517575642049,195
48549972,CONSTRUCTION,0.23224534226125093,21.05,7.89,57.5,0.28054713612296267,28.05471361229627,981
17252448,CONSTRUCTION,0.34035800639581276,68.92,10.53,61.34,0.36679223397466565,36.679223397466565,487
15721849,CONSTRUCTION,0.4664359826788703,62.1,10.53,58.58,0.4203564538360709,42.03564538360709,280
56525735,CONSTRUCTION,0.46784337617613814,75.3,15.79,60.32,0.46490234454801366,46.49023445480137,165
51638201,CONSTRUCTION,0.3986349715640121,58.27,2.63,55.4,0.31866391747014866,31.866391747014866,728
94503308,CONSTRUCTION,0.3867170705717502,64.23,21.05,71.76,0.5014803901718817,50.148039017188175,94
27835351,CONSTRUCTION,0.15679698721886573,21.35,2.63,53.3,0.1905358624757423,19.05358624757423,1829
38946032,CONSTRUCTION,0.14238762645556413,16.79,5.26,55.02,0.20817023307505939,20.817023307505938,1647
39674782,CONSTRUCTION,0.16984169009721764,41.48,10.53,56.81,0.26598309745255655,26.598309745255655,1111
29193505,CONSTRUCTION,0.2959842072660602,58.27,15.79,59.96,0.377736920752089,37.7736920752089,442
12890045,CONSTRUCTION,0.3141805372503336,50.18,10.53,58.36,0.343473495969039,34.347349596903896,586
29894080,CONSTRUCTION,0.3946765005966384,75.73,13.16,62.2,0.41583824918615275,41.58382491861528,294
32025286,CONSTRUCTION,0.39508579051876724,60.83,15.79,66.72,0.4504940288906293,45.049402889062925,194
21567392,CONSTRUCTION,0.415646434528109,53.59,13.16,62.35,0.4268381492105905,42.683814921059046,262
32265203,CONSTRUCTION,0.10684594704389387,25.91,5.26,56.29,0.19475915993290432,19.47591599329043,1774
27246366,CONSTRUCTION,0.49330245433867226,72.32,21.05,68.36,0.5431012660580891,54.310126605808904,46
27066370,CONSTRUCTION,0.22698539992577202,40.39,5.26,46.45,0.221049277722968,22.1049277722968,1507
21363048,CONSTRUCTION,0.22964728983317254,59.55,10.53,57.22,0.2972933810143205,29.729338101432052,846
21782152,CONSTRUCTION,0.15879984075993545,49.76,2.63,51.59,0.18566705237707015,18.566705237707016,1870
16626724,CONSTRUCTION,0.43050698588151687,51.46,15.79,65.25,0.46315828259672087,46.31582825967209,167
25224998,CONSTRUCTION,0.29668183579318236,71.05,10.53,54.58,0.3217478321611637,32.17478321611637,703
28803888,CONSTRUCTION,0.20111024321141366,55.54,10.53,58.01,0.2857368384792735,28.57368384792735,939
25187733,CONSTRUCTION,0.21125676226448997,59.55,13.16,60.17,0.3171596192923065,31.71596192923065,736
88859947,CONSTRUCTION,0.3736083355983605,57.42,7.89,57.52,0.3512972905326778,35.12972905326778,550
17570634,CONSTRUCTION,0.3167293826632121,44.22,13.16,63.99,0.38300955805328796,38.3009558053288,418
10149490,CONSTRUCTION,0.3463577580180248,59.55,10.53,59.69,0.3641278461400457,36.412784614004565,493
19364677,CONSTRUCTION,0.5572154870487613,69.34,10.53,64.78,0.48703010578071426,48.70301057807143,111
22983516,CONSTRUCTION,0.149694550121717,41.24,13.16,58.75,0.2815038135985376,28.15038135985376,971
31850269,CONSTRUCTION,0.12251428855402081,18.92,10.53,58.34,0.24757171387972232,24.75717138797223,1266
27243670,CONSTRUCTION,0.5046437133815029,79.56,15.79,64.77,0.4985788605588663,49.85788605588663,97
44147689,CONSTRUCTION,0.30633826062413216,45.92,0.0,57.22,0.25982893120461675,25.982893120461675,1168
12654876,CONSTRUCTION,0.26324425736953744,77.86,13.16,58.91,0.3388279291517304,33.882792915173034,602
49685006,CONSTRUCTION,0.17002406898489597,33.58,13.16,57.24,0.28648491357252326,28.648491357252325,933
12212468,CONSTRUCTION,0.29813308252032594,78.71,13.16,65.66,0.3794443293687312,37.94443293687312,435
29483501,CONSTRUCTION,0.23364975162835358,69.34,10.53,55.39,0.2930124285957421,29.301242859574213,880
69764348,CONSTRUCTION,0.1419777140789626,41.91,7.89,57.23,0.23448644252615422,23.448644252615424,1386
18882984,CONSTRUCTION,0.09773423059585447,13.02,5.26,45.02,0.15151466456504664,15.151466456504664,2151
45475027,CONSTRUCTION,0.4130618917785877,71.05,18.42,64.24,0.4699030048578411,46.99030048578411,151
34544955,CONSTRUCTION,0.09554163151163533,42.94,10.53,50.07,0.20569540938873898,20.5695409388739,1665
93436805,CONSTRUCTION,0.16035905580655138,22.75,10.53,53.88,0.2511834212272372,25.118342122723718,1232
39908485,CONSTRUCTION,0.48932271128315463,77.86,21.05,73.94,0.5602669043140583,56.02669043140583,25
39566718,CONSTRUCTION,0.47527915894320083,80.41,10.53,65.49,0.4484992915391252,44.84992915391252,199
12666174,CONSTRUCTION,0.3380739324409289,65.51,15.79,60.02,0.39898775656300434,39.89877565630044,353
20565849,CONSTRUCTION,0.10524255125209228,45.32,7.89,52.76,0.20077385596338845,20.077385596338846,1722
12693146,CONSTRUCTION,0.4050101402858474,75.73,10.53,60.65,0.3967496088496521,39.67496088496521,369
14849103,CONSTRUCTION,0.2845447207357005,69.34,10.53,55.07,0.3173613892908505,31.73613892908505,734
10100240,CONSTRUCTION,0.20271889390376974,22.51,10.53,54.74,0.27531562314573993,27.531562314573993,1030
22894544,CONSTRUCTION,0.10553848003537047,20.38,7.89,55.06,0.2088174605884639,20.88174605884639,1642
19928941,CONSTRUCTION,0.15476861785049512,7.54,2.63,58.96,0.2089518185399264,20.89518185399264,1639
39027764,CONSTRUCTION,0.3843181170663621,61.68,18.42,69.45,0.47341645907399055,47.341645907399055,141
23818675,CONSTRUCTION,0.2540288765124779,69.34,5.26,55.41,0.26532968405614243,26.532968405614245,1116
24953126,CONSTRUCTION,0.30823676456383853,44.89,7.89,59.38,0.3249966749433262,32.49966749433262,686
22718826,CONSTRUCTION,0.3907517256321423,76.16,10.53,64.63,0.40328329201370233,40.32832920137023,340
24361598,CONSTRUCTION,0.406974581176281,68.07,7.89,55.76,0.3619385320995302,36.19385320995302,501
20681037,CONSTRUCTION,0.07008756085712885,11.68,2.63,41.39,0.1062954644339058,10.62954644339058,2347
16924279,CONSTRUCTION,0.12733183021482217,31.69,7.89,57.6,0.22843366880554986,22.843366880554985,1437
30311725,CONSTRUCTION,0.4504390186537609,78.28,18.42,63.44,0.485845258649015,48.5845258649015,116
29061628,CONSTRUCTION,0.14433299507577685,39.11,5.26,56.04,0.21264446218434185,21.264446218434184,1600
33023370,CONSTRUCTION,0.12514627048167162,66.79,7.89,52.66,0.21038242687237654,21.038242687237656,1622
32773331,CONSTRUCTION,0.4000670082052636,85.1,10.53,61.07,0.3957198553737268,39.571985537372676,376
10820510,CONSTRUCTION,0.21119221015340778,33.82,10.53,56.16,0.28442698089294133,28.442698089294133,951
28949406,CONSTRUCTION,0.060560404815984285,13.14,5.26,50.17,0.15060712002389287,15.060712002389288,2160
12826414,CONSTRUCTION,0.3595026679113667,72.75,21.05,66.98,0.47146398870437456,47.14639887043746,147
63083944,CONSTRUCTION,0.37881686614385657,65.51,10.53,65.78,0.40126368238627774,40.12636823862778,345
22546476,CONSTRUCTION,0.3345974103391696,33.58,5.26,43.88,0.26603276319056623,26.603276319056622,1110
90032884,CONSTRUCTION,0.2712108910052647,37.9,10.53,54.73,0.30952729282590724,30.952729282590724,771
27187994,CONSTRUCTION,0.06445653859005193,5.66,2.63,42.66,0.10783971986404736,10.783971986404737,2344
30397268,CONSTRUCTION,0.23117498561278052,56.14,10.53,57.1,0.2976452824571626,29.76452824571626,840
78298706,CONSTRUCTION,0.16641122173090617,40.45,5.26,52.47,0.21142816871479012,21.142816871479013,1613
11650031,CONSTRUCTION,0.08771014603344665,18.07,7.89,56.66,0.2053959128803272,20.53959128803272,1669
12695537,CONSTRUCTION,0.1223033090083436,18.49,7.89,54.33,0.2146938675225989,21.46938675225989,1581
31392754,PUBLIC-RELATIONS,0.10723929403709213,29.86,16.67,56.91,0.27922965177120396,27.922965177120396,988
23143731,PUBLIC-RELATIONS,0.17055978369195932,80.36,20.83,61.16,0.3554292706268821,35.542927062688214,534
26130673,PUBLIC-RELATIONS,0.10843271521897539,35.47,8.33,51.8,0.20224111295140845,20.224111295140844,1703
25070914,PUBLIC-RELATIONS,0.35437088131398914,72.65,25.0,69.22,0.5050254873976425,50.50254873976425,88
37913536,PUBLIC-RELATIONS,0.274570878037527,70.54,12.5,62.68,0.35268160382403435,35.26816038240344,546
14278888,PUBLIC-RELATIONS,0.07077476534337826,29.16,8.33,54.39,0.1923033154938708,19.23033154938708,1804
28831442,PUBLIC-RELATIONS,0.040159911380170575,35.47,8.33,53.27,0.17315105500728928,17.31510550072893,1977
98086373,PUBLIC-RELATIONS,0.31631662811181066,76.85,25.0,63.43,0.4661219447306419,46.612194473064186,158
23673025,PUBLIC-RELATIONS,0.3045638806417567,81.76,12.5,65.29,0.37663794034757037,37.66379403475704,446
10070224,PUBLIC-RELATIONS,0.38541153863415156,95.79,37.5,69.49,0.611465496139342,61.1465496139342,6
28290448,PUBLIC-RELATIONS,0.4197112680078888,91.58,16.67,57.01,0.4358089274624039,43.58089274624039,235
24559558,PUBLIC-RELATIONS,0.27270230697528447,84.57,25.0,65.68,0.4520387800429143,45.20387800429143,190
28862054,PUBLIC-RELATIONS,0.15974729241985547,66.33,16.67,66.4,0.33806174914315545,33.80617491431555,609
14536764,PUBLIC-RELATIONS,0.15940781777377913,78.26,20.83,60.55,0.34775922656240243,34.77592265624024,564
37087371,PUBLIC-RELATIONS,0.21945762648015527,59.32,20.83,65.77,0.39570380135843286,39.57038013584329,377
12191094,PUBLIC-RELATIONS,0.24652362630111382,81.76,25.0,64.99,0.4365807476357981,43.65807476357981,232
12920612,PUBLIC-RELATIONS,0.2938028200976172,84.57,33.33,68.55,0.5324126247644017,53.24126247644016,60
14009087,PUBLIC-RELATIONS,0.33130642128699433,85.27,29.17,69.79,0.5254716012793524,52.54716012793524,68
91197243,PUBLIC-RELATIONS,0.3729902326357659,76.85,29.17,72.21,0.5546210936341364,55.46210936341364,31
12545844,PUBLIC-RELATIONS,0.2816191578084648,76.15,12.5,58.12,0.3405517787249512,34.055177872495115,596
31292364,PUBLIC-RELATIONS,0.23460730164083077,85.27,25.0,65.65,0.4328882907639471,43.288829076394705,243
11902276,PUBLIC-RELATIONS,0.1203706325913758,43.19,16.67,56.99,0.28606995201298707,28.60699520129871,936
18436190,PUBLIC-RELATIONS,0.2608585378004297,82.46,20.83,57.63,0.3884605563663216,38.84605563663216,400
23771896,PUBLIC-RELATIONS,0.26737905982164967,56.81,25.0,67.84,0.4567921925114111,45.67921925114111,177
25413261,PUBLIC-RELATIONS,0.3965983333772591,79.66,25.0,62.11,0.5017313864467853,50.17313864467853,93
49119887,PUBLIC-RELATIONS,0.2958088847420102,96.49,16.67,63.76,0.3970297234710712,39.70297234710712,366
27000192,PUBLIC-RELATIONS,0.29689679788555107,85.97,29.17,63.84,0.4878411115834368,48.78411115834368,108
27257013,PUBLIC-RELATIONS,0.5214532949306802,95.79,37.5,72.76,0.6907119149673179,69.07119149673179,2
45900271,PUBLIC-RELATIONS,0.2204225757330185,60.72,0.0,53.64,0.20458135309136338,20.45813530913634,1681
22560013,PUBLIC-RELATIONS,0.11494555414178452,54.41,16.67,53.77,0.2723035164613806,27.23035164613806,1057
24977396,PUBLIC-RELATIONS,0.10120910383693169,44.59,8.33,60.4,0.22815213595932238,22.81521359593224,1441
14364597,PUBLIC-RELATIONS,0.07985121823878155,43.99,4.17,54.37,0.16682328016873463,16.682328016873463,2029
59346975,PUBLIC-RELATIONS,0.20543469489704383,89.48,29.17,67.31,0.45402217818049806,45.402217818049806,186
11850315,PUBLIC-RELATIONS,0.46434565959975443,90.88,16.67,61.43,0.4732994840547665,47.32994840547665,142
24710433,PUBLIC-RELATIONS,0.16141733843703893,72.65,12.5,61.06,0.29054355698980466,29.054355698980466,900
21297828,PUBLIC-RELATIONS,0.3118591634278738,30.36,12.5,58.66,0.3575255405459842,35.75255405459842,522
26330995,PUBLIC-RELATIONS,0.12629349731613848,48.1,8.33,57.07,0.2292628187957332,22.92628187957332,1430
30642458,PUBLIC-RELATIONS,0.18130113105067105,77.56,4.17,56.34,0.22431102407897052,22.43110240789705,1479
19503224,PUBLIC-RELATIONS,0.1541799570052068,70.54,20.83,63.98,0.3569200987871104,35.69200987871104,524
36107065,PUBLIC-RELATIONS,0.11296390668922766,44.59,8.33,54.77,0.2147023832488415,21.47023832488415,1580
10554045,PUBLIC-RELATIONS,0.03444878142214929,25.65,4.17,50.78,0.1317979972221418,13.179799722214181,2257
29525715,PUBLIC-RELATIONS,0.12939509509760455,71.94,37.5,66.25,0.4723347203030972,47.23347203030972,145
15917885,PUBLIC-RELATIONS,0.17444210873624733,76.45,8.33,47.52,0.22055305310173684,22.055305310173683,1512
12567516,PUBLIC-RELATIONS,0.3218513603454206,81.06,20.83,63.59,0.43941697450459116,43.94169745045912,225
21478007,PUBLIC-RELATIONS,0.20651079487311455,55.81,12.5,56.13,0.29616615201182467,29.616615201182466,855
24590489,PUBLIC-RELATIONS,0.058748117124317364,18.64,8.33,53.37,0.18278844658516424,18.278844658516423,1894
14667659,PUBLIC-RELATIONS,0.11430359962636141,25.65,20.83,54.35,0.30392321772899566,30.392321772899567,810
19929506,PUBLIC-RELATIONS,0.3255088537151317,91.58,25.0,65.37,0.47737785842485303,47.7377858424853,130
31220062,PUBLIC-RELATIONS,0.33407940563206123,71.24,12.5,58.49,0.36805207084821523,36.805207084821525,481
26173524,PUBLIC-RELATIONS,0.19507710056944394,64.93,16.67,59.34,0.3314904705883583,33.149047058835826,652
85973397,PUBLIC-RELATIONS,0.20877409303499658,78.26,25.0,68.97,0.43136887149364234,43.136887149364235,250
18133495,PUBLIC-RELATIONS,0.09701587655962379,34.07,16.67,52.12,0.25767441402457414,25.767441402457415,1185
14128006,PUBLIC-RELATIONS,0.328512963581102,74.75,16.67,64.6,0.4162653880193503,41.626538801935034,293
16620172,PUBLIC-RELATIONS,0.19846879482038066,81.76,25.0,64.96,0.412450345283691,41.245034528369104,307
25001005,PUBLIC-RELATIONS,0.2378091111056464,76.15,20.83,66.84,0.40855273282325544,40.85527328232554,317
19497420,PUBLIC-RELATIONS,0.26755897176989146,80.36,20.83,69.3,0.4318725653180967,43.18725653180967,248
37375999,PUBLIC-RELATIONS,0.22961648059304712,79.66,29.17,68.09,0.468790722933752,46.8790722933752,154
11160414,PUBLIC-RELATIONS,0.1651665218004852,68.44,20.83,62.62,0.3577446547858481,35.77446547858481,521
85766635,PUBLIC-RELATIONS,0.16505922947032428,65.03,12.5,56.45,0.27653889316899455,27.653889316899456,1013
16226743,PUBLIC-RELATIONS,0.3787877176053864,76.85,41.67,77.16,0.6645054276320786,66.45054276320786,3
61319162,PUBLIC-RELATIONS,0.29613669388115366,85.97,29.17,72.07,0.5157137200687081,51.57137200687081,73
38056161,PUBLIC-RELATIONS,0.37895875306150356,83.17,16.67,58.97,0.4221611286229222,42.21611286229222,273
65237556,PUBLIC-RELATIONS,0.09857183119825448,52.3,0.0,58.79,0.16133534917276268,16.13353491727627,2058
75329822,PUBLIC-RELATIONS,0.49973412895987007,90.88,37.5,76.52,0.6927599873200522,69.27599873200522,1
11624880,PUBLIC-RELATIONS,0.14980195126685747,60.02,20.83,59.32,0.3387338422275822,33.87338422275822,604
31211074,PUBLIC-RELATIONS,0.05581904414549194,33.37,20.83,60.71,0.29651410167754133,29.651410167754133,852
21669215,PUBLIC-RELATIONS,0.18185455574057907,62.12,12.5,59.81,0.296471056819055,29.6471056819055,853
19558834,PUBLIC-RELATIONS,0.19867173819726705,55.81,20.83,64.65,0.3814660237120111,38.14660237120111,426
53701275,PUBLIC-RELATIONS,0.1383876057729608,37.88,20.83,54.83,0.3176130065901429,31.761300659014292,732
22455205,PUBLIC-RELATIONS,0.054399033807026265,27.76,4.17,53.91,0.15251805990616973,15.251805990616973,2139
20966771,PUBLIC-RELATIONS,0.2619468141324587,74.05,12.5,59.95,0.33699779020311704,33.6997790203117,620
19072267,PUBLIC-RELATIONS,0.17117601768825857,80.36,25.0,64.14,0.395988989330057,39.5988989330057,374
21321598,PUBLIC-RELATIONS,0.1346361639207475,35.57,8.33,52.66,0.21829512017218808,21.829512017218807,1546
11842274,PUBLIC-RELATIONS,0.06800680366465699,67.74,12.5,53.03,0.2162722065277469,21.62722065277469,1563
21549195,PUBLIC-RELATIONS,0.2532499993239891,72.65,8.33,57.43,0.2939769091405442,29.39769091405442,872
36671891,PUBLIC-RELATIONS,0.30947683494820133,74.05,33.33,67.29,0.5359241944965939,53.59241944965939,56
51415089,PUBLIC-RELATIONS,0.22303648741686838,65.93,37.5,69.94,0.5318227697068074,53.18227697068074,61
28531493,PUBLIC-RELATIONS,0.37087598685460593,82.46,33.33,70.2,0.5766134717886222,57.66134717886222,20
16103783,PUBLIC-RELATIONS,0.09535228351847738,34.07,8.33,53.82,0.20263532895835135,20.263532895835134,1700
11635137,PUBLIC-RELATIONS,0.2900608320051473,70.54,8.33,62.06,0.3282765925597364,32.82765925597364,668
13129275,PUBLIC-RELATIONS,0.26523289018560064,79.66,16.67,65.21,0.38671941242698926,38.67194124269893,405
20470943,PUBLIC-RELATIONS,0.13551391671549506,64.23,8.33,50.31,0.21066671198322476,21.066671198322474,1619
23015611,PUBLIC-RELATIONS,0.34095590364299555,89.48,29.17,64.63,0.5125826452379916,51.258264523799156,82
34712719,PUBLIC-RELATIONS,0.12956457328395463,45.99,4.17,51.24,0.18093502119973176,18.093502119973177,1909
14910300,PUBLIC-RELATIONS,0.287261276986719,69.44,25.0,64.5,0.4552674583201729,45.52674583201729,180
21386255,PUBLIC-RELATIONS,0.13075473360873194,52.3,16.67,58.79,0.2974411992260936,29.744119922609357,844
88651471,PUBLIC-RELATIONS,0.0737897846560238,27.15,16.67,48.04,0.23205518887606974,23.205518887606974,1407
22861181,PUBLIC-RELATIONS,0.08931736380190662,43.89,4.17,48.24,0.1505127552846604,15.051275528466041,2161
45462344,PUBLIC-RELATIONS,0.30624555676691234,86.67,33.33,69.58,0.5421698667688055,54.21698667688055,47
24677466,PUBLIC-RELATIONS,0.24448420431672824,89.48,20.83,62.5,0.3969915495970077,39.69915495970077,367
23602130,PUBLIC-RELATIONS,0.13019414723760853,60.02,12.5,61.31,0.2757901831545934,27.57901831545934,1025
13915715,PUBLIC-RELATIONS,0.042265688348127946,25.05,8.33,46.55,0.1511349424614018,15.11349424614018,2157
13727873,PUBLIC-RELATIONS,0.14219754240694527,55.11,16.67,58.26,0.3013431734844519,30.13431734844519,824
93828034,PUBLIC-RELATIONS,0.14914712932037358,48.8,16.67,60.06,0.31099716364559443,31.099716364559445,764
24491862,PUBLIC-RELATIONS,0.24251705909371812,57.92,16.67,56.96,0.34704017865241776,34.704017865241774,569
29329075,PUBLIC-RELATIONS,0.11431648491003313,38.28,16.67,55.83,0.2790607291850174,27.90607291850174,990
33072201,PUBLIC-RELATIONS,0.31275808804032146,95.79,12.5,63.26,0.3737662833190807,37.376628331908066,459
23631724,PUBLIC-RELATIONS,0.3050338215400351,81.76,29.17,71.6,0.5185488269808813,51.85488269808813,71
14611516,PUBLIC-RELATIONS,0.3652356859606412,64.93,12.5,68.99,0.419675525121671,41.9675525121671,284
32441790,PUBLIC-RELATIONS,0.12064439985247143,34.07,8.33,51.94,0.20882755945627868,20.882755945627867,1641
12237267,PUBLIC-RELATIONS,0.11577591218480096,39.68,12.5,58.64,0.25941525718328745,25.941525718328744,1173
42332765,PUBLIC-RELATIONS,0.1950012075406247,77.56,4.17,52.24,0.21708622538608258,21.708622538608257,1559
26127853,PUBLIC-RELATIONS,0.15104842578563005,56.51,12.5,52.05,0.25442878827137794,25.442878827137793,1217
10926726,PUBLIC-RELATIONS,0.1568362133654721,67.03,29.17,61.34,0.4092286016783579,40.922860167835786,315
14966165,PUBLIC-RELATIONS,0.16249417474819552,66.33,16.67,62.84,0.32721411238078935,32.721411238078936,678
22754014,PUBLIC-RELATIONS,0.2406735720640646,76.15,20.83,66.14,0.4075819423618534,40.75819423618534,320
28975482,PUBLIC-RELATIONS,0.12185379219089323,45.99,16.67,58.81,0.29305938625833455,29.305938625833456,879
21663616,PUBLIC-RELATIONS,0.13926728249240017,72.65,25.0,58.24,0.3597805880898347,35.97805880898347,512
10873344,PUBLIC-RELATIONS,0.14926002578537348,57.31,16.67,56.15,0.29763102348125264,29.763102348125265,841
41590605,PUBLIC-RELATIONS,0.29931288508743453,76.85,33.33,62.41,0.5140897307230934,51.40897307230934,77
23048999,PUBLIC-RELATIONS,0.14304548424407654,54.41,20.83,68.43,0.3666292098147156,36.66292098147156,488
74552449,BANKING,0.21392111907624736,42.42,6.67,58.22,0.26507340587601913,26.507340587601913,1123
79041971,BANKING,0.06971572564092801,19.09,6.67,48.96,0.16118217500113324,16.118217500113325,2063
77156708,BANKING,0.24844297756090747,70.3,10.0,60.82,0.31523392354262436,31.523392354262437,747
24580361,BANKING,0.13075497920890797,25.53,6.67,49.11,0.1922167348438256,19.22167348438256,1807
34953092,BANKING,0.166688369258081,32.27,10.0,52.53,0.24589798568026022,24.589798568026023,1283
17189156,BANKING,0.22203725346574943,32.35,10.0,63.95,0.3127759979866348,31.27759979866348,756
19920687,BANKING,0.15880113289211445,75.83,10.0,58.6,0.2627919919394328,26.27919919394328,1145
26579709,BANKING,0.1254364213573547,27.58,10.0,51.07,0.220259996625194,22.0259996625194,1516
29093426,BANKING,0.14231936056055122,47.27,13.33,60.48,0.284979015516155,28.497901551615502,946
33286293,BANKING,0.12799889992433344,49.32,13.33,58.54,0.27115898430549545,27.115898430549546,1069
29552167,BANKING,0.2925985046646169,39.32,6.67,60.78,0.31320028953872436,31.320028953872438,754
69243180,BANKING,0.18723905446820724,62.88,6.67,60.52,0.25962801380543543,25.962801380543542,1169
26987539,BANKING,0.18675593322246062,46.44,10.0,54.65,0.26320948822544354,26.320948822544356,1139
17276884,BANKING,0.18691164574103222,36.59,13.33,59.55,0.3040825731424408,30.408257314244082,807
22615491,BANKING,0.03732904704152651,7.27,6.67,43.22,0.12528406398842182,12.528406398842181,2290
45167858,BANKING,0.1017385928570842,19.62,10.0,54.4,0.21984259627825137,21.984259627825136,1531
13982572,BANKING,0.14827703895100372,33.94,6.67,58.95,0.23475737336574887,23.475737336574888,1382
3547447,BANKING,0.21757926572059233,55.76,6.67,54.29,0.25341123306018953,25.341123306018954,1222
98965485,BANKING,0.23372002439717945,53.26,10.0,56.03,0.2914289179528647,29.14289179528647,893
38897568,BANKING,0.1737354396482989,51.97,10.0,58.5,0.26991585661172346,26.991585661172344,1080
12021752,BANKING,0.16301975360135815,62.35,13.33,58.93,0.2900082370966339,29.000823709663393,905
19149865,BANKING,0.11344435843533915,24.92,10.0,58.81,0.2408345109932285,24.08345109932285,1325
29839396,BANKING,0.06656155931979299,40.83,13.33,55.85,0.23120584781716277,23.12058478171628,1413
15856762,BANKING,0.2998662645849485,89.39,20.0,58.32,0.4043575898703686,40.435758987036856,336
18208580,BANKING,0.36221567067169047,77.73,16.67,59.85,0.4168105280390696,41.68105280390696,291
17396388,BANKING,0.22537069489715741,44.85,20.0,69.93,0.40696562377003637,40.69656237700364,324
28419927,BANKING,0.18001699502218682,60.23,23.33,65.17,0.39192231350983,39.192231350983,388
87867370,BANKING,0.48099832110758617,90.98,10.0,51.27,0.39872752391191296,39.8727523911913,357
27120528,BANKING,0.0873863787404947,35.53,10.0,58.09,0.22533384246403487,22.533384246403486,1465
70667011,BANKING,0.3079934084093768,77.73,13.33,62.76,0.37564302193284377,37.56430219328438,454
36302399,BANKING,0.22322358741957388,58.03,13.33,62.78,0.33332676917910264,33.33267691791026,642
89049979,BANKING,0.15262130187145495,26.14,13.33,51.33,0.25871906959076235,25.871906959076235,1178
43375498,BANKING,0.10901713033174244,36.14,16.67,64.21,0.3051786454420444,30.517864544204443,796
30713796,BANKING,0.11858846180861013,26.52,3.33,55.99,0.18570566278893041,18.57056627889304,1868
18805506,BANKING,0.22108036052956978,60.15,13.33,65.05,0.3400478093557965,34.004780935579646,598
39247950,BANKING,0.07422922359727278,0.0,6.67,47.63,0.15887318419214463,15.887318419214463,2086
30127072,BANKING,0.3984910241281354,61.52,13.33,67.42,0.43688908348257666,43.68890834825766,231
11065180,BANKING,0.24256162535564293,51.44,6.67,56.87,0.2747592614873956,27.47592614873956,1033
11637468,BANKING,0.34593661065065806,58.86,6.67,55.35,0.32122876580671916,32.122876580671914,708
54421668,BANKING,0.1628521751815881,80.15,10.0,55.9,0.255548718027527,25.5548718027527,1208
13393401,BANKING,0.24605836246624338,61.74,20.0,62.89,0.39314193266614816,39.314193266614815,384
71422121,BANKING,0.08814355298993366,42.5,10.0,51.65,0.20360463693513264,20.360463693513264,1689
18457785,BANKING,0.10166998227294555,24.32,6.67,51.12,0.1845743393624561,18.45743393624561,1880
21856577,BANKING,0.26340447993483773,49.09,3.33,60.72,0.2743512276364589,27.435122763645893,1040
21645690,BANKING,0.2672866450756416,83.48,3.33,53.57,0.2517471677420479,25.174716774204793,1228
25780596,BANKING,0.18128937399876915,64.7,6.67,61.45,0.25984575853467107,25.984575853467106,1167
34185495,BANKING,0.21292605001839748,85.68,20.0,60.86,0.36960701571445315,36.96070157144531,475
35483925,BANKING,0.15695797500298594,74.55,13.33,61.07,0.2943237261016017,29.43237261016017,869
19374660,BANKING,0.05532051307587337,23.33,6.67,54.3,0.17231618560841022,17.23161856084102,1984
34758680,BANKING,0.29749343408764745,60.98,16.67,59.39,0.3828702817003608,38.28702817003608,419
21297521,BANKING,0.11628565292202928,71.89,10.0,50.04,0.21214873873777507,21.214873873777506,1604
23323001,BANKING,0.12581103007683336,45.3,10.0,53.17,0.22765636380676652,22.76563638067665,1447
25080805,BANKING,0.047840206612043704,29.7,6.67,51.61,0.15934156619043294,15.934156619043293,2080
27606527,BANKING,0.08516195099512261,30.83,13.33,52.23,0.2280789925048104,22.80789925048104,1443
33872500,BANKING,0.18302470896838538,52.5,10.0,56.48,0.2676260594145748,26.76260594145748,1095
18172739,BANKING,0.2808153302619917,49.32,16.67,60.54,0.3784790499042511,37.84790499042511,440
32980197,BANKING,0.2497716960818917,62.12,10.0,57.0,0.30278465424149614,30.278465424149616,815
11672279,BANKING,0.24491971804693005,76.14,10.0,58.96,0.3070871238577263,30.70871238577263,787
33135102,BANKING,0.15929746106802362,36.29,10.0,62.37,0.2759821402361069,27.59821402361069,1021
20850529,BANKING,0.1925935589039547,49.85,16.67,59.84,0.33196514328462157,33.19651432846216,649
34783330,BANKING,0.19146104594187663,74.55,10.0,57.32,0.2747278530300537,27.47278530300537,1034
33370664,BANKING,0.21803681821380694,32.88,13.33,57.44,0.3124017676864148,31.240176768641483,758
17823436,BANKING,0.14506024779972998,23.86,6.67,49.72,0.2014634302446262,20.14634302446262,1711
15553584,BANKING,0.20321525590256032,34.02,3.33,62.83,0.2515000073127335,25.150000731273348,1231
39569771,BANKING,0.2375817793601396,36.06,16.67,63.29,0.36630271386286845,36.63027138628684,489
11842348,BANKING,0.29625817768339857,44.32,6.67,55.42,0.29662985141715054,29.662985141715055,850
36905896,BANKING,0.10719729294305619,29.17,10.0,58.45,0.2364751389062013,23.647513890620132,1365
13173522,BANKING,0.2747796973296806,62.8,13.33,61.37,0.35426445338235374,35.426445338235375,540
25624652,BANKING,0.108869333492272,33.11,10.0,62.05,0.24966955258966606,24.966955258966607,1244
11262933,BANKING,0.1441098357942337,61.82,16.67,61.19,0.31235767925808233,31.235767925808233,759
10909673,BANKING,0.22516177444621802,60.68,20.0,66.9,0.3964595157587788,39.64595157587788,370
98348532,BANKING,0.08612562858261646,11.14,10.0,53.87,0.2102166840002691,21.02166840002691,1624
19176318,BANKING,0.20237472055559244,63.41,16.67,54.64,0.3190047114087583,31.90047114087583,724
17818707,BANKING,0.1963531362025784,56.97,16.67,61.23,0.33861664494457533,33.861664494457536,606
17213671,BANKING,0.09819793335087548,45.61,10.0,57.87,0.22998438461646176,22.998438461646174,1422
31025785,BANKING,0.08542109343030035,65.45,13.33,56.84,0.2440341730598521,24.403417305985208,1301
60489316,BANKING,0.21665990763392187,44.85,13.33,54.9,0.3029937792691122,30.29937792691122,814
60182829,BANKING,0.12264767978624774,65.0,10.0,61.5,0.25467063785474525,25.467063785474526,1213
21796843,BANKING,0.17458940034163525,39.55,6.67,55.45,0.23589844935800935,23.589844935800937,1372
65864767,BANKING,0.1985346594353383,83.56,13.33,62.81,0.32108529179872536,32.108529179872534,710
11773925,BANKING,0.21683095990080622,33.94,16.67,62.13,0.35194515514590347,35.19451551459035,548
26673507,BANKING,0.34932155668697623,75.61,13.33,60.93,0.39002491275547463,39.00249127554746,396
72876163,BANKING,0.11989824470908929,41.89,13.33,57.14,0.2623026148166513,26.230261481665128,1148
18824120,BANKING,0.27664075929188114,60.68,6.67,55.56,0.287301746409514,28.7301746409514,925
27884470,BANKING,0.24722489679576198,47.2,6.67,63.58,0.30012556936674106,30.012556936674105,833
64589506,BANKING,0.16581493355068147,64.47,10.0,63.11,0.2817812129003675,28.17812129003675,969
29406313,BANKING,0.22807539998709905,78.79,23.33,63.33,0.40963500380553697,40.9635003805537,314
16300459,BANKING,0.1621119079658444,62.35,13.33,58.06,0.28656770253840336,28.656770253840335,932
20992320,BANKING,0.13642786564875045,55.38,13.33,60.51,0.2821362546719951,28.21362546719951,963
73157997,BANKING,0.17789148001218158,47.2,6.67,54.5,0.23428824648816748,23.42882464881675,1388
28895997,BANKING,0.15501746239117434,59.39,13.33,64.95,0.30667307158079715,30.667307158079716,791
28051330,BANKING,0.10774486281381383,39.47,6.67,52.47,0.19224617716121156,19.224617716121156,1805
25162378,BANKING,0.25967922349665157,55.23,13.33,60.24,0.3428350540902814,34.283505409028145,589
99124477,BANKING,0.10004491754717926,24.02,6.67,54.43,0.19512466316160523,19.512466316160523,1768
17131084,BANKING,0.14116103598207297,49.55,20.0,58.71,0.32634380152155695,32.63438015215569,682
19437318,BANKING,0.11797556982069445,44.55,10.0,55.93,0.23321340195882062,23.321340195882062,1399
35564026,BANKING,0.10187752782370901,65.23,6.67,56.05,0.20160224533385568,20.160224533385566,1709
16407619,BANKING,0.12276801270098575,28.71,10.0,54.95,0.23224539408211084,23.224539408211083,1405
10329506,BANKING,0.2566582927443074,41.36,6.67,56.54,0.2806747424525826,28.06747424525826,978
19911786,BANKING,0.11234805247751674,33.41,16.67,61.41,0.29723202275248733,29.723202275248735,847
96493528,BANKING,0.35902887174032616,82.95,13.33,60.45,0.393230784494302,39.3230784494302,383
35492909,BANKING,0.13473468839512298,20.68,6.67,53.66,0.2098262255509049,20.98262255509049,1629
25200253,BANKING,0.07522255848721383,45.61,10.0,53.44,0.20328900751762102,20.328900751762102,1693
68781345,BANKING,0.1561835704517283,27.65,13.33,57.53,0.2817841036405969,28.17841036405969,968
14391434,BANKING,0.09630507056809598,35.0,13.33,55.91,0.2462835766647952,24.62835766647952,1278
14626780,BANKING,0.24062115917605797,68.48,10.0,54.51,0.28966149701412,28.966149701411997,909
28989677,BANKING,0.2139606219551009,72.2,10.0,55.29,0.27900888030889376,27.900888030889377,992
41651672,BANKING,0.2550563124245604,76.89,16.67,61.24,0.3680025619261465,36.80025619261465,482
18645964,BANKING,0.18148202525874996,56.97,6.67,55.64,0.2399970103575897,23.999701035758967,1333
18278509,BANKING,0.1667289561661964,36.59,6.67,56.38,0.23516081223424462,23.51608122342446,1378
18369400,BANKING,0.05196846663794596,30.76,6.67,54.14,0.170090900460164,17.0090900460164,2005
11266906,BANKING,0.2830826251173081,71.29,40.0,77.82,0.6068955486893826,60.68955486893826,8
31710562,BANKING,0.09644902307612171,62.35,10.0,56.95,0.22595167338571037,22.595167338571038,1461
39142536,BANKING,0.21580074724808768,60.23,13.33,61.19,0.32415705867111444,32.41570586711144,690
21756639,BANKING,0.16498346803728312,72.88,13.33,59.91,0.2943543236314519,29.435432363145193,867
31273413,ARTS,0.1432494445561194,54.4,10.34,53.44,0.23975025472773975,23.975025472773975,1336
12386670,ARTS,0.1595989188450189,31.6,13.79,58.72,0.29088864849747614,29.088864849747615,896
93576192,ARTS,0.057773275187923745,19.71,10.34,52.39,0.19340763863272534,19.340763863272535,1792
15306049,ARTS,0.05324037436798024,23.05,6.9,51.19,0.1622557050346321,16.22557050346321,2050
31114531,ARTS,0.16741664251296648,62.95,13.79,54.32,0.27969280727618046,27.969280727618045,984
21060367,ARTS,0.12188783752832033,37.95,13.79,57.35,0.26733005256964526,26.733005256964525,1098
17325147,ARTS,0.061960894680567286,13.44,10.34,54.38,0.20233289362449855,20.233289362449856,1702
23752500,ARTS,0.08077587255813991,13.44,6.9,53.32,0.1833355035632856,18.33355035632856,1891
20149476,ARTS,0.19454389309319003,44.14,3.45,57.14,0.2284951294334677,22.84951294334677,1436
54100393,ARTS,0.07462303332017661,33.39,10.34,55.84,0.21367597804900626,21.367597804900626,1591
11187796,ARTS,0.09119924465545534,17.1,3.45,41.9,0.12450560645043965,12.450560645043964,2296
39470264,ARTS,0.15022884656698632,53.83,13.79,56.32,0.277964683419222,27.7964683419222,1001
12413512,ARTS,0.09089220603176351,19.95,6.9,52.69,0.18623095145354746,18.623095145354746,1860
14879257,ARTS,0.07406621681927245,35.67,6.9,51.08,0.17229100868389646,17.229100868389647,1985
46055835,ARTS,0.08144982559967863,19.95,3.45,51.67,0.1531702034793656,15.31702034793656,2132
33344933,ARTS,0.06382993637557229,21.34,6.9,54.66,0.1794626041297429,17.94626041297429,1924
24983760,ARTS,0.07557215702777374,36.24,10.34,54.84,0.21071765284478905,21.071765284478904,1618
29148871,ARTS,0.07088232065424231,44.22,13.79,59.36,0.24872739711921796,24.872739711921795,1255
28325193,ARTS,0.09339750535142152,40.47,17.24,60.47,0.28863350706116836,28.863350706116837,913
15265464,ARTS,0.05310859830365907,21.42,10.34,52.9,0.19282607259018103,19.282607259018103,1798
24349611,ARTS,0.09751726471604316,26.79,10.34,52.39,0.21327963339678505,21.327963339678504,1593
19508520,ARTS,0.07504555532270442,35.67,10.34,54.55,0.20945881474542977,20.945881474542976,1632
22800977,ARTS,0.1466350474706822,45.28,6.9,53.84,0.21805019228972494,21.805019228972494,1548
36758947,ARTS,0.12898221159890336,44.22,17.24,57.33,0.2956465948227397,29.56465948227397,858
11555549,ARTS,0.25245383468982846,52.12,3.45,51.11,0.23674979127195167,23.67497912719517,1364
32318506,ARTS,0.01627969657670018,10.34,3.45,48.09,0.10829540330017985,10.829540330017986,2342
73497035,ARTS,0.10680884546947998,28.26,6.9,55.99,0.2055177984638578,20.551779846385777,1667
12777487,ARTS,0.07371271167497362,19.71,6.9,55.01,0.18560550224974914,18.560550224974914,1871
36379931,ARTS,0.16246311223570634,72.64,3.45,49.28,0.18547224672872173,18.547224672872172,1872
26069113,ARTS,0.03789146832914871,0.0,6.9,47.85,0.14311540924144361,14.311540924144362,2198
41950126,ARTS,0.07690498544737666,36.24,6.9,51.84,0.1763193871620406,17.63193871620406,1946
20488267,ARTS,0.062011798473863795,12.3,6.9,47.36,0.15349345965537342,15.349345965537342,2129
22593054,ARTS,0.08331514188413691,42.51,13.79,53.94,0.23633755987971966,23.633755987971966,1367
25561640,ARTS,0.0807393872480602,22.23,6.9,54.09,0.1859605839429179,18.596058394291788,1863
43622023,ARTS,0.08337703808145522,40.23,3.45,53.45,0.160244348683522,16.0244348683522,2075
18319061,ARTS,0.07722826878092097,21.42,17.24,59.64,0.277699592517765,27.7699592517765,1002
25923361,ARTS,0.056820230556626786,22.23,10.34,50.74,0.1872668526713508,18.72668526713508,1848
18106533,ARTS,0.10902791146129143,43.08,10.34,56.78,0.2341053309540985,23.41053309540985,1391
50432401,ARTS,0.1385680263876326,29.72,10.34,56.48,0.24784552229986434,24.784552229986435,1263
19724031,ARTS,0.03878004182063161,54.72,6.9,44.98,0.1337073101306797,13.37073101306797,2245
28471099,ARTS,0.12415616432312637,32.74,10.34,60.71,0.255160703523018,25.5160703523018,1211
22848179,ARTS,0.24164212041535413,70.36,17.24,53.15,0.3376270813284591,33.76270813284591,613
37220856,ARTS,0.10111058363546666,37.3,6.9,52.84,0.1918550733141014,19.18550733141014,1812
78107631,ARTS,0.10778050602876618,48.7,6.9,52.14,0.19278701357014008,19.278701357014008,1800
21867728,ARTS,0.1847818644209207,49.59,6.9,51.23,0.228163765543423,22.8163765543423,1440
37472265,ARTS,0.0696275335496769,34.2,10.34,57.94,0.21838729098558957,21.838729098558957,1545
17033567,ARTS,0.04204100867198733,16.04,6.9,48.22,0.14646034762432875,14.646034762432874,2179
19671909,ARTS,0.07928639734827633,18.24,13.79,57.11,0.24520543958569943,24.52054395856994,1292
11995013,ARTS,0.0841363329024755,26.55,3.45,52.08,0.15592094082455052,15.592094082455052,2112
28629430,ARTS,0.1960313069485032,53.26,3.45,49.39,0.20263396166150188,20.263396166150187,1701
53227466,ARTS,0.09436113156122276,32.25,6.9,50.3,0.1797608141496193,17.976081414961932,1923
26079779,ARTS,0.08093810679399847,37.95,3.45,52.63,0.1562099156522207,15.62099156522207,2110
83338413,ARTS,0.0689610889179629,20.6,3.45,46.51,0.12921213791914626,12.921213791914626,2272
18029935,ARTS,0.1315841909772618,44.22,20.69,62.47,0.3394306369490834,33.94306369490834,599
16962067,ARTS,0.062039316358616474,22.23,17.24,58.66,0.26674088698975723,26.674088698975723,1104
14150896,ARTS,0.09844881724662505,25.41,6.9,53.96,0.19436902362465827,19.436902362465826,1780
27936502,ARTS,0.11412365889571749,44.22,17.24,59.14,0.2944308440461554,29.44308440461554,866
65325317,ARTS,0.08985202324380383,55.29,10.34,50.99,0.20464097077944327,20.464097077944327,1680
30594821,ARTS,0.04299934673152269,20.28,6.9,42.65,0.12781833574094847,12.781833574094847,2278
27164756,ARTS,0.08613439550541573,29.32,3.45,51.97,0.15654235454963888,15.654235454963889,2107
34146825,ARTS,0.08321556323782392,24.27,17.24,60.52,0.28371418035727036,28.371418035727036,955
99561379,ARTS,0.10390719901554209,45.28,6.9,48.33,0.17777106037248785,17.777106037248785,1936
54180474,ARTS,0.09845651402114941,42.75,10.34,58.75,0.23558241973831862,23.558241973831862,1375
37751611,ARTS,0.07264216015551414,23.7,6.9,54.09,0.18191197039664486,18.191197039664488,1902
73030450,ARTS,0.0483962127632742,0.0,3.45,41.84,0.10289811728086817,10.289811728086818,2352
39608848,ARTS,0.1561469623713484,51.63,13.79,63.04,0.3039927423512691,30.39927423512691,808
16244633,ARTS,0.12957041743481434,51.06,13.79,50.76,0.24854861681056817,24.854861681056818,1260
10830646,ARTS,0.05649011097772533,19.71,6.9,52.38,0.16796570893854346,16.796570893854344,2023
27024099,ARTS,0.1244378867834291,53.26,17.24,56.8,0.29155500227425424,29.155500227425424,891
65352424,ARTS,0.08904989929543529,36.24,13.79,58.41,0.2545499437346994,25.45499437346994,1215
28711616,ARTS,0.17698259844758826,29.72,6.9,50.0,0.22004168147539732,22.004168147539733,1523
39064638,ARTS,0.056679728479823666,21.09,10.34,52.48,0.1931698251138967,19.316982511389668,1793
18586076,ARTS,0.0760386960850475,37.3,0.0,47.53,0.11141447334290139,11.141447334290138,2335
13272204,ARTS,0.04750327494972559,15.72,10.34,51.36,0.18473676484387,18.473676484387,1878
11360471,ARTS,0.044459473587149856,21.99,6.9,49.87,0.1533338437276361,15.333384372763609,2131
18885767,ARTS,0.06591663613738562,53.26,6.9,51.45,0.16948638655441892,16.94863865544189,2013
20698469,ARTS,0.03803468266940975,23.7,3.45,51.52,0.13094769895552882,13.094769895552883,2262
27715131,ARTS,0.15834680778760418,49.59,17.24,56.2,0.3064497305415323,30.64497305415323,792
32794700,ARTS,0.062495377773448046,16.21,3.45,51.25,0.14225116700188367,14.225116700188368,2202
23139437,ARTS,0.036227293954064335,8.96,3.45,42.57,0.09931966542861476,9.931966542861476,2361
23917826,ARTS,0.09315596146377009,58.71,20.69,58.88,0.3078924576540608,30.789245765406083,783
20148147,ARTS,0.1066222531967314,24.27,13.79,59.27,0.2662884035552411,26.628840355524108,1109
34304175,ARTS,0.11076934783345131,44.22,10.34,54.55,0.22732071100080323,22.732071100080322,1450
26410763,ARTS,0.0485861447268687,30.54,3.45,49.86,0.13052483746795207,13.052483746795208,2266
21809601,ARTS,0.06948300971401393,22.56,10.34,58.25,0.21937922405574295,21.937922405574295,1534
27096796,ARTS,0.026971982866791065,10.26,10.34,45.38,0.15394245419546831,15.39424541954683,2124
25157655,ARTS,0.11250269541542773,20.28,0.0,48.99,0.13465848811279454,13.465848811279454,2242
25926667,ARTS,0.13452651721961056,29.97,10.34,53.4,0.2352514755771647,23.52514755771647,1377
20356750,ARTS,0.06530364368482225,26.63,3.45,48.09,0.13280737685424088,13.280737685424088,2252
24061629,ARTS,0.059050595041763305,26.06,3.45,48.28,0.13033310107373441,13.033310107373442,2267
17694454,ARTS,0.12292284570572798,41.94,10.34,55.76,0.23755125327714066,23.755125327714065,1357
99033098,ARTS,0.06912621919882467,24.35,6.9,50.06,0.1663194650744965,16.631946507449648,2031
38115035,ARTS,0.05349419418476083,16.94,3.45,47.88,0.12618174582202685,12.618174582202684,2288
17857644,ARTS,0.10773144071718173,29.8,6.9,54.59,0.20117305420648657,20.117305420648655,1717
12334650,ARTS,0.05892594188102634,24.27,3.45,48.41,0.13071704981090798,13.071704981090798,2265
36019469,ARTS,0.1393611496590191,52.2,13.79,57.98,0.27822942748154456,27.822942748154457,997
79432080,ARTS,0.1145732215402918,62.38,13.79,61.56,0.27812519908987743,27.812519908987742,999
94230796,ARTS,0.08068965883296793,37.38,6.9,52.41,0.1801684694779052,18.016846947790523,1918
66226673,ARTS,0.05156445437748286,23.78,6.9,48.7,0.1528698562649241,15.286985626492411,2133
83206166,ARTS,0.13522548796838738,51.06,13.79,59.29,0.2806586786822294,28.065867868222938,979
22182279,ARTS,0.046629871734095114,11.81,0.0,43.76,0.08376807695870565,8.376807695870566,2374
16887936,ARTS,0.15847044575420824,51.14,17.24,60.05,0.3197281646981951,31.97281646981951,718
14248724,ARTS,0.022829921376927898,6.11,3.45,51.43,0.12303635847406645,12.303635847406644,2299
69458502,AVIATION,0.0797329701293527,25.95,9.09,56.43,0.20925706976022823,20.925706976022823,1635
82738323,AVIATION,0.41565129528823774,46.62,12.12,61.15,0.4152337141131165,41.52337141131165,297
16833515,AVIATION,0.08133644412446416,20.75,6.06,54.23,0.18069220037053796,18.069220037053796,1913
11804712,AVIATION,0.40409682000669933,64.56,15.15,61.52,0.43254089954342434,43.25408995434243,245
21287405,AVIATION,0.08443206110753455,34.04,6.06,53.6,0.18007729001552322,18.007729001552324,1919
10176815,AVIATION,0.1409683813218341,33.4,0.0,46.36,0.1398628381034162,13.986283810341622,2213
29221006,AVIATION,0.09306826784325001,21.24,12.12,58.35,0.24433011662817838,24.43301166281784,1300
23761385,AVIATION,0.2082462755700885,41.63,12.12,60.14,0.3080639883254459,30.80639883254459,781
38355831,AVIATION,0.22442997985083046,34.81,9.09,54.28,0.27422486744623314,27.422486744623313,1042
24773845,AVIATION,0.22014403213599074,47.82,12.12,62.72,0.3228697152180777,32.28697152180777,695
17876954,AVIATION,0.16111530169055804,51.27,18.18,62.18,0.33513010070325533,33.513010070325535,628
36252245,AVIATION,0.1739725621922582,43.39,12.12,58.64,0.28577780104950706,28.577780104950705,937
32720816,AVIATION,0.12356352612066163,38.47,15.15,54.11,0.2668365595005085,26.68365595005085,1102
36727173,AVIATION,0.11348560240854201,30.8,12.12,52.9,0.23582954944463833,23.582954944463832,1373
91431878,AVIATION,0.2771983352342408,35.23,9.09,60.89,0.3233004285914227,32.330042859142274,691
42546558,AVIATION,0.1142982309946792,24.19,12.12,53.36,0.23781499178439422,23.78149917843942,1354
87826037,AVIATION,0.05739845513795425,12.94,12.12,53.29,0.20912480176197062,20.91248017619706,1637
17483843,AVIATION,0.18301327766532155,38.96,6.06,56.92,0.24076508332702917,24.076508332702918,1326
22232367,AVIATION,0.28279021922249453,60.13,9.09,58.32,0.317273850846449,31.7273850846449,735
70198580,AVIATION,0.16738504396377357,32.07,12.12,60.86,0.2901050512040598,29.010505120405984,904
67631413,AVIATION,0.08452610821338338,17.79,9.09,55.35,0.20794612077958652,20.794612077958654,1648
26819872,AVIATION,0.17067857152940827,37.48,18.18,63.16,0.34327596493953594,34.32759649395359,588
13234267,AVIATION,0.21813747061042305,59.14,21.21,60.93,0.38116433120027937,38.116433120027935,429
26888302,AVIATION,0.1241820082251074,43.11,6.06,51.46,0.19260588527015587,19.26058852701559,1803
13195436,AVIATION,0.3273683815153057,67.02,15.15,63.18,0.39987527281403373,39.98752728140337,348
81588968,AVIATION,0.1376803207822296,40.44,12.12,59.32,0.26996604354394355,26.996604354394353,1079
18268860,AVIATION,0.26994831460565555,50.49,9.09,54.34,0.29719000804712664,29.719000804712664,848
14790629,AVIATION,0.11327793287803643,19.27,6.06,55.0,0.19930626778199628,19.930626778199628,1732
12144825,AVIATION,0.035498968211411595,17.79,9.09,48.52,0.1599859321723528,15.99859321723528,2077
90318913,AVIATION,0.1390106999651725,12.1,9.09,49.79,0.21610156461291324,21.610156461291325,1564
26279402,AVIATION,0.12063766159873279,49.3,9.09,56.91,0.23135720128276582,23.13572012827658,1411
94137171,AVIATION,0.09106658570869663,38.47,15.15,61.12,0.27465262757121667,27.465262757121668,1036
27902692,AVIATION,0.04105452208513559,18.5,0.0,53.93,0.11589286351424649,11.589286351424649,2327
28186635,AVIATION,0.223687435332595,71.94,15.15,63.56,0.3493392968047244,34.933929680472446,557
42641525,AVIATION,0.08553116546927901,32.56,9.09,60.04,0.22454888970962839,22.454888970962838,1477
34419403,AVIATION,0.08382212877768859,13.01,3.03,45.67,0.13073527462092377,13.073527462092377,2264
43720116,AVIATION,0.054731335892515186,6.75,3.03,41.31,0.10122249060538824,10.122249060538824,2357
15618327,AVIATION,0.19164684904887933,54.43,6.06,54.17,0.2356414296092646,23.56414296092646,1374
14589288,AVIATION,0.2618175641459178,43.11,9.09,57.9,0.30534571074379396,30.534571074379397,795
43408471,AVIATION,0.21054774822521835,53.23,12.12,61.02,0.31223566526406477,31.223566526406476,760
38154903,AVIATION,0.17689789268616538,39.17,9.09,61.79,0.2762398056695992,27.623980566959922,1017
29167286,AVIATION,0.37832448959582266,61.6,12.12,64.71,0.40879138919344515,40.87913891934451,316
11169163,AVIATION,0.2526570558543543,73.42,12.12,61.98,0.33658589065432787,33.658589065432786,624
28383893,AVIATION,0.11336860125458391,54.22,12.12,57.34,0.2510130674052494,25.101306740524944,1234
20026169,AVIATION,0.19497728011213192,37.97,12.12,56.29,0.28821287542310686,28.821287542310685,917
38047274,AVIATION,0.33393079623297334,57.17,15.15,58.17,0.3859577160122085,38.595771601220854,408
16449694,AVIATION,0.19497678814400862,78.83,3.03,58.65,0.23087147831712876,23.087147831712876,1418
11137306,AVIATION,0.15918057739196662,60.83,6.06,52.64,0.2141559765820441,21.415597658204412,1587
19818707,AVIATION,0.11079559446178013,36.99,9.09,54.04,0.21658378185778415,21.658378185778414,1561
17274759,AVIATION,0.14717977104547084,30.31,9.09,54.96,0.23793412624300408,23.79341262430041,1353
19506295,AVIATION,0.07936104582609786,41.91,12.12,53.33,0.22024341258836305,22.024341258836305,1517
50775901,AVIATION,0.1006524678943115,29.11,9.09,55.85,0.21772574414905846,21.772574414905847,1552
22990761,AVIATION,0.07458969414493996,29.61,9.09,52.67,0.19377777642988248,19.37777764298825,1787
10945968,AVIATION,0.09000692533604479,16.81,6.06,47.27,0.16113454705253838,16.113454705253837,2064
12192507,AVIATION,0.13025760156412447,5.06,6.06,49.87,0.19018539151741926,19.018539151741926,1834
24154692,AVIATION,0.12413240460948832,52.25,21.21,61.84,0.3372857254226064,33.728572542260636,616
23985183,AVIATION,0.18557533641686694,40.65,9.09,59.18,0.2716186923135288,27.16186923135288,1065
29161565,AVIATION,0.1000381060941391,21.73,9.09,51.56,0.2026914777700845,20.26914777700845,1698
11333001,AVIATION,0.21770072317876782,56.19,12.12,60.75,0.31488527323517523,31.488527323517523,750
25718772,AVIATION,0.09269702363756722,30.59,9.09,49.2,0.1909193230848813,19.09193230848813,1824
65219288,AVIATION,0.15694314469529752,61.6,18.18,60.6,0.3276200606539602,32.76200606539602,675
27502951,AVIATION,0.26326807459295354,60.62,12.12,61.71,0.3409645205179632,34.09645205179632,594
15823995,AVIATION,0.17512515875730184,47.82,9.09,57.12,0.25932185614423364,25.932185614423364,1174
22650051,AVIATION,0.22972329498220798,42.9,0.0,57.58,0.22275728772454031,22.27572877245403,1492
24668861,AVIATION,0.08607783635125324,44.59,12.12,55.69,0.23170342130785804,23.170342130785805,1410
42427521,AVIATION,0.1811835623323671,61.6,15.15,54.87,0.2982555717704532,29.82555717704532,839
96457008,AVIATION,0.02305232131650253,1.48,6.06,42.73,0.11207193779937555,11.207193779937555,2333
38989376,AVIATION,0.14061676940665563,42.9,9.09,56.4,0.2395959827871392,23.95959827871392,1339
13405229,AVIATION,0.1378621487196688,36.01,6.06,53.18,0.2053505212572237,20.53505212572237,1670
17686472,AVIATION,0.13664651959780186,37.2,6.06,51.76,0.1998680070739078,19.98680070739078,1728
54232810,AVIATION,0.1324027187059175,21.73,6.06,52.27,0.1994968790275537,19.949687902755368,1731
25719936,AVIATION,0.12422468968071773,24.89,3.03,53.65,0.17833099379540437,17.83309937954044,1929
68216398,AVIATION,0.1879581091175017,46.55,9.09,54.31,0.2560919186913092,25.60919186913092,1200
17983430,AVIATION,0.11494709092576802,36.01,9.09,51.26,0.20911610406849424,20.911610406849423,1638
92283635,AVIATION,0.2264447358092241,35.23,3.03,42.36,0.19068372197465927,19.068372197465926,1827
11614114,AVIATION,0.12384420812846061,32.07,15.15,58.64,0.28252787887721953,28.252787887721954,960
61315605,AVIATION,0.10345940472147508,38.96,12.12,55.95,0.24128675612805306,24.128675612805306,1320
16850314,AVIATION,0.11825568056371015,42.9,9.09,52.74,0.21585107173332868,21.58510717333287,1568
11959428,AVIATION,0.2815744702746342,16.67,0.0,49.57,0.22118545003604695,22.118545003604694,1505
10395944,AVIATION,0.1314281423785913,8.02,3.03,47.03,0.1592070078202766,15.92070078202766,2082
10189110,AVIATION,0.19267921621376055,41.42,9.09,55.35,0.2620226747797751,26.202267477977507,1151
10567764,AVIATION,0.09015038001174548,35.72,6.06,50.69,0.17294674812880273,17.294674812880274,1979
30148777,AVIATION,0.06726414475325186,17.79,6.06,36.41,0.1124820033110904,11.24820033110904,2330
24544244,AVIATION,0.11040312949229777,33.54,15.15,56.62,0.2688729077019462,26.88729077019462,1085
19284293,AVIATION,0.13345950040872168,61.81,9.09,57.99,0.24147563871041733,24.147563871041733,1317
11752500,AVIATION,0.2707382333172441,47.33,6.06,63.61,0.307593575571116,30.7593575571116,786
31536294,AVIATION,0.14504127069106518,44.37,9.09,60.97,0.25749652728447614,25.749652728447614,1186
22442947,AVIATION,0.1209491571494885,17.79,12.12,54.97,0.2466674030252043,24.66674030252043,1273
27512470,AVIATION,0.11542610365197728,39.45,6.06,52.23,0.19087125601826294,19.087125601826294,1825
14874322,AVIATION,0.026602415161416246,32.42,9.09,53.62,0.1730453796432356,17.30453796432356,1978
23464505,AVIATION,0.037662809710262674,11.53,3.03,45.58,0.10734665525198939,10.734665525198938,2346
12504278,AVIATION,0.08240827418567158,24.19,9.09,47.71,0.18065994664248997,18.065994664248997,1914
58048626,AVIATION,0.14492892420771047,25.18,12.12,56.14,0.26267376441219376,26.267376441219376,1146
15684810,AVIATION,0.09991649011287553,30.1,9.09,56.72,0.2203443669988142,22.03443669988142,1515
17694572,AVIATION,0.05616090559631106,14.91,3.03,51.08,0.13547658201410046,13.547658201410046,2237
22168194,AVIATION,0.06015401742347161,17.51,6.06,47.74,0.1478215500135192,14.78215500135192,2176
29595906,AVIATION,0.08130601202200397,17.79,6.06,48.45,0.1608348971239766,16.08348971239766,2070
77626587,AVIATION,0.11176142817642959,17.79,9.09,45.17,0.18661699051050884,18.661699051050885,1855
98389424,AVIATION,0.15459731771930782,43.88,6.06,57.66,0.22909743977695396,22.909743977695396,1433
38663892,AVIATION,0.12521002323240504,51.27,9.09,59.67,0.24311815037972556,24.311815037972558,1306
17152392,AVIATION,0.1643206021529065,44.09,21.21,58.99,0.34759609607897046,34.75960960789705,566
49646155,AVIATION,0.16772148843174797,47.33,12.12,61.58,0.2927449521198184,29.274495211981836,882
33627938,AVIATION,0.07987247270156002,33.54,9.09,56.72,0.21032235829315643,21.032235829315642,1623
12904972,AVIATION,0.28644493259410814,71.94,12.12,64.25,0.3612724826459006,36.127248264590065,506
12239749,AVIATION,0.11133530395331603,33.05,9.09,51.85,0.20933561394649758,20.933561394649757,1634
16279537,AVIATION,0.32299681598300867,71.94,15.15,63.82,0.39988653776501537,39.988653776501536,347
17008356,AVIATION,0.05761896012411125,24.19,9.09,55.44,0.19480150657017187,19.480150657017187,1771
28020046,AVIATION,0.18038136226621368,54.71,15.15,61.17,0.31948166020287605,31.948166020287605,719
29534737,AVIATION,0.1287116554957685,33.05,12.12,59.45,0.26592798621825503,26.5927986218255,1113
17655479,AVIATION,0.09667340370816348,53.73,9.09,49.17,0.19280452650843893,19.280452650843895,1799
12043694,AVIATION,0.16034563077443065,79.32,15.15,56.81,0.29449640688403567,29.449640688403566,865
99416532,AVIATION,0.05927122803736365,46.84,12.12,57.82,0.22561216658448685,22.561216658448686,1464
24589765,AVIATION,0.09095350658188094,25.18,12.12,54.06,0.22854565051860615,22.854565051860614,1435
31605080,AVIATION,0.11792056643030173,13.01,6.06,51.19,0.18854828486708874,18.854828486708875,1842
21190805,AVIATION,0.06675428276566472,17.79,6.06,53.67,0.17147870293864942,17.14787029386494,1994
37473139,AVIATION,0.11825568056371015,40.15,9.09,54.58,0.22216758392007774,22.216758392007772,1498
